id	source_xpath	source_line	source_value	status	FHIR_targets	rule
amb-map-0001	/cda:ClinicalDocument[1]/cda:realmCode[1]/@code	7	RU	technical		CDA conformance metadata; not a FHIR meta.profile
amb-map-0002	/cda:ClinicalDocument[1]/cda:typeId[1]/@root	9	2.16.840.1.113883.1.3	technical		CDA conformance metadata; not a FHIR meta.profile
amb-map-0003	/cda:ClinicalDocument[1]/cda:typeId[1]/@extension	9	POCD_MT000040	technical		CDA conformance metadata; not a FHIR meta.profile
amb-map-0004	/cda:ClinicalDocument[1]/cda:templateId[1]/@root	11	1.2.643.5.1.13.13.15.13.5	technical		CDA conformance metadata; not a FHIR meta.profile
amb-map-0005	/cda:ClinicalDocument[1]/cda:id[1]/@root	13	1.2.643.5.1.13.13.12.2.77.7831.100.1.1.51	mapped	Bundle#/identifier/system	OID namespace -> URI
amb-map-0006	/cda:ClinicalDocument[1]/cda:id[1]/@extension	13	144632	mapped	Bundle#/identifier/value	copy
amb-map-0007	/cda:ClinicalDocument[1]/cda:code[1]/@code	15	227	mapped	Composition/202d52a8-af92-5ef3-9a7e-d83305a85264#/type/coding/0/code	copy
amb-map-0008	/cda:ClinicalDocument[1]/cda:code[1]/@codeSystem	15	1.2.643.5.1.13.13.11.1520	mapped	Composition/202d52a8-af92-5ef3-9a7e-d83305a85264#/type/coding/0/system	OID -> canonical RuCore URI or urn:oid
amb-map-0009	/cda:ClinicalDocument[1]/cda:code[1]/@codeSystemName	15	Электронные медицинские документы	technical		CDA structural/type/dictionary-label metadata; exact value in trace/source
amb-map-0010	/cda:ClinicalDocument[1]/cda:code[1]/@displayName	15	Протокол консультации (CDA) Редакция 5	mapped	Composition/202d52a8-af92-5ef3-9a7e-d83305a85264#/type/coding/0/display	copy
amb-map-0011	/cda:ClinicalDocument[1]/cda:code[1]/@codeSystemVersion	15	12.34	mapped	Composition/202d52a8-af92-5ef3-9a7e-d83305a85264#/type/coding/0/version	copy
amb-map-0012	/cda:ClinicalDocument[1]/cda:code[1]/cda:translation[1]/@code	17	13	mapped	Composition/202d52a8-af92-5ef3-9a7e-d83305a85264#/type/coding/1/code	copy
amb-map-0013	/cda:ClinicalDocument[1]/cda:code[1]/cda:translation[1]/@codeSystem	17	1.2.643.5.1.13.13.99.2.1079	mapped	Composition/202d52a8-af92-5ef3-9a7e-d83305a85264#/type/coding/1/system	OID -> canonical RuCore URI or urn:oid
amb-map-0014	/cda:ClinicalDocument[1]/cda:code[1]/cda:translation[1]/@codeSystemName	17	Виды структурированных электронных медицинских документов	technical		CDA structural/type/dictionary-label metadata; exact value in trace/source
amb-map-0015	/cda:ClinicalDocument[1]/cda:code[1]/cda:translation[1]/@displayName	17	Протокол консультации	mapped	Composition/202d52a8-af92-5ef3-9a7e-d83305a85264#/type/coding/1/display	copy
amb-map-0016	/cda:ClinicalDocument[1]/cda:code[1]/cda:translation[1]/@codeSystemVersion	17	1.17	mapped	Composition/202d52a8-af92-5ef3-9a7e-d83305a85264#/type/coding/1/version	copy
amb-map-0017	/cda:ClinicalDocument[1]/cda:title[1]/text()	20	Протокол консультации	mapped	Composition/202d52a8-af92-5ef3-9a7e-d83305a85264#/title	copy
amb-map-0018	/cda:ClinicalDocument[1]/cda:effectiveTime[1]/@nullFlavor	22	NA	mapped	Composition/202d52a8-af92-5ef3-9a7e-d83305a85264#/_date/extension	NullFlavor on primitive
amb-map-0019	/cda:ClinicalDocument[1]/cda:confidentialityCode[1]/@code	24	N	mapped	Composition/202d52a8-af92-5ef3-9a7e-d83305a85264#/meta/security/0/code	copy
amb-map-0020	/cda:ClinicalDocument[1]/cda:confidentialityCode[1]/@codeSystem	24	1.2.643.5.1.13.13.99.2.285	mapped	Composition/202d52a8-af92-5ef3-9a7e-d83305a85264#/meta/security/0/system	OID -> canonical RuCore URI or urn:oid
amb-map-0021	/cda:ClinicalDocument[1]/cda:confidentialityCode[1]/@codeSystemName	24	Уровень конфиденциальности медицинского документа	technical		CDA structural/type/dictionary-label metadata; exact value in trace/source
amb-map-0022	/cda:ClinicalDocument[1]/cda:confidentialityCode[1]/@displayName	24	Обычный	mapped	Composition/202d52a8-af92-5ef3-9a7e-d83305a85264#/meta/security/0/display	copy
amb-map-0023	/cda:ClinicalDocument[1]/cda:confidentialityCode[1]/@codeSystemVersion	24	1.2	mapped	Composition/202d52a8-af92-5ef3-9a7e-d83305a85264#/meta/security/0/version	copy
amb-map-0024	/cda:ClinicalDocument[1]/cda:languageCode[1]/@code	26	ru-RU	mapped	Composition/202d52a8-af92-5ef3-9a7e-d83305a85264#/language	copy
amb-map-0025	/cda:ClinicalDocument[1]/cda:setId[1]/@root	28	1.2.643.5.1.13.13.12.2.77.7831.100.1.1.50	mapped	Composition/202d52a8-af92-5ef3-9a7e-d83305a85264#/identifier/0/system	OID namespace -> URI
amb-map-0026	/cda:ClinicalDocument[1]/cda:setId[1]/@extension	28	163725	mapped	Composition/202d52a8-af92-5ef3-9a7e-d83305a85264#/identifier/0/value	copy
amb-map-0027	/cda:ClinicalDocument[1]/cda:versionNumber[1]/@value	30	1	mapped	Composition/202d52a8-af92-5ef3-9a7e-d83305a85264#/version	copy
amb-map-0028	/cda:ClinicalDocument[1]/cda:recordTarget[1]/cda:patientRole[1]/cda:id[1]/@root	36	1.2.643.5.1.13.13.12.2.77.7831.100.1.1.10	mapped	Patient/20e7b661-ffe9-55e1-af83-a6bbec433090#/identifier/0/system	OID namespace -> URI
amb-map-0029	/cda:ClinicalDocument[1]/cda:recordTarget[1]/cda:patientRole[1]/cda:id[1]/@extension	36	735486	mapped	Patient/20e7b661-ffe9-55e1-af83-a6bbec433090#/identifier/0/value	copy
amb-map-0030	/cda:ClinicalDocument[1]/cda:recordTarget[1]/cda:patientRole[1]/cda:id[2]/@root	38	1.2.643.100.3	mapped	Patient/20e7b661-ffe9-55e1-af83-a6bbec433090#/identifier/1/system	OID namespace -> URI
amb-map-0031	/cda:ClinicalDocument[1]/cda:recordTarget[1]/cda:patientRole[1]/cda:id[2]/@extension	38	25463625426	mapped	Patient/20e7b661-ffe9-55e1-af83-a6bbec433090#/identifier/1/value	copy
amb-map-0032	/cda:ClinicalDocument[1]/cda:recordTarget[1]/cda:patientRole[1]/identity:IdentityDoc[1]/identity:IdentityCardType[1]/@code	42	1	mapped	Patient/20e7b661-ffe9-55e1-af83-a6bbec433090#/identifier/2/type/coding/0/code; Patient/20e7b661-ffe9-55e1-af83-a6bbec433090#/identifier/2/type/coding/1/code	retain original NSI coding alongside canonical RuCore coding
amb-map-0033	/cda:ClinicalDocument[1]/cda:recordTarget[1]/cda:patientRole[1]/identity:IdentityDoc[1]/identity:IdentityCardType[1]/@codeSystem	42	1.2.643.5.1.13.13.99.2.48	mapped	Patient/20e7b661-ffe9-55e1-af83-a6bbec433090#/identifier/2/type/coding/0/system; Patient/20e7b661-ffe9-55e1-af83-a6bbec433090#/identifier/2/type/coding/1/system	retain original NSI coding alongside canonical RuCore coding
amb-map-0034	/cda:ClinicalDocument[1]/cda:recordTarget[1]/cda:patientRole[1]/identity:IdentityDoc[1]/identity:IdentityCardType[1]/@codeSystemName	42	Документы, удостоверяющие личность	technical		CDA structural/type/dictionary-label metadata; exact value in trace/source
amb-map-0035	/cda:ClinicalDocument[1]/cda:recordTarget[1]/cda:patientRole[1]/identity:IdentityDoc[1]/identity:IdentityCardType[1]/@displayName	42	Паспорт гражданина Российской Федерации	mapped	Patient/20e7b661-ffe9-55e1-af83-a6bbec433090#/identifier/2/type/coding/0/display; Patient/20e7b661-ffe9-55e1-af83-a6bbec433090#/identifier/2/type/coding/1/display	retain original NSI coding alongside canonical RuCore coding
amb-map-0036	/cda:ClinicalDocument[1]/cda:recordTarget[1]/cda:patientRole[1]/identity:IdentityDoc[1]/identity:IdentityCardType[1]/@codeSystemVersion	42	7.2	mapped	Patient/20e7b661-ffe9-55e1-af83-a6bbec433090#/identifier/2/type/coding/1/version	NSI edition belongs to source OID coding
amb-map-0037	/cda:ClinicalDocument[1]/cda:recordTarget[1]/cda:patientRole[1]/identity:IdentityDoc[1]/identity:Series[1]/text()	44	4509	mapped	Patient/20e7b661-ffe9-55e1-af83-a6bbec433090#/identifier/2/value	series + space + number
amb-map-0038	/cda:ClinicalDocument[1]/cda:recordTarget[1]/cda:patientRole[1]/identity:IdentityDoc[1]/identity:Number[1]/text()	46	395643	mapped	Patient/20e7b661-ffe9-55e1-af83-a6bbec433090#/identifier/2/value	series + space + number
amb-map-0039	/cda:ClinicalDocument[1]/cda:recordTarget[1]/cda:patientRole[1]/identity:IdentityDoc[1]/identity:IssueOrgName[1]/text()	48	"ОВД ""Твардовское"" ОУФМС России по гор. Москве"	mapped	Patient/20e7b661-ffe9-55e1-af83-a6bbec433090#/identifier/2/assigner/display	copy
amb-map-0040	/cda:ClinicalDocument[1]/cda:recordTarget[1]/cda:patientRole[1]/identity:IdentityDoc[1]/identity:IssueOrgCode[1]/text()	50	770-095	mapped	Patient/20e7b661-ffe9-55e1-af83-a6bbec433090#/identifier/2/assigner/identifier/value	copy
amb-map-0041	/cda:ClinicalDocument[1]/cda:recordTarget[1]/cda:patientRole[1]/identity:IdentityDoc[1]/identity:IssueDate[1]/@value	52	20050218	mapped	Patient/20e7b661-ffe9-55e1-af83-a6bbec433090#/identifier/2/period/start	CDA TS -> FHIR temporal value (minute precision padded with :00)
amb-map-0042	/cda:ClinicalDocument[1]/cda:recordTarget[1]/cda:patientRole[1]/identity:InsurancePolicy[1]/identity:InsurancePolicyType[1]/@code	57	1	mapped	Patient/20e7b661-ffe9-55e1-af83-a6bbec433090#/identifier/3/type/coding/2/code	copy
amb-map-0043	/cda:ClinicalDocument[1]/cda:recordTarget[1]/cda:patientRole[1]/identity:InsurancePolicy[1]/identity:InsurancePolicyType[1]/@codeSystem	57	1.2.643.5.1.13.13.11.1035	mapped	Patient/20e7b661-ffe9-55e1-af83-a6bbec433090#/identifier/3/type/coding/2/system	OID -> canonical RuCore URI or urn:oid
amb-map-0044	/cda:ClinicalDocument[1]/cda:recordTarget[1]/cda:patientRole[1]/identity:InsurancePolicy[1]/identity:InsurancePolicyType[1]/@codeSystemName	57	Виды полиса обязательного медицинского страхования	technical		CDA structural/type/dictionary-label metadata; exact value in trace/source
amb-map-0045	/cda:ClinicalDocument[1]/cda:recordTarget[1]/cda:patientRole[1]/identity:InsurancePolicy[1]/identity:InsurancePolicyType[1]/@displayName	57	Полис ОМС старого образца	mapped	Patient/20e7b661-ffe9-55e1-af83-a6bbec433090#/identifier/3/type/coding/2/display	copy
amb-map-0046	/cda:ClinicalDocument[1]/cda:recordTarget[1]/cda:patientRole[1]/identity:InsurancePolicy[1]/identity:InsurancePolicyType[1]/@codeSystemVersion	57	1.3	mapped	Patient/20e7b661-ffe9-55e1-af83-a6bbec433090#/identifier/3/type/coding/2/version	copy
amb-map-0047	/cda:ClinicalDocument[1]/cda:recordTarget[1]/cda:patientRole[1]/identity:InsurancePolicy[1]/identity:Series[1]/text()	59	ЧБ	mapped	Patient/20e7b661-ffe9-55e1-af83-a6bbec433090#/identifier/3/value	series + space + number
amb-map-0048	/cda:ClinicalDocument[1]/cda:recordTarget[1]/cda:patientRole[1]/identity:InsurancePolicy[1]/identity:Number[1]/text()	61	1344600	mapped	Patient/20e7b661-ffe9-55e1-af83-a6bbec433090#/identifier/3/value	series + space + number
amb-map-0049	/cda:ClinicalDocument[1]/cda:recordTarget[1]/cda:patientRole[1]/cda:addr[1]/address:Type[1]/@code	66	1	mapped	Patient/20e7b661-ffe9-55e1-af83-a6bbec433090#/address/0/extension/0/valueCodeableConcept/coding/0/code; Patient/20e7b661-ffe9-55e1-af83-a6bbec433090#/address/0/extension/0/valueCodeableConcept/coding/1/code	retain original NSI coding alongside canonical RuCore coding
amb-map-0050	/cda:ClinicalDocument[1]/cda:recordTarget[1]/cda:patientRole[1]/cda:addr[1]/address:Type[1]/@codeSystem	66	1.2.643.5.1.13.13.11.1504	mapped	Patient/20e7b661-ffe9-55e1-af83-a6bbec433090#/address/0/extension/0/valueCodeableConcept/coding/0/system; Patient/20e7b661-ffe9-55e1-af83-a6bbec433090#/address/0/extension/0/valueCodeableConcept/coding/1/system	retain original NSI coding alongside canonical RuCore coding
amb-map-0051	/cda:ClinicalDocument[1]/cda:recordTarget[1]/cda:patientRole[1]/cda:addr[1]/address:Type[1]/@codeSystemName	66	Тип адреса пациента	technical		CDA structural/type/dictionary-label metadata; exact value in trace/source
amb-map-0052	/cda:ClinicalDocument[1]/cda:recordTarget[1]/cda:patientRole[1]/cda:addr[1]/address:Type[1]/@codeSystemVersion	66	1.4	mapped	Patient/20e7b661-ffe9-55e1-af83-a6bbec433090#/address/0/extension/0/valueCodeableConcept/coding/1/version	NSI edition belongs to source OID coding
amb-map-0053	/cda:ClinicalDocument[1]/cda:recordTarget[1]/cda:patientRole[1]/cda:addr[1]/address:Type[1]/@displayName	66	Адрес по месту жительства (постоянной регистрации)	mapped	Patient/20e7b661-ffe9-55e1-af83-a6bbec433090#/address/0/extension/0/valueCodeableConcept/coding/0/display; Patient/20e7b661-ffe9-55e1-af83-a6bbec433090#/address/0/extension/0/valueCodeableConcept/coding/1/display	retain original NSI coding alongside canonical RuCore coding
amb-map-0054	/cda:ClinicalDocument[1]/cda:recordTarget[1]/cda:patientRole[1]/cda:addr[1]/cda:streetAddressLine[1]/text()	68	г Москва, ул Твардовского, д 5 к 1, кв 42	mapped	Patient/20e7b661-ffe9-55e1-af83-a6bbec433090#/address/0/text	copy
amb-map-0055	/cda:ClinicalDocument[1]/cda:recordTarget[1]/cda:patientRole[1]/cda:addr[1]/address:stateCode[1]/@code	70	77	mapped	Patient/20e7b661-ffe9-55e1-af83-a6bbec433090#/address/0/extension/1/valueCodeableConcept/coding/0/code; Patient/20e7b661-ffe9-55e1-af83-a6bbec433090#/address/0/extension/1/valueCodeableConcept/coding/1/code	retain original NSI coding alongside canonical RuCore coding
amb-map-0056	/cda:ClinicalDocument[1]/cda:recordTarget[1]/cda:patientRole[1]/cda:addr[1]/address:stateCode[1]/@codeSystem	70	1.2.643.5.1.13.13.99.2.206	mapped	Patient/20e7b661-ffe9-55e1-af83-a6bbec433090#/address/0/extension/1/valueCodeableConcept/coding/0/system; Patient/20e7b661-ffe9-55e1-af83-a6bbec433090#/address/0/extension/1/valueCodeableConcept/coding/1/system	retain original NSI coding alongside canonical RuCore coding
amb-map-0057	/cda:ClinicalDocument[1]/cda:recordTarget[1]/cda:patientRole[1]/cda:addr[1]/address:stateCode[1]/@codeSystemName	70	Субъекты Российской Федерации	technical		CDA structural/type/dictionary-label metadata; exact value in trace/source
amb-map-0058	/cda:ClinicalDocument[1]/cda:recordTarget[1]/cda:patientRole[1]/cda:addr[1]/address:stateCode[1]/@displayName	70	г. Москва	mapped	Patient/20e7b661-ffe9-55e1-af83-a6bbec433090#/address/0/extension/1/valueCodeableConcept/coding/0/display; Patient/20e7b661-ffe9-55e1-af83-a6bbec433090#/address/0/extension/1/valueCodeableConcept/coding/1/display	retain original NSI coding alongside canonical RuCore coding
amb-map-0059	/cda:ClinicalDocument[1]/cda:recordTarget[1]/cda:patientRole[1]/cda:addr[1]/address:stateCode[1]/@codeSystemVersion	70	6.5	mapped	Patient/20e7b661-ffe9-55e1-af83-a6bbec433090#/address/0/extension/1/valueCodeableConcept/coding/1/version	NSI edition belongs to source OID coding
amb-map-0060	/cda:ClinicalDocument[1]/cda:recordTarget[1]/cda:patientRole[1]/cda:addr[1]/cda:postalCode[1]/text()	72	123458	mapped	Patient/20e7b661-ffe9-55e1-af83-a6bbec433090#/address/0/postalCode	copy
amb-map-0061	/cda:ClinicalDocument[1]/cda:recordTarget[1]/cda:patientRole[1]/cda:addr[1]/fias:Address[1]/fias:AOGUID[1]/text()	76	45d96a50-7870-4183-872b-451c6573a7c9	mapped	Patient/20e7b661-ffe9-55e1-af83-a6bbec433090#/address/0/extension/2/extension/0/valueIdentifier/value	copy
amb-map-0062	/cda:ClinicalDocument[1]/cda:recordTarget[1]/cda:patientRole[1]/cda:addr[1]/fias:Address[1]/fias:HOUSEGUID[1]/text()	78	f8a876ac-4ea1-4a3e-b255-dd0d0f510802	mapped	Patient/20e7b661-ffe9-55e1-af83-a6bbec433090#/address/0/extension/2/extension/1/valueIdentifier/value	copy
amb-map-0063	/cda:ClinicalDocument[1]/cda:recordTarget[1]/cda:patientRole[1]/cda:telecom[1]/@use	82	WP	mapped	Patient/20e7b661-ffe9-55e1-af83-a6bbec433090#/telecom/0/use	CDA contact use
amb-map-0064	/cda:ClinicalDocument[1]/cda:recordTarget[1]/cda:patientRole[1]/cda:telecom[1]/@value	82	tel:+74951953745	mapped	Patient/20e7b661-ffe9-55e1-af83-a6bbec433090#/telecom/0/value; Patient/20e7b661-ffe9-55e1-af83-a6bbec433090#/telecom/0/system	URI scheme -> ContactPoint.system
amb-map-0065	/cda:ClinicalDocument[1]/cda:recordTarget[1]/cda:patientRole[1]/cda:patient[1]/cda:name[1]/cda:family[1]/text()	88	Сельченков	mapped	Patient/20e7b661-ffe9-55e1-af83-a6bbec433090#/name/0/family	copy
amb-map-0066	/cda:ClinicalDocument[1]/cda:recordTarget[1]/cda:patientRole[1]/cda:patient[1]/cda:name[1]/cda:given[1]/text()	90	Михаил	mapped	Patient/20e7b661-ffe9-55e1-af83-a6bbec433090#/name/0/given/0	copy
amb-map-0067	/cda:ClinicalDocument[1]/cda:recordTarget[1]/cda:patientRole[1]/cda:patient[1]/cda:name[1]/identity:Patronymic[1]/text()	92	Владимирович	mapped	Patient/20e7b661-ffe9-55e1-af83-a6bbec433090#/name/0/given/1	copy
amb-map-0068	/cda:ClinicalDocument[1]/cda:recordTarget[1]/cda:patientRole[1]/cda:patient[1]/cda:administrativeGenderCode[1]/@code	95	1	mapped	Patient/20e7b661-ffe9-55e1-af83-a6bbec433090#/gender	NSI sex -> FHIR administrative gender
amb-map-0069	/cda:ClinicalDocument[1]/cda:recordTarget[1]/cda:patientRole[1]/cda:patient[1]/cda:administrativeGenderCode[1]/@codeSystem	95	1.2.643.5.1.13.13.11.1040	report-only		GAP: no structured rule; source retained
amb-map-0070	/cda:ClinicalDocument[1]/cda:recordTarget[1]/cda:patientRole[1]/cda:patient[1]/cda:administrativeGenderCode[1]/@codeSystemName	95	Пол пациента	technical		CDA structural/type/dictionary-label metadata; exact value in trace/source
amb-map-0071	/cda:ClinicalDocument[1]/cda:recordTarget[1]/cda:patientRole[1]/cda:patient[1]/cda:administrativeGenderCode[1]/@displayName	95	Мужской	report-only		GAP: no structured rule; source retained
amb-map-0072	/cda:ClinicalDocument[1]/cda:recordTarget[1]/cda:patientRole[1]/cda:patient[1]/cda:administrativeGenderCode[1]/@codeSystemVersion	95	2.1	report-only		GAP: no structured rule; source retained
amb-map-0073	/cda:ClinicalDocument[1]/cda:recordTarget[1]/cda:patientRole[1]/cda:patient[1]/cda:birthTime[1]/@value	97	19580217	mapped	Patient/20e7b661-ffe9-55e1-af83-a6bbec433090#/birthDate	CDA TS -> FHIR temporal value (minute precision padded with :00)
amb-map-0074	/cda:ClinicalDocument[1]/cda:recordTarget[1]/cda:patientRole[1]/cda:providerOrganization[1]/cda:id[1]/@root	103	1.2.643.5.1.13.13.12.2.77.7831	mapped	Organization/44de7ca7-d79c-5b5f-88d7-eddd0d8ea9cf#/identifier/0/value	FRMO organization OID
amb-map-0075	/cda:ClinicalDocument[1]/cda:recordTarget[1]/cda:patientRole[1]/cda:providerOrganization[1]/cda:id[1]/@extension	103	1.2.643.5.1.13.13.12.2.77.7831.0.107531	mapped	Organization/9b9377e9-7935-5d94-98a7-31b63e748ea4#/identifier/0/value	FRMO department OID
amb-map-0076	/cda:ClinicalDocument[1]/cda:recordTarget[1]/cda:patientRole[1]/cda:providerOrganization[1]/cda:id[2]/@root	105	1.2.643.5.1.13.2.1.1.1504.101	mapped	Organization/44de7ca7-d79c-5b5f-88d7-eddd0d8ea9cf#/qualification/0/identifier/0/system	OID namespace -> URI
amb-map-0077	/cda:ClinicalDocument[1]/cda:recordTarget[1]/cda:patientRole[1]/cda:providerOrganization[1]/cda:id[2]/@extension	105	ЛО-77-01-019710	mapped	Organization/44de7ca7-d79c-5b5f-88d7-eddd0d8ea9cf#/qualification/0/identifier/0/value	copy
amb-map-0078	/cda:ClinicalDocument[1]/cda:recordTarget[1]/cda:patientRole[1]/cda:providerOrganization[1]/cda:id[2]/@assigningAuthorityName	105	Департамент здравоохранения г. Москвы. Дата регистрации: 26.01.2023г.	mapped	Organization/44de7ca7-d79c-5b5f-88d7-eddd0d8ea9cf#/qualification/0/identifier/0/assigner/display	copy
amb-map-0079	/cda:ClinicalDocument[1]/cda:recordTarget[1]/cda:patientRole[1]/cda:providerOrganization[1]/identity:Props[1]/identity:Ogrn[1]/text()	109	1027739578404	mapped	Organization/44de7ca7-d79c-5b5f-88d7-eddd0d8ea9cf#/identifier/1/value	copy
amb-map-0080	/cda:ClinicalDocument[1]/cda:recordTarget[1]/cda:patientRole[1]/cda:providerOrganization[1]/identity:Props[1]/identity:Okpo[1]/text()	112	5009247	mapped	Organization/44de7ca7-d79c-5b5f-88d7-eddd0d8ea9cf#/identifier/2/value	copy
amb-map-0081	/cda:ClinicalDocument[1]/cda:recordTarget[1]/cda:patientRole[1]/cda:providerOrganization[1]/identity:Props[1]/identity:Okato[1]/text()	114	45263594000	mapped	Organization/44de7ca7-d79c-5b5f-88d7-eddd0d8ea9cf#/extension/0/valueCodeableConcept/coding/0/code	copy
amb-map-0082	/cda:ClinicalDocument[1]/cda:recordTarget[1]/cda:patientRole[1]/cda:providerOrganization[1]/cda:name[1]/text()	117	"ГОСУДАРСТВЕННОЕ БЮДЖЕТНОЕ УЧРЕЖДЕНИЕ ЗДРАВООХРАНЕНИЯ ГОРОДА МОСКВЫ ""ГОРОДСКАЯ ПОЛИКЛИНИКА № 64 ДЕПАРТАМЕНТА ЗДРАВООХРАНЕНИЯ ГОРОДА МОСКВЫ"""	mapped	Organization/44de7ca7-d79c-5b5f-88d7-eddd0d8ea9cf#/name	copy
amb-map-0083	/cda:ClinicalDocument[1]/cda:recordTarget[1]/cda:patientRole[1]/cda:providerOrganization[1]/cda:telecom[1]/@use	119	WP	mapped	Organization/44de7ca7-d79c-5b5f-88d7-eddd0d8ea9cf#/contact/0/telecom/0/use	CDA contact use
amb-map-0084	/cda:ClinicalDocument[1]/cda:recordTarget[1]/cda:patientRole[1]/cda:providerOrganization[1]/cda:telecom[1]/@value	119	tel:+74953754826	mapped	Organization/44de7ca7-d79c-5b5f-88d7-eddd0d8ea9cf#/contact/0/telecom/0/value; Organization/44de7ca7-d79c-5b5f-88d7-eddd0d8ea9cf#/contact/0/telecom/0/system	URI scheme -> ContactPoint.system
amb-map-0085	/cda:ClinicalDocument[1]/cda:recordTarget[1]/cda:patientRole[1]/cda:providerOrganization[1]/cda:telecom[2]/@value	121	mailto:gp129@zdrav.mos.ru	mapped	Organization/44de7ca7-d79c-5b5f-88d7-eddd0d8ea9cf#/contact/0/telecom/1/value; Organization/44de7ca7-d79c-5b5f-88d7-eddd0d8ea9cf#/contact/0/telecom/1/system	URI scheme -> ContactPoint.system
amb-map-0086	/cda:ClinicalDocument[1]/cda:recordTarget[1]/cda:patientRole[1]/cda:providerOrganization[1]/cda:addr[1]/cda:streetAddressLine[1]/text()	125	г Москва, ул Ладожская, д 4-6 стр 1	mapped	Organization/44de7ca7-d79c-5b5f-88d7-eddd0d8ea9cf#/contact/0/address/text	copy
amb-map-0087	/cda:ClinicalDocument[1]/cda:recordTarget[1]/cda:patientRole[1]/cda:providerOrganization[1]/cda:addr[1]/address:stateCode[1]/@code	127	77	mapped	Organization/44de7ca7-d79c-5b5f-88d7-eddd0d8ea9cf#/contact/0/address/extension/0/valueCodeableConcept/coding/0/code; Organization/44de7ca7-d79c-5b5f-88d7-eddd0d8ea9cf#/contact/0/address/extension/0/valueCodeableConcept/coding/1/code	retain original NSI coding alongside canonical RuCore coding
amb-map-0088	/cda:ClinicalDocument[1]/cda:recordTarget[1]/cda:patientRole[1]/cda:providerOrganization[1]/cda:addr[1]/address:stateCode[1]/@codeSystem	127	1.2.643.5.1.13.13.99.2.206	mapped	Organization/44de7ca7-d79c-5b5f-88d7-eddd0d8ea9cf#/contact/0/address/extension/0/valueCodeableConcept/coding/0/system; Organization/44de7ca7-d79c-5b5f-88d7-eddd0d8ea9cf#/contact/0/address/extension/0/valueCodeableConcept/coding/1/system	retain original NSI coding alongside canonical RuCore coding
amb-map-0089	/cda:ClinicalDocument[1]/cda:recordTarget[1]/cda:patientRole[1]/cda:providerOrganization[1]/cda:addr[1]/address:stateCode[1]/@codeSystemName	127	Субъекты Российской Федерации	technical		CDA structural/type/dictionary-label metadata; exact value in trace/source
amb-map-0090	/cda:ClinicalDocument[1]/cda:recordTarget[1]/cda:patientRole[1]/cda:providerOrganization[1]/cda:addr[1]/address:stateCode[1]/@displayName	127	г. Москва	mapped	Organization/44de7ca7-d79c-5b5f-88d7-eddd0d8ea9cf#/contact/0/address/extension/0/valueCodeableConcept/coding/0/display; Organization/44de7ca7-d79c-5b5f-88d7-eddd0d8ea9cf#/contact/0/address/extension/0/valueCodeableConcept/coding/1/display	retain original NSI coding alongside canonical RuCore coding
amb-map-0091	/cda:ClinicalDocument[1]/cda:recordTarget[1]/cda:patientRole[1]/cda:providerOrganization[1]/cda:addr[1]/address:stateCode[1]/@codeSystemVersion	127	6.5	mapped	Organization/44de7ca7-d79c-5b5f-88d7-eddd0d8ea9cf#/contact/0/address/extension/0/valueCodeableConcept/coding/1/version	NSI edition belongs to source OID coding
amb-map-0092	/cda:ClinicalDocument[1]/cda:recordTarget[1]/cda:patientRole[1]/cda:providerOrganization[1]/cda:addr[1]/cda:postalCode[1]/text()	129	105005	mapped	Organization/44de7ca7-d79c-5b5f-88d7-eddd0d8ea9cf#/contact/0/address/postalCode	copy
amb-map-0093	/cda:ClinicalDocument[1]/cda:recordTarget[1]/cda:patientRole[1]/cda:providerOrganization[1]/cda:addr[1]/fias:Address[1]/fias:AOGUID[1]/text()	133	212d3123-9c4d-4579-b31a-b5c6e9632b04	mapped	Organization/44de7ca7-d79c-5b5f-88d7-eddd0d8ea9cf#/contact/0/address/extension/1/extension/0/valueIdentifier/value	copy
amb-map-0094	/cda:ClinicalDocument[1]/cda:recordTarget[1]/cda:patientRole[1]/cda:providerOrganization[1]/cda:addr[1]/fias:Address[1]/fias:HOUSEGUID[1]/text()	135	e59f1e55-75c8-4037-9615-ed7ce751b745	mapped	Organization/44de7ca7-d79c-5b5f-88d7-eddd0d8ea9cf#/contact/0/address/extension/1/extension/1/valueIdentifier/value	copy
amb-map-0095	/cda:ClinicalDocument[1]/cda:author[1]/cda:time[1]/@nullFlavor	144	NI	report-only		GAP: no structured rule; source retained
amb-map-0096	/cda:ClinicalDocument[1]/cda:author[1]/cda:assignedAuthor[1]/cda:id[1]/@root	148	1.2.643.5.1.13.13.12.2.77.7831.100.1.1.70	mapped	PractitionerRole/6715b4b6-261f-5d37-b28f-fdaec0148fc9#/identifier/0/system	OID namespace -> URI
amb-map-0097	/cda:ClinicalDocument[1]/cda:author[1]/cda:assignedAuthor[1]/cda:id[1]/@extension	148	542174	mapped	PractitionerRole/6715b4b6-261f-5d37-b28f-fdaec0148fc9#/identifier/0/value	copy
amb-map-0098	/cda:ClinicalDocument[1]/cda:author[1]/cda:assignedAuthor[1]/cda:id[2]/@root	150	1.2.643.100.3	mapped	Practitioner/b0051ece-3b9e-54a9-a634-333b438585b1#/identifier/0/system	OID namespace -> URI
amb-map-0099	/cda:ClinicalDocument[1]/cda:author[1]/cda:assignedAuthor[1]/cda:id[2]/@extension	150	52415372312	mapped	Practitioner/b0051ece-3b9e-54a9-a634-333b438585b1#/identifier/0/value	copy
amb-map-0100	/cda:ClinicalDocument[1]/cda:author[1]/cda:assignedAuthor[1]/cda:code[1]/@code	152	34	mapped	PractitionerRole/6715b4b6-261f-5d37-b28f-fdaec0148fc9#/code/0/coding/0/code; PractitionerRole/6715b4b6-261f-5d37-b28f-fdaec0148fc9#/code/0/coding/1/code	retain original NSI coding alongside canonical RuCore coding
amb-map-0101	/cda:ClinicalDocument[1]/cda:author[1]/cda:assignedAuthor[1]/cda:code[1]/@codeSystem	152	1.2.643.5.1.13.13.11.1002	mapped	PractitionerRole/6715b4b6-261f-5d37-b28f-fdaec0148fc9#/code/0/coding/0/system; PractitionerRole/6715b4b6-261f-5d37-b28f-fdaec0148fc9#/code/0/coding/1/system	retain original NSI coding alongside canonical RuCore coding
amb-map-0102	/cda:ClinicalDocument[1]/cda:author[1]/cda:assignedAuthor[1]/cda:code[1]/@codeSystemName	152	Должности медицинских и фармацевтических работников	technical		CDA structural/type/dictionary-label metadata; exact value in trace/source
amb-map-0103	/cda:ClinicalDocument[1]/cda:author[1]/cda:assignedAuthor[1]/cda:code[1]/@displayName	152	Врач-кардиолог	mapped	PractitionerRole/6715b4b6-261f-5d37-b28f-fdaec0148fc9#/code/0/coding/0/display; PractitionerRole/6715b4b6-261f-5d37-b28f-fdaec0148fc9#/code/0/coding/1/display	retain original NSI coding alongside canonical RuCore coding
amb-map-0104	/cda:ClinicalDocument[1]/cda:author[1]/cda:assignedAuthor[1]/cda:code[1]/@codeSystemVersion	152	9.3	mapped	PractitionerRole/6715b4b6-261f-5d37-b28f-fdaec0148fc9#/code/0/coding/1/version	NSI edition belongs to source OID coding
amb-map-0105	/cda:ClinicalDocument[1]/cda:author[1]/cda:assignedAuthor[1]/cda:addr[1]/cda:streetAddressLine[1]/text()	156	г Москва, ул Ладожская, д 4-6 стр 1	mapped	Practitioner/b0051ece-3b9e-54a9-a634-333b438585b1#/address/0/text	copy
amb-map-0106	/cda:ClinicalDocument[1]/cda:author[1]/cda:assignedAuthor[1]/cda:addr[1]/address:stateCode[1]/@code	158	77	mapped	Practitioner/b0051ece-3b9e-54a9-a634-333b438585b1#/address/0/extension/0/valueCodeableConcept/coding/0/code; Practitioner/b0051ece-3b9e-54a9-a634-333b438585b1#/address/0/extension/0/valueCodeableConcept/coding/1/code	retain original NSI coding alongside canonical RuCore coding
amb-map-0107	/cda:ClinicalDocument[1]/cda:author[1]/cda:assignedAuthor[1]/cda:addr[1]/address:stateCode[1]/@codeSystem	158	1.2.643.5.1.13.13.99.2.206	mapped	Practitioner/b0051ece-3b9e-54a9-a634-333b438585b1#/address/0/extension/0/valueCodeableConcept/coding/0/system; Practitioner/b0051ece-3b9e-54a9-a634-333b438585b1#/address/0/extension/0/valueCodeableConcept/coding/1/system	retain original NSI coding alongside canonical RuCore coding
amb-map-0108	/cda:ClinicalDocument[1]/cda:author[1]/cda:assignedAuthor[1]/cda:addr[1]/address:stateCode[1]/@codeSystemName	158	Субъекты Российской Федерации	technical		CDA structural/type/dictionary-label metadata; exact value in trace/source
amb-map-0109	/cda:ClinicalDocument[1]/cda:author[1]/cda:assignedAuthor[1]/cda:addr[1]/address:stateCode[1]/@displayName	158	г. Москва	mapped	Practitioner/b0051ece-3b9e-54a9-a634-333b438585b1#/address/0/extension/0/valueCodeableConcept/coding/0/display; Practitioner/b0051ece-3b9e-54a9-a634-333b438585b1#/address/0/extension/0/valueCodeableConcept/coding/1/display	retain original NSI coding alongside canonical RuCore coding
amb-map-0110	/cda:ClinicalDocument[1]/cda:author[1]/cda:assignedAuthor[1]/cda:addr[1]/address:stateCode[1]/@codeSystemVersion	158	6.5	mapped	Practitioner/b0051ece-3b9e-54a9-a634-333b438585b1#/address/0/extension/0/valueCodeableConcept/coding/1/version	NSI edition belongs to source OID coding
amb-map-0111	/cda:ClinicalDocument[1]/cda:author[1]/cda:assignedAuthor[1]/cda:addr[1]/cda:postalCode[1]/text()	160	105005	mapped	Practitioner/b0051ece-3b9e-54a9-a634-333b438585b1#/address/0/postalCode	copy
amb-map-0112	/cda:ClinicalDocument[1]/cda:author[1]/cda:assignedAuthor[1]/cda:addr[1]/fias:Address[1]/fias:AOGUID[1]/text()	164	212d3123-9c4d-4579-b31a-b5c6e9632b04	mapped	Practitioner/b0051ece-3b9e-54a9-a634-333b438585b1#/address/0/extension/1/extension/0/valueIdentifier/value	copy
amb-map-0113	/cda:ClinicalDocument[1]/cda:author[1]/cda:assignedAuthor[1]/cda:addr[1]/fias:Address[1]/fias:HOUSEGUID[1]/text()	166	e59f1e55-75c8-4037-9615-ed7ce751b745	mapped	Practitioner/b0051ece-3b9e-54a9-a634-333b438585b1#/address/0/extension/1/extension/1/valueIdentifier/value	copy
amb-map-0114	/cda:ClinicalDocument[1]/cda:author[1]/cda:assignedAuthor[1]/cda:telecom[1]/@use	170	WP	mapped	PractitionerRole/6715b4b6-261f-5d37-b28f-fdaec0148fc9#/contact/0/telecom/0/use	CDA contact use
amb-map-0115	/cda:ClinicalDocument[1]/cda:author[1]/cda:assignedAuthor[1]/cda:telecom[1]/@value	170	tel:+74957443256	mapped	PractitionerRole/6715b4b6-261f-5d37-b28f-fdaec0148fc9#/contact/0/telecom/0/value; PractitionerRole/6715b4b6-261f-5d37-b28f-fdaec0148fc9#/contact/0/telecom/0/system	URI scheme -> ContactPoint.system
amb-map-0116	/cda:ClinicalDocument[1]/cda:author[1]/cda:assignedAuthor[1]/cda:assignedPerson[1]/cda:name[1]/cda:family[1]/text()	176	Смирнов	mapped	Practitioner/b0051ece-3b9e-54a9-a634-333b438585b1#/name/0/family	copy
amb-map-0117	/cda:ClinicalDocument[1]/cda:author[1]/cda:assignedAuthor[1]/cda:assignedPerson[1]/cda:name[1]/cda:given[1]/text()	178	Александр	mapped	Practitioner/b0051ece-3b9e-54a9-a634-333b438585b1#/name/0/given/0	copy
amb-map-0118	/cda:ClinicalDocument[1]/cda:author[1]/cda:assignedAuthor[1]/cda:assignedPerson[1]/cda:name[1]/identity:Patronymic[1]/@xsi:type	180	ST	technical		CDA structural/type/dictionary-label metadata; exact value in trace/source
amb-map-0119	/cda:ClinicalDocument[1]/cda:author[1]/cda:assignedAuthor[1]/cda:assignedPerson[1]/cda:name[1]/identity:Patronymic[1]/text()	180	Игоревич	mapped	Practitioner/b0051ece-3b9e-54a9-a634-333b438585b1#/name/0/given/1	copy
amb-map-0120	/cda:ClinicalDocument[1]/cda:author[1]/cda:assignedAuthor[1]/cda:representedOrganization[1]/@classCode	184	ORG	technical		CDA structural/type/dictionary-label metadata; exact value in trace/source
amb-map-0121	/cda:ClinicalDocument[1]/cda:author[1]/cda:assignedAuthor[1]/cda:representedOrganization[1]/cda:id[1]/@root	186	1.2.643.5.1.13.13.12.2.77.7831	mapped	Organization/05421865-1429-5bb3-a92a-e2290284f92a#/identifier/0/value	FRMO organization OID
amb-map-0122	/cda:ClinicalDocument[1]/cda:author[1]/cda:assignedAuthor[1]/cda:representedOrganization[1]/cda:id[1]/@extension	186	1.2.643.5.1.13.13.12.2.77.7831.0.107531	mapped	Organization/2b7446b3-0e86-5d8d-b921-b8952c321824#/identifier/0/value	FRMO department OID
amb-map-0123	/cda:ClinicalDocument[1]/cda:author[1]/cda:assignedAuthor[1]/cda:representedOrganization[1]/cda:name[1]/text()	188	"ГОСУДАРСТВЕННОЕ БЮДЖЕТНОЕ УЧРЕЖДЕНИЕ ЗДРАВООХРАНЕНИЯ ГОРОДА МОСКВЫ ""ГОРОДСКАЯ ПОЛИКЛИНИКА № 64 ДЕПАРТАМЕНТА ЗДРАВООХРАНЕНИЯ ГОРОДА МОСКВЫ"""	mapped	Organization/05421865-1429-5bb3-a92a-e2290284f92a#/name	copy
amb-map-0124	/cda:ClinicalDocument[1]/cda:author[1]/cda:assignedAuthor[1]/cda:representedOrganization[1]/cda:telecom[1]/@use	190	WP	mapped	Organization/05421865-1429-5bb3-a92a-e2290284f92a#/contact/0/telecom/0/use	CDA contact use
amb-map-0125	/cda:ClinicalDocument[1]/cda:author[1]/cda:assignedAuthor[1]/cda:representedOrganization[1]/cda:telecom[1]/@value	190	tel:+74953754826	mapped	Organization/05421865-1429-5bb3-a92a-e2290284f92a#/contact/0/telecom/0/value; Organization/05421865-1429-5bb3-a92a-e2290284f92a#/contact/0/telecom/0/system	URI scheme -> ContactPoint.system
amb-map-0126	/cda:ClinicalDocument[1]/cda:author[1]/cda:assignedAuthor[1]/cda:representedOrganization[1]/cda:addr[1]/cda:streetAddressLine[1]/text()	194	г Москва, ул Ладожская, д 4-6 стр 1	mapped	Organization/05421865-1429-5bb3-a92a-e2290284f92a#/contact/0/address/text	copy
amb-map-0127	/cda:ClinicalDocument[1]/cda:author[1]/cda:assignedAuthor[1]/cda:representedOrganization[1]/cda:addr[1]/address:stateCode[1]/@code	196	77	mapped	Organization/05421865-1429-5bb3-a92a-e2290284f92a#/contact/0/address/extension/0/valueCodeableConcept/coding/0/code; Organization/05421865-1429-5bb3-a92a-e2290284f92a#/contact/0/address/extension/0/valueCodeableConcept/coding/1/code	retain original NSI coding alongside canonical RuCore coding
amb-map-0128	/cda:ClinicalDocument[1]/cda:author[1]/cda:assignedAuthor[1]/cda:representedOrganization[1]/cda:addr[1]/address:stateCode[1]/@codeSystem	196	1.2.643.5.1.13.13.99.2.206	mapped	Organization/05421865-1429-5bb3-a92a-e2290284f92a#/contact/0/address/extension/0/valueCodeableConcept/coding/0/system; Organization/05421865-1429-5bb3-a92a-e2290284f92a#/contact/0/address/extension/0/valueCodeableConcept/coding/1/system	retain original NSI coding alongside canonical RuCore coding
amb-map-0129	/cda:ClinicalDocument[1]/cda:author[1]/cda:assignedAuthor[1]/cda:representedOrganization[1]/cda:addr[1]/address:stateCode[1]/@codeSystemName	196	Субъекты Российской Федерации	technical		CDA structural/type/dictionary-label metadata; exact value in trace/source
amb-map-0130	/cda:ClinicalDocument[1]/cda:author[1]/cda:assignedAuthor[1]/cda:representedOrganization[1]/cda:addr[1]/address:stateCode[1]/@displayName	196	г. Москва	mapped	Organization/05421865-1429-5bb3-a92a-e2290284f92a#/contact/0/address/extension/0/valueCodeableConcept/coding/0/display; Organization/05421865-1429-5bb3-a92a-e2290284f92a#/contact/0/address/extension/0/valueCodeableConcept/coding/1/display	retain original NSI coding alongside canonical RuCore coding
amb-map-0131	/cda:ClinicalDocument[1]/cda:author[1]/cda:assignedAuthor[1]/cda:representedOrganization[1]/cda:addr[1]/address:stateCode[1]/@codeSystemVersion	196	6.5	mapped	Organization/05421865-1429-5bb3-a92a-e2290284f92a#/contact/0/address/extension/0/valueCodeableConcept/coding/1/version	NSI edition belongs to source OID coding
amb-map-0132	/cda:ClinicalDocument[1]/cda:author[1]/cda:assignedAuthor[1]/cda:representedOrganization[1]/cda:addr[1]/cda:postalCode[1]/text()	198	105005	mapped	Organization/05421865-1429-5bb3-a92a-e2290284f92a#/contact/0/address/postalCode	copy
amb-map-0133	/cda:ClinicalDocument[1]/cda:author[1]/cda:assignedAuthor[1]/cda:representedOrganization[1]/cda:addr[1]/fias:Address[1]/fias:AOGUID[1]/text()	202	212d3123-9c4d-4579-b31a-b5c6e9632b04	mapped	Organization/05421865-1429-5bb3-a92a-e2290284f92a#/contact/0/address/extension/1/extension/0/valueIdentifier/value	copy
amb-map-0134	/cda:ClinicalDocument[1]/cda:author[1]/cda:assignedAuthor[1]/cda:representedOrganization[1]/cda:addr[1]/fias:Address[1]/fias:HOUSEGUID[1]/text()	204	e59f1e55-75c8-4037-9615-ed7ce751b745	mapped	Organization/05421865-1429-5bb3-a92a-e2290284f92a#/contact/0/address/extension/1/extension/1/valueIdentifier/value	copy
amb-map-0135	/cda:ClinicalDocument[1]/cda:custodian[1]/cda:assignedCustodian[1]/cda:representedCustodianOrganization[1]/@classCode	215	ORG	technical		CDA structural/type/dictionary-label metadata; exact value in trace/source
amb-map-0136	/cda:ClinicalDocument[1]/cda:custodian[1]/cda:assignedCustodian[1]/cda:representedCustodianOrganization[1]/cda:id[1]/@root	217	1.2.643.5.1.13.13.12.2.77.7831	mapped	Organization/c8715803-c73b-533f-857d-601b9167c83e#/identifier/0/value	FRMO organization OID
amb-map-0137	/cda:ClinicalDocument[1]/cda:custodian[1]/cda:assignedCustodian[1]/cda:representedCustodianOrganization[1]/cda:name[1]/text()	219	"ГОСУДАРСТВЕННОЕ БЮДЖЕТНОЕ УЧРЕЖДЕНИЕ ЗДРАВООХРАНЕНИЯ ГОРОДА МОСКВЫ ""ГОРОДСКАЯ ПОЛИКЛИНИКА № 64 ДЕПАРТАМЕНТА ЗДРАВООХРАНЕНИЯ ГОРОДА МОСКВЫ"""	mapped	Organization/c8715803-c73b-533f-857d-601b9167c83e#/name	copy
amb-map-0138	/cda:ClinicalDocument[1]/cda:custodian[1]/cda:assignedCustodian[1]/cda:representedCustodianOrganization[1]/cda:telecom[1]/@use	221	WP	mapped	Organization/c8715803-c73b-533f-857d-601b9167c83e#/contact/0/telecom/0/use	CDA contact use
amb-map-0139	/cda:ClinicalDocument[1]/cda:custodian[1]/cda:assignedCustodian[1]/cda:representedCustodianOrganization[1]/cda:telecom[1]/@value	221	tel:+74953754826	mapped	Organization/c8715803-c73b-533f-857d-601b9167c83e#/contact/0/telecom/0/value; Organization/c8715803-c73b-533f-857d-601b9167c83e#/contact/0/telecom/0/system	URI scheme -> ContactPoint.system
amb-map-0140	/cda:ClinicalDocument[1]/cda:custodian[1]/cda:assignedCustodian[1]/cda:representedCustodianOrganization[1]/cda:addr[1]/cda:streetAddressLine[1]/text()	225	г Москва, ул Ладожская, д 4-6 стр 1	mapped	Organization/c8715803-c73b-533f-857d-601b9167c83e#/contact/0/address/text	copy
amb-map-0141	/cda:ClinicalDocument[1]/cda:custodian[1]/cda:assignedCustodian[1]/cda:representedCustodianOrganization[1]/cda:addr[1]/address:stateCode[1]/@code	227	77	mapped	Organization/c8715803-c73b-533f-857d-601b9167c83e#/contact/0/address/extension/0/valueCodeableConcept/coding/0/code; Organization/c8715803-c73b-533f-857d-601b9167c83e#/contact/0/address/extension/0/valueCodeableConcept/coding/1/code	retain original NSI coding alongside canonical RuCore coding
amb-map-0142	/cda:ClinicalDocument[1]/cda:custodian[1]/cda:assignedCustodian[1]/cda:representedCustodianOrganization[1]/cda:addr[1]/address:stateCode[1]/@codeSystem	227	1.2.643.5.1.13.13.99.2.206	mapped	Organization/c8715803-c73b-533f-857d-601b9167c83e#/contact/0/address/extension/0/valueCodeableConcept/coding/0/system; Organization/c8715803-c73b-533f-857d-601b9167c83e#/contact/0/address/extension/0/valueCodeableConcept/coding/1/system	retain original NSI coding alongside canonical RuCore coding
amb-map-0143	/cda:ClinicalDocument[1]/cda:custodian[1]/cda:assignedCustodian[1]/cda:representedCustodianOrganization[1]/cda:addr[1]/address:stateCode[1]/@codeSystemName	227	Субъекты Российской Федерации	technical		CDA structural/type/dictionary-label metadata; exact value in trace/source
amb-map-0144	/cda:ClinicalDocument[1]/cda:custodian[1]/cda:assignedCustodian[1]/cda:representedCustodianOrganization[1]/cda:addr[1]/address:stateCode[1]/@displayName	227	г. Москва	mapped	Organization/c8715803-c73b-533f-857d-601b9167c83e#/contact/0/address/extension/0/valueCodeableConcept/coding/0/display; Organization/c8715803-c73b-533f-857d-601b9167c83e#/contact/0/address/extension/0/valueCodeableConcept/coding/1/display	retain original NSI coding alongside canonical RuCore coding
amb-map-0145	/cda:ClinicalDocument[1]/cda:custodian[1]/cda:assignedCustodian[1]/cda:representedCustodianOrganization[1]/cda:addr[1]/address:stateCode[1]/@codeSystemVersion	227	6.5	mapped	Organization/c8715803-c73b-533f-857d-601b9167c83e#/contact/0/address/extension/0/valueCodeableConcept/coding/1/version	NSI edition belongs to source OID coding
amb-map-0146	/cda:ClinicalDocument[1]/cda:custodian[1]/cda:assignedCustodian[1]/cda:representedCustodianOrganization[1]/cda:addr[1]/cda:postalCode[1]/text()	229	105005	mapped	Organization/c8715803-c73b-533f-857d-601b9167c83e#/contact/0/address/postalCode	copy
amb-map-0147	/cda:ClinicalDocument[1]/cda:custodian[1]/cda:assignedCustodian[1]/cda:representedCustodianOrganization[1]/cda:addr[1]/fias:Address[1]/fias:AOGUID[1]/text()	233	212d3123-9c4d-4579-b31a-b5c6e9632b04	mapped	Organization/c8715803-c73b-533f-857d-601b9167c83e#/contact/0/address/extension/1/extension/0/valueIdentifier/value	copy
amb-map-0148	/cda:ClinicalDocument[1]/cda:custodian[1]/cda:assignedCustodian[1]/cda:representedCustodianOrganization[1]/cda:addr[1]/fias:Address[1]/fias:HOUSEGUID[1]/text()	235	e59f1e55-75c8-4037-9615-ed7ce751b745	mapped	Organization/c8715803-c73b-533f-857d-601b9167c83e#/contact/0/address/extension/1/extension/1/valueIdentifier/value	copy
amb-map-0149	/cda:ClinicalDocument[1]/cda:informationRecipient[1]/cda:intendedRecipient[1]/cda:receivedOrganization[1]/cda:id[1]/@root	248	1.2.643.5.1.13	mapped	Organization/23d1a421-b28b-53a7-b206-a6d23c1d5ad2#/identifier/0/system; Organization/23d1a421-b28b-53a7-b206-a6d23c1d5ad2#/identifier/0/value	root-only II -> globally unique URI identifier
amb-map-0150	/cda:ClinicalDocument[1]/cda:informationRecipient[1]/cda:intendedRecipient[1]/cda:receivedOrganization[1]/cda:name[1]/text()	250	Министерство здравоохранения Российской Федерации	mapped	Organization/23d1a421-b28b-53a7-b206-a6d23c1d5ad2#/name	copy
amb-map-0151	/cda:ClinicalDocument[1]/cda:legalAuthenticator[1]/cda:time[1]/@nullFlavor	258	NI	mapped	Composition/202d52a8-af92-5ef3-9a7e-d83305a85264#/attester/0/_time/extension	NullFlavor on primitive
amb-map-0152	/cda:ClinicalDocument[1]/cda:legalAuthenticator[1]/cda:signatureCode[1]/@nullFlavor	260	NI	report-only		GAP: no structured rule; source retained
amb-map-0153	/cda:ClinicalDocument[1]/cda:legalAuthenticator[1]/cda:assignedEntity[1]/cda:id[1]/@root	264	1.2.643.5.1.13.13.12.2.77.7831.100.1.1.70	mapped	PractitionerRole/e54a4cfe-bac7-5386-b848-a90ee10aa56e#/identifier/0/system	OID namespace -> URI
amb-map-0154	/cda:ClinicalDocument[1]/cda:legalAuthenticator[1]/cda:assignedEntity[1]/cda:id[1]/@extension	264	542174	mapped	PractitionerRole/e54a4cfe-bac7-5386-b848-a90ee10aa56e#/identifier/0/value	copy
amb-map-0155	/cda:ClinicalDocument[1]/cda:legalAuthenticator[1]/cda:assignedEntity[1]/cda:id[2]/@root	266	1.2.643.100.3	mapped	Practitioner/893e7ec7-0441-5604-ba60-f8ad5780d913#/identifier/0/system	OID namespace -> URI
amb-map-0156	/cda:ClinicalDocument[1]/cda:legalAuthenticator[1]/cda:assignedEntity[1]/cda:id[2]/@extension	266	52415372312	mapped	Practitioner/893e7ec7-0441-5604-ba60-f8ad5780d913#/identifier/0/value	copy
amb-map-0157	/cda:ClinicalDocument[1]/cda:legalAuthenticator[1]/cda:assignedEntity[1]/cda:code[1]/@codeSystem	268	1.2.643.5.1.13.13.11.1002	mapped	PractitionerRole/e54a4cfe-bac7-5386-b848-a90ee10aa56e#/code/0/coding/0/system; PractitionerRole/e54a4cfe-bac7-5386-b848-a90ee10aa56e#/code/0/coding/1/system	retain original NSI coding alongside canonical RuCore coding
amb-map-0158	/cda:ClinicalDocument[1]/cda:legalAuthenticator[1]/cda:assignedEntity[1]/cda:code[1]/@codeSystemName	268	Должности медицинских и фармацевтических работников	technical		CDA structural/type/dictionary-label metadata; exact value in trace/source
amb-map-0159	/cda:ClinicalDocument[1]/cda:legalAuthenticator[1]/cda:assignedEntity[1]/cda:code[1]/@code	268	334	mapped	PractitionerRole/e54a4cfe-bac7-5386-b848-a90ee10aa56e#/code/0/coding/0/code; PractitionerRole/e54a4cfe-bac7-5386-b848-a90ee10aa56e#/code/0/coding/1/code	retain original NSI coding alongside canonical RuCore coding
amb-map-0160	/cda:ClinicalDocument[1]/cda:legalAuthenticator[1]/cda:assignedEntity[1]/cda:code[1]/@displayName	268	Главный врач медицинской организации	mapped	PractitionerRole/e54a4cfe-bac7-5386-b848-a90ee10aa56e#/code/0/coding/0/display; PractitionerRole/e54a4cfe-bac7-5386-b848-a90ee10aa56e#/code/0/coding/1/display	retain original NSI coding alongside canonical RuCore coding
amb-map-0161	/cda:ClinicalDocument[1]/cda:legalAuthenticator[1]/cda:assignedEntity[1]/cda:code[1]/@codeSystemVersion	268	9.3	mapped	PractitionerRole/e54a4cfe-bac7-5386-b848-a90ee10aa56e#/code/0/coding/1/version	NSI edition belongs to source OID coding
amb-map-0162	/cda:ClinicalDocument[1]/cda:legalAuthenticator[1]/cda:assignedEntity[1]/cda:addr[1]/cda:streetAddressLine[1]/text()	272	г Москва, ул Ладожская, д 4-6 стр 1	mapped	Practitioner/893e7ec7-0441-5604-ba60-f8ad5780d913#/address/0/text	copy
amb-map-0163	/cda:ClinicalDocument[1]/cda:legalAuthenticator[1]/cda:assignedEntity[1]/cda:addr[1]/address:stateCode[1]/@code	274	77	mapped	Practitioner/893e7ec7-0441-5604-ba60-f8ad5780d913#/address/0/extension/0/valueCodeableConcept/coding/0/code; Practitioner/893e7ec7-0441-5604-ba60-f8ad5780d913#/address/0/extension/0/valueCodeableConcept/coding/1/code	retain original NSI coding alongside canonical RuCore coding
amb-map-0164	/cda:ClinicalDocument[1]/cda:legalAuthenticator[1]/cda:assignedEntity[1]/cda:addr[1]/address:stateCode[1]/@codeSystem	274	1.2.643.5.1.13.13.99.2.206	mapped	Practitioner/893e7ec7-0441-5604-ba60-f8ad5780d913#/address/0/extension/0/valueCodeableConcept/coding/0/system; Practitioner/893e7ec7-0441-5604-ba60-f8ad5780d913#/address/0/extension/0/valueCodeableConcept/coding/1/system	retain original NSI coding alongside canonical RuCore coding
amb-map-0165	/cda:ClinicalDocument[1]/cda:legalAuthenticator[1]/cda:assignedEntity[1]/cda:addr[1]/address:stateCode[1]/@codeSystemName	274	Субъекты Российской Федерации	technical		CDA structural/type/dictionary-label metadata; exact value in trace/source
amb-map-0166	/cda:ClinicalDocument[1]/cda:legalAuthenticator[1]/cda:assignedEntity[1]/cda:addr[1]/address:stateCode[1]/@displayName	274	г. Москва	mapped	Practitioner/893e7ec7-0441-5604-ba60-f8ad5780d913#/address/0/extension/0/valueCodeableConcept/coding/0/display; Practitioner/893e7ec7-0441-5604-ba60-f8ad5780d913#/address/0/extension/0/valueCodeableConcept/coding/1/display	retain original NSI coding alongside canonical RuCore coding
amb-map-0167	/cda:ClinicalDocument[1]/cda:legalAuthenticator[1]/cda:assignedEntity[1]/cda:addr[1]/address:stateCode[1]/@codeSystemVersion	274	6.5	mapped	Practitioner/893e7ec7-0441-5604-ba60-f8ad5780d913#/address/0/extension/0/valueCodeableConcept/coding/1/version	NSI edition belongs to source OID coding
amb-map-0168	/cda:ClinicalDocument[1]/cda:legalAuthenticator[1]/cda:assignedEntity[1]/cda:addr[1]/cda:postalCode[1]/text()	276	105005	mapped	Practitioner/893e7ec7-0441-5604-ba60-f8ad5780d913#/address/0/postalCode	copy
amb-map-0169	/cda:ClinicalDocument[1]/cda:legalAuthenticator[1]/cda:assignedEntity[1]/cda:addr[1]/fias:Address[1]/fias:AOGUID[1]/text()	280	212d3123-9c4d-4579-b31a-b5c6e9632b04	mapped	Practitioner/893e7ec7-0441-5604-ba60-f8ad5780d913#/address/0/extension/1/extension/0/valueIdentifier/value	copy
amb-map-0170	/cda:ClinicalDocument[1]/cda:legalAuthenticator[1]/cda:assignedEntity[1]/cda:addr[1]/fias:Address[1]/fias:HOUSEGUID[1]/text()	282	e59f1e55-75c8-4037-9615-ed7ce751b745	mapped	Practitioner/893e7ec7-0441-5604-ba60-f8ad5780d913#/address/0/extension/1/extension/1/valueIdentifier/value	copy
amb-map-0171	/cda:ClinicalDocument[1]/cda:legalAuthenticator[1]/cda:assignedEntity[1]/cda:telecom[1]/@use	286	WP	mapped	PractitionerRole/e54a4cfe-bac7-5386-b848-a90ee10aa56e#/contact/0/telecom/0/use	CDA contact use
amb-map-0172	/cda:ClinicalDocument[1]/cda:legalAuthenticator[1]/cda:assignedEntity[1]/cda:telecom[1]/@value	286	tel:+74957443256	mapped	PractitionerRole/e54a4cfe-bac7-5386-b848-a90ee10aa56e#/contact/0/telecom/0/value; PractitionerRole/e54a4cfe-bac7-5386-b848-a90ee10aa56e#/contact/0/telecom/0/system	URI scheme -> ContactPoint.system
amb-map-0173	/cda:ClinicalDocument[1]/cda:legalAuthenticator[1]/cda:assignedEntity[1]/cda:assignedPerson[1]/cda:name[1]/cda:family[1]/text()	292	Иванов	mapped	Practitioner/893e7ec7-0441-5604-ba60-f8ad5780d913#/name/0/family	copy
amb-map-0174	/cda:ClinicalDocument[1]/cda:legalAuthenticator[1]/cda:assignedEntity[1]/cda:assignedPerson[1]/cda:name[1]/cda:given[1]/text()	294	Иван	mapped	Practitioner/893e7ec7-0441-5604-ba60-f8ad5780d913#/name/0/given/0	copy
amb-map-0175	/cda:ClinicalDocument[1]/cda:legalAuthenticator[1]/cda:assignedEntity[1]/cda:assignedPerson[1]/cda:name[1]/identity:Patronymic[1]/text()	296	Иванович	mapped	Practitioner/893e7ec7-0441-5604-ba60-f8ad5780d913#/name/0/given/1	copy
amb-map-0176	/cda:ClinicalDocument[1]/cda:legalAuthenticator[1]/cda:assignedEntity[1]/cda:representedOrganization[1]/@classCode	300	ORG	technical		CDA structural/type/dictionary-label metadata; exact value in trace/source
amb-map-0177	/cda:ClinicalDocument[1]/cda:legalAuthenticator[1]/cda:assignedEntity[1]/cda:representedOrganization[1]/cda:id[1]/@root	302	1.2.643.5.1.13.13.12.2.77.7831	mapped	Organization/1b669a92-e272-574a-aae4-7c69bd025a4a#/identifier/0/value	FRMO organization OID
amb-map-0178	/cda:ClinicalDocument[1]/cda:legalAuthenticator[1]/cda:assignedEntity[1]/cda:representedOrganization[1]/cda:name[1]/text()	304	"ГОСУДАРСТВЕННОЕ БЮДЖЕТНОЕ УЧРЕЖДЕНИЕ ЗДРАВООХРАНЕНИЯ ГОРОДА МОСКВЫ ""ГОРОДСКАЯ ПОЛИКЛИНИКА № 64 ДЕПАРТАМЕНТА ЗДРАВООХРАНЕНИЯ ГОРОДА МОСКВЫ"""	mapped	Organization/1b669a92-e272-574a-aae4-7c69bd025a4a#/name	copy
amb-map-0179	/cda:ClinicalDocument[1]/cda:legalAuthenticator[1]/cda:assignedEntity[1]/cda:representedOrganization[1]/cda:telecom[1]/@use	306	WP	mapped	Organization/1b669a92-e272-574a-aae4-7c69bd025a4a#/contact/0/telecom/0/use	CDA contact use
amb-map-0180	/cda:ClinicalDocument[1]/cda:legalAuthenticator[1]/cda:assignedEntity[1]/cda:representedOrganization[1]/cda:telecom[1]/@value	306	tel:+74953754826	mapped	Organization/1b669a92-e272-574a-aae4-7c69bd025a4a#/contact/0/telecom/0/value; Organization/1b669a92-e272-574a-aae4-7c69bd025a4a#/contact/0/telecom/0/system	URI scheme -> ContactPoint.system
amb-map-0181	/cda:ClinicalDocument[1]/cda:legalAuthenticator[1]/cda:assignedEntity[1]/cda:representedOrganization[1]/cda:addr[1]/cda:streetAddressLine[1]/text()	310	г Москва, ул Ладожская, д 4-6 стр 1	mapped	Organization/1b669a92-e272-574a-aae4-7c69bd025a4a#/contact/0/address/text	copy
amb-map-0182	/cda:ClinicalDocument[1]/cda:legalAuthenticator[1]/cda:assignedEntity[1]/cda:representedOrganization[1]/cda:addr[1]/address:stateCode[1]/@code	312	77	mapped	Organization/1b669a92-e272-574a-aae4-7c69bd025a4a#/contact/0/address/extension/0/valueCodeableConcept/coding/0/code; Organization/1b669a92-e272-574a-aae4-7c69bd025a4a#/contact/0/address/extension/0/valueCodeableConcept/coding/1/code	retain original NSI coding alongside canonical RuCore coding
amb-map-0183	/cda:ClinicalDocument[1]/cda:legalAuthenticator[1]/cda:assignedEntity[1]/cda:representedOrganization[1]/cda:addr[1]/address:stateCode[1]/@codeSystem	312	1.2.643.5.1.13.13.99.2.206	mapped	Organization/1b669a92-e272-574a-aae4-7c69bd025a4a#/contact/0/address/extension/0/valueCodeableConcept/coding/0/system; Organization/1b669a92-e272-574a-aae4-7c69bd025a4a#/contact/0/address/extension/0/valueCodeableConcept/coding/1/system	retain original NSI coding alongside canonical RuCore coding
amb-map-0184	/cda:ClinicalDocument[1]/cda:legalAuthenticator[1]/cda:assignedEntity[1]/cda:representedOrganization[1]/cda:addr[1]/address:stateCode[1]/@codeSystemName	312	Субъекты Российской Федерации	technical		CDA structural/type/dictionary-label metadata; exact value in trace/source
amb-map-0185	/cda:ClinicalDocument[1]/cda:legalAuthenticator[1]/cda:assignedEntity[1]/cda:representedOrganization[1]/cda:addr[1]/address:stateCode[1]/@displayName	312	г. Москва	mapped	Organization/1b669a92-e272-574a-aae4-7c69bd025a4a#/contact/0/address/extension/0/valueCodeableConcept/coding/0/display; Organization/1b669a92-e272-574a-aae4-7c69bd025a4a#/contact/0/address/extension/0/valueCodeableConcept/coding/1/display	retain original NSI coding alongside canonical RuCore coding
amb-map-0186	/cda:ClinicalDocument[1]/cda:legalAuthenticator[1]/cda:assignedEntity[1]/cda:representedOrganization[1]/cda:addr[1]/address:stateCode[1]/@codeSystemVersion	312	6.5	mapped	Organization/1b669a92-e272-574a-aae4-7c69bd025a4a#/contact/0/address/extension/0/valueCodeableConcept/coding/1/version	NSI edition belongs to source OID coding
amb-map-0187	/cda:ClinicalDocument[1]/cda:legalAuthenticator[1]/cda:assignedEntity[1]/cda:representedOrganization[1]/cda:addr[1]/cda:postalCode[1]/text()	314	105005	mapped	Organization/1b669a92-e272-574a-aae4-7c69bd025a4a#/contact/0/address/postalCode	copy
amb-map-0188	/cda:ClinicalDocument[1]/cda:legalAuthenticator[1]/cda:assignedEntity[1]/cda:representedOrganization[1]/cda:addr[1]/fias:Address[1]/fias:AOGUID[1]/text()	318	212d3123-9c4d-4579-b31a-b5c6e9632b04	mapped	Organization/1b669a92-e272-574a-aae4-7c69bd025a4a#/contact/0/address/extension/1/extension/0/valueIdentifier/value	copy
amb-map-0189	/cda:ClinicalDocument[1]/cda:legalAuthenticator[1]/cda:assignedEntity[1]/cda:representedOrganization[1]/cda:addr[1]/fias:Address[1]/fias:HOUSEGUID[1]/text()	320	e59f1e55-75c8-4037-9615-ed7ce751b745	mapped	Organization/1b669a92-e272-574a-aae4-7c69bd025a4a#/contact/0/address/extension/1/extension/1/valueIdentifier/value	copy
amb-map-0190	/cda:ClinicalDocument[1]/cda:participant[1]/@typeCode	327	IND	transformed	Composition/202d52a8-af92-5ef3-9a7e-d83305a85264#/section/15/section/1/entry/0	CDA participation role -> explicitly labeled document context subsection
amb-map-0191	/cda:ClinicalDocument[1]/cda:participant[1]/cda:associatedEntity[1]/@classCode	329	GUAR	technical		CDA structural/type/dictionary-label metadata; exact value in trace/source
amb-map-0192	/cda:ClinicalDocument[1]/cda:participant[1]/cda:associatedEntity[1]/cda:code[1]/@code	331	1	mapped	Coverage/559ddce3-4950-5880-a913-05fef1bee55e#/type/coding/0/code; Coverage/559ddce3-4950-5880-a913-05fef1bee55e#/type/coding/1/code	retain original NSI coding alongside canonical RuCore coding
amb-map-0193	/cda:ClinicalDocument[1]/cda:participant[1]/cda:associatedEntity[1]/cda:code[1]/@codeSystem	331	1.2.643.5.1.13.13.11.1039	mapped	Coverage/559ddce3-4950-5880-a913-05fef1bee55e#/type/coding/0/system; Coverage/559ddce3-4950-5880-a913-05fef1bee55e#/type/coding/1/system	retain original NSI coding alongside canonical RuCore coding
amb-map-0194	/cda:ClinicalDocument[1]/cda:participant[1]/cda:associatedEntity[1]/cda:code[1]/@codeSystemName	331	Источники оплаты медицинской помощи	technical		CDA structural/type/dictionary-label metadata; exact value in trace/source
amb-map-0195	/cda:ClinicalDocument[1]/cda:participant[1]/cda:associatedEntity[1]/cda:code[1]/@displayName	331	Средства обязательного медицинского страхования	mapped	Coverage/559ddce3-4950-5880-a913-05fef1bee55e#/type/coding/0/display; Coverage/559ddce3-4950-5880-a913-05fef1bee55e#/type/coding/1/display	retain original NSI coding alongside canonical RuCore coding
amb-map-0196	/cda:ClinicalDocument[1]/cda:participant[1]/cda:associatedEntity[1]/cda:code[1]/@codeSystemVersion	331	5.2	mapped	Coverage/559ddce3-4950-5880-a913-05fef1bee55e#/type/coding/1/version	NSI edition belongs to source OID coding
amb-map-0197	/cda:ClinicalDocument[1]/cda:participant[1]/cda:associatedEntity[1]/identity:DocInfo[1]/identity:IdentityDocType[1]/@code	335	1	report-only		GAP: no structured rule; source retained
amb-map-0198	/cda:ClinicalDocument[1]/cda:participant[1]/cda:associatedEntity[1]/identity:DocInfo[1]/identity:IdentityDocType[1]/@codeSystem	335	1.2.643.5.1.13.13.99.2.724	report-only		GAP: no structured rule; source retained
amb-map-0199	/cda:ClinicalDocument[1]/cda:participant[1]/cda:associatedEntity[1]/identity:DocInfo[1]/identity:IdentityDocType[1]/@codeSystemName	335	Типы документов оснований	technical		CDA structural/type/dictionary-label metadata; exact value in trace/source
amb-map-0200	/cda:ClinicalDocument[1]/cda:participant[1]/cda:associatedEntity[1]/identity:DocInfo[1]/identity:IdentityDocType[1]/@displayName	335	Полис ОМС	report-only		GAP: no structured rule; source retained
amb-map-0201	/cda:ClinicalDocument[1]/cda:participant[1]/cda:associatedEntity[1]/identity:DocInfo[1]/identity:IdentityDocType[1]/@codeSystemVersion	335	1.1	report-only		GAP: no structured rule; source retained
amb-map-0202	/cda:ClinicalDocument[1]/cda:participant[1]/cda:associatedEntity[1]/identity:DocInfo[1]/identity:InsurancePolicyType[1]/@code	337	1	mapped	Coverage/559ddce3-4950-5880-a913-05fef1bee55e#/identifier/0/type/coding/1/code	copy
amb-map-0203	/cda:ClinicalDocument[1]/cda:participant[1]/cda:associatedEntity[1]/identity:DocInfo[1]/identity:InsurancePolicyType[1]/@codeSystem	337	1.2.643.5.1.13.13.11.1035	mapped	Coverage/559ddce3-4950-5880-a913-05fef1bee55e#/identifier/0/type/coding/1/system	OID -> canonical RuCore URI or urn:oid
amb-map-0204	/cda:ClinicalDocument[1]/cda:participant[1]/cda:associatedEntity[1]/identity:DocInfo[1]/identity:InsurancePolicyType[1]/@codeSystemName	337	Виды полиса обязательного медицинского страхования	technical		CDA structural/type/dictionary-label metadata; exact value in trace/source
amb-map-0205	/cda:ClinicalDocument[1]/cda:participant[1]/cda:associatedEntity[1]/identity:DocInfo[1]/identity:InsurancePolicyType[1]/@displayName	337	Полис ОМС старого образца	mapped	Coverage/559ddce3-4950-5880-a913-05fef1bee55e#/identifier/0/type/coding/1/display	copy
amb-map-0206	/cda:ClinicalDocument[1]/cda:participant[1]/cda:associatedEntity[1]/identity:DocInfo[1]/identity:InsurancePolicyType[1]/@codeSystemVersion	337	1.3	mapped	Coverage/559ddce3-4950-5880-a913-05fef1bee55e#/identifier/0/type/coding/1/version	copy
amb-map-0207	/cda:ClinicalDocument[1]/cda:participant[1]/cda:associatedEntity[1]/identity:DocInfo[1]/identity:Series[1]/text()	339	ЧБ	mapped	Coverage/559ddce3-4950-5880-a913-05fef1bee55e#/identifier/0/value	series + space + number
amb-map-0208	/cda:ClinicalDocument[1]/cda:participant[1]/cda:associatedEntity[1]/identity:DocInfo[1]/identity:Number[1]/text()	341	1344600	mapped	Coverage/559ddce3-4950-5880-a913-05fef1bee55e#/identifier/0/value	series + space + number
amb-map-0209	/cda:ClinicalDocument[1]/cda:participant[1]/cda:associatedEntity[1]/identity:DocInfo[1]/identity:INN[1]/text()	343	213546789	mapped	Organization/24e4cb03-798b-5c73-ac73-1a88a2d05371#/identifier/1/value	copy
amb-map-0210	/cda:ClinicalDocument[1]/cda:participant[1]/cda:associatedEntity[1]/identity:DocInfo[1]/identity:effectiveTime[1]/identity:low[1]/@value	347	20180511	mapped	Coverage/559ddce3-4950-5880-a913-05fef1bee55e#/period/start	CDA TS -> FHIR temporal value (minute precision padded with :00)
amb-map-0211	/cda:ClinicalDocument[1]/cda:participant[1]/cda:associatedEntity[1]/identity:DocInfo[1]/identity:effectiveTime[1]/identity:high[1]/@value	349	20280512	mapped	Coverage/559ddce3-4950-5880-a913-05fef1bee55e#/period/end	CDA TS -> FHIR temporal value (minute precision padded with :00)
amb-map-0212	/cda:ClinicalDocument[1]/cda:participant[1]/cda:associatedEntity[1]/cda:scopingOrganization[1]/cda:id[1]/@root	355	1.2.643.5.1.13.13.99.2.183	mapped	Organization/24e4cb03-798b-5c73-ac73-1a88a2d05371#/identifier/0/system	OID namespace -> URI
amb-map-0213	/cda:ClinicalDocument[1]/cda:participant[1]/cda:associatedEntity[1]/cda:scopingOrganization[1]/cda:id[1]/@extension	355	77013	mapped	Organization/24e4cb03-798b-5c73-ac73-1a88a2d05371#/identifier/0/value	copy
amb-map-0214	/cda:ClinicalDocument[1]/cda:participant[1]/cda:associatedEntity[1]/cda:scopingOrganization[1]/cda:name[1]/text()	357	"ОБЩЕСТВО С ОГРАНИЧЕННОЙ ОТВЕТСТВЕННОСТЬЮ ""СТРАХОВАЯ КОМПАНИЯ ""ИНГОССТРАХ-М"""	mapped	Organization/24e4cb03-798b-5c73-ac73-1a88a2d05371#/name	copy
amb-map-0215	/cda:ClinicalDocument[1]/cda:participant[1]/cda:associatedEntity[1]/cda:scopingOrganization[1]/cda:telecom[1]/@use	359	WP	mapped	Organization/24e4cb03-798b-5c73-ac73-1a88a2d05371#/contact/0/telecom/0/use	CDA contact use
amb-map-0216	/cda:ClinicalDocument[1]/cda:participant[1]/cda:associatedEntity[1]/cda:scopingOrganization[1]/cda:telecom[1]/@value	359	tel:+74957295571	mapped	Organization/24e4cb03-798b-5c73-ac73-1a88a2d05371#/contact/0/telecom/0/value; Organization/24e4cb03-798b-5c73-ac73-1a88a2d05371#/contact/0/telecom/0/system	URI scheme -> ContactPoint.system
amb-map-0217	/cda:ClinicalDocument[1]/cda:participant[1]/cda:associatedEntity[1]/cda:scopingOrganization[1]/cda:addr[1]/cda:streetAddressLine[1]/text()	363	г Москва, ул Рочдельская, д 15 стр 35	mapped	Organization/24e4cb03-798b-5c73-ac73-1a88a2d05371#/contact/0/address/text	copy
amb-map-0218	/cda:ClinicalDocument[1]/cda:participant[1]/cda:associatedEntity[1]/cda:scopingOrganization[1]/cda:addr[1]/address:stateCode[1]/@code	365	77	mapped	Organization/24e4cb03-798b-5c73-ac73-1a88a2d05371#/contact/0/address/extension/0/valueCodeableConcept/coding/0/code; Organization/24e4cb03-798b-5c73-ac73-1a88a2d05371#/contact/0/address/extension/0/valueCodeableConcept/coding/1/code	retain original NSI coding alongside canonical RuCore coding
amb-map-0219	/cda:ClinicalDocument[1]/cda:participant[1]/cda:associatedEntity[1]/cda:scopingOrganization[1]/cda:addr[1]/address:stateCode[1]/@codeSystem	365	1.2.643.5.1.13.13.99.2.206	mapped	Organization/24e4cb03-798b-5c73-ac73-1a88a2d05371#/contact/0/address/extension/0/valueCodeableConcept/coding/0/system; Organization/24e4cb03-798b-5c73-ac73-1a88a2d05371#/contact/0/address/extension/0/valueCodeableConcept/coding/1/system	retain original NSI coding alongside canonical RuCore coding
amb-map-0220	/cda:ClinicalDocument[1]/cda:participant[1]/cda:associatedEntity[1]/cda:scopingOrganization[1]/cda:addr[1]/address:stateCode[1]/@codeSystemName	365	Субъекты Российской Федерации	technical		CDA structural/type/dictionary-label metadata; exact value in trace/source
amb-map-0221	/cda:ClinicalDocument[1]/cda:participant[1]/cda:associatedEntity[1]/cda:scopingOrganization[1]/cda:addr[1]/address:stateCode[1]/@displayName	365	г. Москва	mapped	Organization/24e4cb03-798b-5c73-ac73-1a88a2d05371#/contact/0/address/extension/0/valueCodeableConcept/coding/0/display; Organization/24e4cb03-798b-5c73-ac73-1a88a2d05371#/contact/0/address/extension/0/valueCodeableConcept/coding/1/display	retain original NSI coding alongside canonical RuCore coding
amb-map-0222	/cda:ClinicalDocument[1]/cda:participant[1]/cda:associatedEntity[1]/cda:scopingOrganization[1]/cda:addr[1]/address:stateCode[1]/@codeSystemVersion	365	6.5	mapped	Organization/24e4cb03-798b-5c73-ac73-1a88a2d05371#/contact/0/address/extension/0/valueCodeableConcept/coding/1/version	NSI edition belongs to source OID coding
amb-map-0223	/cda:ClinicalDocument[1]/cda:participant[1]/cda:associatedEntity[1]/cda:scopingOrganization[1]/cda:addr[1]/cda:postalCode[1]/text()	367	123376	mapped	Organization/24e4cb03-798b-5c73-ac73-1a88a2d05371#/contact/0/address/postalCode	copy
amb-map-0224	/cda:ClinicalDocument[1]/cda:participant[1]/cda:associatedEntity[1]/cda:scopingOrganization[1]/cda:addr[1]/fias:Address[1]/fias:AOGUID[1]/text()	371	6bfbfcbb-87a7-4674-a8e5-bf5f1bbfbf92	mapped	Organization/24e4cb03-798b-5c73-ac73-1a88a2d05371#/contact/0/address/extension/1/extension/0/valueIdentifier/value	copy
amb-map-0225	/cda:ClinicalDocument[1]/cda:participant[1]/cda:associatedEntity[1]/cda:scopingOrganization[1]/cda:addr[1]/fias:Address[1]/fias:HOUSEGUID[1]/text()	373	0b33a0e1-3427-409a-a3b7-e57716819f38	mapped	Organization/24e4cb03-798b-5c73-ac73-1a88a2d05371#/contact/0/address/extension/1/extension/1/valueIdentifier/value	copy
amb-map-0226	/cda:ClinicalDocument[1]/cda:participant[2]/@typeCode	380	REF	transformed	Composition/202d52a8-af92-5ef3-9a7e-d83305a85264#/section/15/section/2/entry/0	CDA participation role -> explicitly labeled document context subsection
amb-map-0227	/cda:ClinicalDocument[1]/cda:participant[2]/cda:associatedEntity[1]/@classCode	382	PROV	technical		CDA structural/type/dictionary-label metadata; exact value in trace/source
amb-map-0228	/cda:ClinicalDocument[1]/cda:participant[2]/cda:associatedEntity[1]/cda:id[1]/@root	384	1.2.643.5.1.13.3.25.77.50.100.1.1.70	mapped	PractitionerRole/c9a38fcf-352b-5c98-b9bd-2b63335f91ec#/identifier/0/system	OID namespace -> URI
amb-map-0229	/cda:ClinicalDocument[1]/cda:participant[2]/cda:associatedEntity[1]/cda:id[1]/@extension	384	183640	mapped	PractitionerRole/c9a38fcf-352b-5c98-b9bd-2b63335f91ec#/identifier/0/value	copy
amb-map-0230	/cda:ClinicalDocument[1]/cda:participant[2]/cda:associatedEntity[1]/cda:id[2]/@root	386	1.2.643.100.3	mapped	Practitioner/d36f4550-ff0e-523e-b1b1-77ac69769ac5#/identifier/0/system	OID namespace -> URI
amb-map-0231	/cda:ClinicalDocument[1]/cda:participant[2]/cda:associatedEntity[1]/cda:id[2]/@extension	386	52415372312	mapped	Practitioner/d36f4550-ff0e-523e-b1b1-77ac69769ac5#/identifier/0/value	copy
amb-map-0232	/cda:ClinicalDocument[1]/cda:participant[2]/cda:associatedEntity[1]/cda:code[1]/@code	388	109	mapped	PractitionerRole/c9a38fcf-352b-5c98-b9bd-2b63335f91ec#/code/0/coding/0/code; PractitionerRole/c9a38fcf-352b-5c98-b9bd-2b63335f91ec#/code/0/coding/1/code	retain original NSI coding alongside canonical RuCore coding
amb-map-0233	/cda:ClinicalDocument[1]/cda:participant[2]/cda:associatedEntity[1]/cda:code[1]/@codeSystem	388	1.2.643.5.1.13.13.11.1002	mapped	PractitionerRole/c9a38fcf-352b-5c98-b9bd-2b63335f91ec#/code/0/coding/0/system; PractitionerRole/c9a38fcf-352b-5c98-b9bd-2b63335f91ec#/code/0/coding/1/system	retain original NSI coding alongside canonical RuCore coding
amb-map-0234	/cda:ClinicalDocument[1]/cda:participant[2]/cda:associatedEntity[1]/cda:code[1]/@codeSystemName	388	Должности медицинских и фармацевтических работников	technical		CDA structural/type/dictionary-label metadata; exact value in trace/source
amb-map-0235	/cda:ClinicalDocument[1]/cda:participant[2]/cda:associatedEntity[1]/cda:code[1]/@displayName	388	Врач-терапевт	mapped	PractitionerRole/c9a38fcf-352b-5c98-b9bd-2b63335f91ec#/code/0/coding/0/display; PractitionerRole/c9a38fcf-352b-5c98-b9bd-2b63335f91ec#/code/0/coding/1/display	retain original NSI coding alongside canonical RuCore coding
amb-map-0236	/cda:ClinicalDocument[1]/cda:participant[2]/cda:associatedEntity[1]/cda:code[1]/@codeSystemVersion	388	9.3	mapped	PractitionerRole/c9a38fcf-352b-5c98-b9bd-2b63335f91ec#/code/0/coding/1/version	NSI edition belongs to source OID coding
amb-map-0237	/cda:ClinicalDocument[1]/cda:participant[2]/cda:associatedEntity[1]/cda:addr[1]/cda:streetAddressLine[1]/text()	392	г Москва, ул Миклухо-Маклая, д 10	mapped	Practitioner/d36f4550-ff0e-523e-b1b1-77ac69769ac5#/address/0/text	copy
amb-map-0238	/cda:ClinicalDocument[1]/cda:participant[2]/cda:associatedEntity[1]/cda:addr[1]/address:stateCode[1]/@code	394	77	mapped	Practitioner/d36f4550-ff0e-523e-b1b1-77ac69769ac5#/address/0/extension/0/valueCodeableConcept/coding/0/code; Practitioner/d36f4550-ff0e-523e-b1b1-77ac69769ac5#/address/0/extension/0/valueCodeableConcept/coding/1/code	retain original NSI coding alongside canonical RuCore coding
amb-map-0239	/cda:ClinicalDocument[1]/cda:participant[2]/cda:associatedEntity[1]/cda:addr[1]/address:stateCode[1]/@codeSystem	394	1.2.643.5.1.13.13.99.2.206	mapped	Practitioner/d36f4550-ff0e-523e-b1b1-77ac69769ac5#/address/0/extension/0/valueCodeableConcept/coding/0/system; Practitioner/d36f4550-ff0e-523e-b1b1-77ac69769ac5#/address/0/extension/0/valueCodeableConcept/coding/1/system	retain original NSI coding alongside canonical RuCore coding
amb-map-0240	/cda:ClinicalDocument[1]/cda:participant[2]/cda:associatedEntity[1]/cda:addr[1]/address:stateCode[1]/@codeSystemName	394	Субъекты Российской Федерации	technical		CDA structural/type/dictionary-label metadata; exact value in trace/source
amb-map-0241	/cda:ClinicalDocument[1]/cda:participant[2]/cda:associatedEntity[1]/cda:addr[1]/address:stateCode[1]/@displayName	394	г. Москва	mapped	Practitioner/d36f4550-ff0e-523e-b1b1-77ac69769ac5#/address/0/extension/0/valueCodeableConcept/coding/0/display; Practitioner/d36f4550-ff0e-523e-b1b1-77ac69769ac5#/address/0/extension/0/valueCodeableConcept/coding/1/display	retain original NSI coding alongside canonical RuCore coding
amb-map-0242	/cda:ClinicalDocument[1]/cda:participant[2]/cda:associatedEntity[1]/cda:addr[1]/address:stateCode[1]/@codeSystemVersion	394	6.5	mapped	Practitioner/d36f4550-ff0e-523e-b1b1-77ac69769ac5#/address/0/extension/0/valueCodeableConcept/coding/1/version	NSI edition belongs to source OID coding
amb-map-0243	/cda:ClinicalDocument[1]/cda:participant[2]/cda:associatedEntity[1]/cda:addr[1]/cda:postalCode[1]/text()	396	117198	mapped	Practitioner/d36f4550-ff0e-523e-b1b1-77ac69769ac5#/address/0/postalCode	copy
amb-map-0244	/cda:ClinicalDocument[1]/cda:participant[2]/cda:associatedEntity[1]/cda:addr[1]/fias:Address[1]/fias:AOGUID[1]/text()	400	1dec06af-f015-425b-be4b-253fab5d7ccb	mapped	Practitioner/d36f4550-ff0e-523e-b1b1-77ac69769ac5#/address/0/extension/1/extension/0/valueIdentifier/value	copy
amb-map-0245	/cda:ClinicalDocument[1]/cda:participant[2]/cda:associatedEntity[1]/cda:addr[1]/fias:Address[1]/fias:HOUSEGUID[1]/text()	402	b1adc7d0-8160-47d0-9903-d794b72078f6	mapped	Practitioner/d36f4550-ff0e-523e-b1b1-77ac69769ac5#/address/0/extension/1/extension/1/valueIdentifier/value	copy
amb-map-0246	/cda:ClinicalDocument[1]/cda:participant[2]/cda:associatedEntity[1]/cda:telecom[1]/@use	406	WP	mapped	PractitionerRole/c9a38fcf-352b-5c98-b9bd-2b63335f91ec#/contact/0/telecom/0/use	CDA contact use
amb-map-0247	/cda:ClinicalDocument[1]/cda:participant[2]/cda:associatedEntity[1]/cda:telecom[1]/@value	406	tel:+79065184597	mapped	PractitionerRole/c9a38fcf-352b-5c98-b9bd-2b63335f91ec#/contact/0/telecom/0/value; PractitionerRole/c9a38fcf-352b-5c98-b9bd-2b63335f91ec#/contact/0/telecom/0/system	URI scheme -> ContactPoint.system
amb-map-0248	/cda:ClinicalDocument[1]/cda:participant[2]/cda:associatedEntity[1]/cda:associatedPerson[1]/cda:name[1]/cda:family[1]/text()	412	Кузнецов	mapped	Practitioner/d36f4550-ff0e-523e-b1b1-77ac69769ac5#/name/0/family	copy
amb-map-0249	/cda:ClinicalDocument[1]/cda:participant[2]/cda:associatedEntity[1]/cda:associatedPerson[1]/cda:name[1]/cda:given[1]/text()	414	Дмитрий	mapped	Practitioner/d36f4550-ff0e-523e-b1b1-77ac69769ac5#/name/0/given/0	copy
amb-map-0250	/cda:ClinicalDocument[1]/cda:participant[2]/cda:associatedEntity[1]/cda:associatedPerson[1]/cda:name[1]/identity:Patronymic[1]/text()	416	Олегович	mapped	Practitioner/d36f4550-ff0e-523e-b1b1-77ac69769ac5#/name/0/given/1	copy
amb-map-0251	/cda:ClinicalDocument[1]/cda:participant[2]/cda:associatedEntity[1]/cda:scopingOrganization[1]/cda:id[1]/@root	422	1.2.643.5.1.13.13.12.2.77.7831	mapped	Organization/bf4ab503-064e-5e99-b244-f5475fc8d44c#/identifier/0/value	FRMO organization OID
amb-map-0252	/cda:ClinicalDocument[1]/cda:participant[2]/cda:associatedEntity[1]/cda:scopingOrganization[1]/cda:id[1]/@extension	422	1.2.643.5.1.13.13.12.2.77.7831.0.107531	mapped	Organization/4b4f1206-5df5-57c0-a5c6-b12c29adf498#/identifier/0/value	FRMO department OID
amb-map-0253	/cda:ClinicalDocument[1]/cda:participant[2]/cda:associatedEntity[1]/cda:scopingOrganization[1]/cda:name[1]/text()	424	"ГБУЗ ""Городская поликлиника № 25 Департамента здравоохранения города Москвы"""	mapped	Organization/bf4ab503-064e-5e99-b244-f5475fc8d44c#/name	copy
amb-map-0254	/cda:ClinicalDocument[1]/cda:participant[2]/cda:associatedEntity[1]/cda:scopingOrganization[1]/cda:telecom[1]/@use	426	WP	mapped	Organization/bf4ab503-064e-5e99-b244-f5475fc8d44c#/contact/0/telecom/0/use	CDA contact use
amb-map-0255	/cda:ClinicalDocument[1]/cda:participant[2]/cda:associatedEntity[1]/cda:scopingOrganization[1]/cda:telecom[1]/@value	426	tel:+74954342582	mapped	Organization/bf4ab503-064e-5e99-b244-f5475fc8d44c#/contact/0/telecom/0/value; Organization/bf4ab503-064e-5e99-b244-f5475fc8d44c#/contact/0/telecom/0/system	URI scheme -> ContactPoint.system
amb-map-0256	/cda:ClinicalDocument[1]/cda:participant[2]/cda:associatedEntity[1]/cda:scopingOrganization[1]/cda:addr[1]/cda:streetAddressLine[1]/text()	430	г Москва, ул Миклухо-Маклая, д 10	mapped	Organization/bf4ab503-064e-5e99-b244-f5475fc8d44c#/contact/0/address/text	copy
amb-map-0257	/cda:ClinicalDocument[1]/cda:participant[2]/cda:associatedEntity[1]/cda:scopingOrganization[1]/cda:addr[1]/address:stateCode[1]/@code	432	77	mapped	Organization/bf4ab503-064e-5e99-b244-f5475fc8d44c#/contact/0/address/extension/0/valueCodeableConcept/coding/0/code; Organization/bf4ab503-064e-5e99-b244-f5475fc8d44c#/contact/0/address/extension/0/valueCodeableConcept/coding/1/code	retain original NSI coding alongside canonical RuCore coding
amb-map-0258	/cda:ClinicalDocument[1]/cda:participant[2]/cda:associatedEntity[1]/cda:scopingOrganization[1]/cda:addr[1]/address:stateCode[1]/@codeSystem	432	1.2.643.5.1.13.13.99.2.206	mapped	Organization/bf4ab503-064e-5e99-b244-f5475fc8d44c#/contact/0/address/extension/0/valueCodeableConcept/coding/0/system; Organization/bf4ab503-064e-5e99-b244-f5475fc8d44c#/contact/0/address/extension/0/valueCodeableConcept/coding/1/system	retain original NSI coding alongside canonical RuCore coding
amb-map-0259	/cda:ClinicalDocument[1]/cda:participant[2]/cda:associatedEntity[1]/cda:scopingOrganization[1]/cda:addr[1]/address:stateCode[1]/@codeSystemName	432	Субъекты Российской Федерации	technical		CDA structural/type/dictionary-label metadata; exact value in trace/source
amb-map-0260	/cda:ClinicalDocument[1]/cda:participant[2]/cda:associatedEntity[1]/cda:scopingOrganization[1]/cda:addr[1]/address:stateCode[1]/@displayName	432	г. Москва	mapped	Organization/bf4ab503-064e-5e99-b244-f5475fc8d44c#/contact/0/address/extension/0/valueCodeableConcept/coding/0/display; Organization/bf4ab503-064e-5e99-b244-f5475fc8d44c#/contact/0/address/extension/0/valueCodeableConcept/coding/1/display	retain original NSI coding alongside canonical RuCore coding
amb-map-0261	/cda:ClinicalDocument[1]/cda:participant[2]/cda:associatedEntity[1]/cda:scopingOrganization[1]/cda:addr[1]/address:stateCode[1]/@codeSystemVersion	432	6.5	mapped	Organization/bf4ab503-064e-5e99-b244-f5475fc8d44c#/contact/0/address/extension/0/valueCodeableConcept/coding/1/version	NSI edition belongs to source OID coding
amb-map-0262	/cda:ClinicalDocument[1]/cda:participant[2]/cda:associatedEntity[1]/cda:scopingOrganization[1]/cda:addr[1]/cda:postalCode[1]/text()	434	117198	mapped	Organization/bf4ab503-064e-5e99-b244-f5475fc8d44c#/contact/0/address/postalCode	copy
amb-map-0263	/cda:ClinicalDocument[1]/cda:participant[2]/cda:associatedEntity[1]/cda:scopingOrganization[1]/cda:addr[1]/fias:Address[1]/fias:AOGUID[1]/text()	438	1dec06af-f015-425b-be4b-253fab5d7ccb	mapped	Organization/bf4ab503-064e-5e99-b244-f5475fc8d44c#/contact/0/address/extension/1/extension/0/valueIdentifier/value	copy
amb-map-0264	/cda:ClinicalDocument[1]/cda:participant[2]/cda:associatedEntity[1]/cda:scopingOrganization[1]/cda:addr[1]/fias:Address[1]/fias:HOUSEGUID[1]/text()	440	b1adc7d0-8160-47d0-9903-d794b72078f6	mapped	Organization/bf4ab503-064e-5e99-b244-f5475fc8d44c#/contact/0/address/extension/1/extension/1/valueIdentifier/value	copy
amb-map-0265	/cda:ClinicalDocument[1]/cda:inFulfillmentOf[1]/cda:order[1]/cda:id[1]/@root	451	1.2.643.5.1.13.3.25.77.50.100.1.1.51	mapped	DocumentReference/596e47e5-4e50-5f3c-9a00-2b37f678f7ce#/identifier/0/system	OID namespace -> URI
amb-map-0266	/cda:ClinicalDocument[1]/cda:inFulfillmentOf[1]/cda:order[1]/cda:id[1]/@extension	451	659481548	mapped	DocumentReference/596e47e5-4e50-5f3c-9a00-2b37f678f7ce#/identifier/0/value	copy
amb-map-0267	/cda:ClinicalDocument[1]/cda:inFulfillmentOf[1]/cda:order[1]/cda:id[2]/@root	453	1.2.643.5.1.13.13.17.1.1	mapped	DocumentReference/596e47e5-4e50-5f3c-9a00-2b37f678f7ce#/identifier/1/system	OID namespace -> URI
amb-map-0268	/cda:ClinicalDocument[1]/cda:inFulfillmentOf[1]/cda:order[1]/cda:id[2]/@extension	453	177.77.23.05.314159200	mapped	DocumentReference/596e47e5-4e50-5f3c-9a00-2b37f678f7ce#/identifier/1/value	copy
amb-map-0269	/cda:ClinicalDocument[1]/cda:inFulfillmentOf[1]/cda:order[1]/cda:code[1]/@code	455	3	mapped	DocumentReference/596e47e5-4e50-5f3c-9a00-2b37f678f7ce#/type/coding/0/code	copy
amb-map-0270	/cda:ClinicalDocument[1]/cda:inFulfillmentOf[1]/cda:order[1]/cda:code[1]/@codeSystem	455	1.2.643.5.1.13.13.11.1522	mapped	DocumentReference/596e47e5-4e50-5f3c-9a00-2b37f678f7ce#/type/coding/0/system	OID -> canonical RuCore URI or urn:oid
amb-map-0271	/cda:ClinicalDocument[1]/cda:inFulfillmentOf[1]/cda:order[1]/cda:code[1]/@codeSystemName	455	Виды медицинской документации	technical		CDA structural/type/dictionary-label metadata; exact value in trace/source
amb-map-0272	/cda:ClinicalDocument[1]/cda:inFulfillmentOf[1]/cda:order[1]/cda:code[1]/@displayName	455	Направление на госпитализацию, восстановительное лечение, обследование, консультацию	mapped	DocumentReference/596e47e5-4e50-5f3c-9a00-2b37f678f7ce#/type/coding/0/display	copy
amb-map-0273	/cda:ClinicalDocument[1]/cda:inFulfillmentOf[1]/cda:order[1]/cda:code[1]/@codeSystemVersion	455	7.19	mapped	DocumentReference/596e47e5-4e50-5f3c-9a00-2b37f678f7ce#/type/coding/0/version	copy
amb-map-0274	/cda:ClinicalDocument[1]/cda:documentationOf[1]/cda:serviceEvent[1]/cda:code[1]/@code	463	1	mapped	Procedure/7a5cf00b-2418-5f0f-a7b6-592c2bce2b15#/code/coding/0/code	copy
amb-map-0275	/cda:ClinicalDocument[1]/cda:documentationOf[1]/cda:serviceEvent[1]/cda:code[1]/@codeSystem	463	1.2.643.5.1.13.13.99.2.726	mapped	Procedure/7a5cf00b-2418-5f0f-a7b6-592c2bce2b15#/code/coding/0/system	OID -> canonical RuCore URI or urn:oid
amb-map-0276	/cda:ClinicalDocument[1]/cda:documentationOf[1]/cda:serviceEvent[1]/cda:code[1]/@codeSystemName	463	Типы документированных событий	technical		CDA structural/type/dictionary-label metadata; exact value in trace/source
amb-map-0277	/cda:ClinicalDocument[1]/cda:documentationOf[1]/cda:serviceEvent[1]/cda:code[1]/@displayName	463	Консультация	mapped	Procedure/7a5cf00b-2418-5f0f-a7b6-592c2bce2b15#/code/coding/0/display	copy
amb-map-0278	/cda:ClinicalDocument[1]/cda:documentationOf[1]/cda:serviceEvent[1]/cda:code[1]/@codeSystemVersion	463	3.31	mapped	Procedure/7a5cf00b-2418-5f0f-a7b6-592c2bce2b15#/code/coding/0/version	copy
amb-map-0279	/cda:ClinicalDocument[1]/cda:documentationOf[1]/cda:serviceEvent[1]/cda:effectiveTime[1]/cda:low[1]/@value	467	202305021530+0300	mapped	Procedure/7a5cf00b-2418-5f0f-a7b6-592c2bce2b15#/occurrencePeriod/start	CDA TS -> FHIR temporal value (minute precision padded with :00)
amb-map-0280	/cda:ClinicalDocument[1]/cda:documentationOf[1]/cda:serviceEvent[1]/cda:effectiveTime[1]/cda:high[1]/@value	469	202305021545+0300	mapped	Procedure/7a5cf00b-2418-5f0f-a7b6-592c2bce2b15#/occurrencePeriod/end	CDA TS -> FHIR temporal value (minute precision padded with :00)
amb-map-0281	/cda:ClinicalDocument[1]/cda:documentationOf[1]/cda:serviceEvent[1]/medService:serviceForm[1]/@code	472	1	mapped	Encounter/55c69e53-bab0-50e5-9280-036b4aa7cae9#/priority/coding/0/code	copy
amb-map-0282	/cda:ClinicalDocument[1]/cda:documentationOf[1]/cda:serviceEvent[1]/medService:serviceForm[1]/@codeSystem	472	1.2.643.5.1.13.13.11.1551	mapped	Encounter/55c69e53-bab0-50e5-9280-036b4aa7cae9#/priority/coding/0/system	OID -> canonical RuCore URI or urn:oid
amb-map-0283	/cda:ClinicalDocument[1]/cda:documentationOf[1]/cda:serviceEvent[1]/medService:serviceForm[1]/@codeSystemName	472	Формы оказания медицинской помощи	technical		CDA structural/type/dictionary-label metadata; exact value in trace/source
amb-map-0284	/cda:ClinicalDocument[1]/cda:documentationOf[1]/cda:serviceEvent[1]/medService:serviceForm[1]/@displayName	472	плановая	mapped	Encounter/55c69e53-bab0-50e5-9280-036b4aa7cae9#/priority/coding/0/display	copy
amb-map-0285	/cda:ClinicalDocument[1]/cda:documentationOf[1]/cda:serviceEvent[1]/medService:serviceForm[1]/@codeSystemVersion	472	1.1	mapped	Encounter/55c69e53-bab0-50e5-9280-036b4aa7cae9#/priority/coding/0/version	copy
amb-map-0286	/cda:ClinicalDocument[1]/cda:documentationOf[1]/cda:serviceEvent[1]/medService:serviceType[1]/@code	474	2	mapped	Encounter/55c69e53-bab0-50e5-9280-036b4aa7cae9#/serviceType/0/concept/coding/0/code	copy
amb-map-0287	/cda:ClinicalDocument[1]/cda:documentationOf[1]/cda:serviceEvent[1]/medService:serviceType[1]/@codeSystem	474	1.2.643.5.1.13.13.11.1034	mapped	Encounter/55c69e53-bab0-50e5-9280-036b4aa7cae9#/serviceType/0/concept/coding/0/system	OID -> canonical RuCore URI or urn:oid
amb-map-0288	/cda:ClinicalDocument[1]/cda:documentationOf[1]/cda:serviceEvent[1]/medService:serviceType[1]/@codeSystemName	474	Виды медицинской помощи	technical		CDA structural/type/dictionary-label metadata; exact value in trace/source
amb-map-0289	/cda:ClinicalDocument[1]/cda:documentationOf[1]/cda:serviceEvent[1]/medService:serviceType[1]/@displayName	474	Первичная врачебная медико-санитарная помощь	mapped	Encounter/55c69e53-bab0-50e5-9280-036b4aa7cae9#/serviceType/0/concept/coding/0/display	copy
amb-map-0290	/cda:ClinicalDocument[1]/cda:documentationOf[1]/cda:serviceEvent[1]/medService:serviceType[1]/@codeSystemVersion	474	4.2	mapped	Encounter/55c69e53-bab0-50e5-9280-036b4aa7cae9#/serviceType/0/concept/coding/0/version	copy
amb-map-0291	/cda:ClinicalDocument[1]/cda:documentationOf[1]/cda:serviceEvent[1]/medService:serviceCond[1]/@code	476	2	mapped	Encounter/55c69e53-bab0-50e5-9280-036b4aa7cae9#/class/0/coding/0/code	copy
amb-map-0292	/cda:ClinicalDocument[1]/cda:documentationOf[1]/cda:serviceEvent[1]/medService:serviceCond[1]/@codeSystem	476	1.2.643.5.1.13.13.99.2.322	mapped	Encounter/55c69e53-bab0-50e5-9280-036b4aa7cae9#/class/0/coding/0/system	OID -> canonical RuCore URI or urn:oid
amb-map-0293	/cda:ClinicalDocument[1]/cda:documentationOf[1]/cda:serviceEvent[1]/medService:serviceCond[1]/@codeSystemName	476	Условия оказания медицинской помощи	technical		CDA structural/type/dictionary-label metadata; exact value in trace/source
amb-map-0294	/cda:ClinicalDocument[1]/cda:documentationOf[1]/cda:serviceEvent[1]/medService:serviceCond[1]/@displayName	476	Амбулаторно, в том числе на дому при вызове медицинского работника	mapped	Encounter/55c69e53-bab0-50e5-9280-036b4aa7cae9#/class/0/coding/0/display	copy
amb-map-0295	/cda:ClinicalDocument[1]/cda:documentationOf[1]/cda:serviceEvent[1]/medService:serviceCond[1]/@codeSystemVersion	476	2.1	mapped	Encounter/55c69e53-bab0-50e5-9280-036b4aa7cae9#/class/0/coding/0/version	copy
amb-map-0296	/cda:ClinicalDocument[1]/cda:documentationOf[1]/cda:serviceEvent[1]/cda:performer[1]/@typeCode	478	PPRF	mapped	Procedure/7a5cf00b-2418-5f0f-a7b6-592c2bce2b15#/performer/0/function/coding/0/code	copy
amb-map-0297	/cda:ClinicalDocument[1]/cda:documentationOf[1]/cda:serviceEvent[1]/cda:performer[1]/cda:assignedEntity[1]/cda:id[1]/@root	482	1.2.643.5.1.13.13.12.2.77.7831.100.1.1.70	mapped	PractitionerRole/e3af0097-4771-57e4-aed6-ad982a926ba9#/identifier/0/system	OID namespace -> URI
amb-map-0298	/cda:ClinicalDocument[1]/cda:documentationOf[1]/cda:serviceEvent[1]/cda:performer[1]/cda:assignedEntity[1]/cda:id[1]/@extension	482	542174	mapped	PractitionerRole/e3af0097-4771-57e4-aed6-ad982a926ba9#/identifier/0/value	copy
amb-map-0299	/cda:ClinicalDocument[1]/cda:documentationOf[1]/cda:serviceEvent[1]/cda:performer[1]/cda:assignedEntity[1]/cda:code[1]/@code	484	34	mapped	PractitionerRole/e3af0097-4771-57e4-aed6-ad982a926ba9#/code/0/coding/0/code; PractitionerRole/e3af0097-4771-57e4-aed6-ad982a926ba9#/code/0/coding/1/code	retain original NSI coding alongside canonical RuCore coding
amb-map-0300	/cda:ClinicalDocument[1]/cda:documentationOf[1]/cda:serviceEvent[1]/cda:performer[1]/cda:assignedEntity[1]/cda:code[1]/@codeSystem	484	1.2.643.5.1.13.13.11.1002	mapped	PractitionerRole/e3af0097-4771-57e4-aed6-ad982a926ba9#/code/0/coding/0/system; PractitionerRole/e3af0097-4771-57e4-aed6-ad982a926ba9#/code/0/coding/1/system	retain original NSI coding alongside canonical RuCore coding
amb-map-0301	/cda:ClinicalDocument[1]/cda:documentationOf[1]/cda:serviceEvent[1]/cda:performer[1]/cda:assignedEntity[1]/cda:code[1]/@codeSystemName	484	Должности медицинских и фармацевтических работников	technical		CDA structural/type/dictionary-label metadata; exact value in trace/source
amb-map-0302	/cda:ClinicalDocument[1]/cda:documentationOf[1]/cda:serviceEvent[1]/cda:performer[1]/cda:assignedEntity[1]/cda:code[1]/@displayName	484	Врач-кардиолог	mapped	PractitionerRole/e3af0097-4771-57e4-aed6-ad982a926ba9#/code/0/coding/0/display; PractitionerRole/e3af0097-4771-57e4-aed6-ad982a926ba9#/code/0/coding/1/display	retain original NSI coding alongside canonical RuCore coding
amb-map-0303	/cda:ClinicalDocument[1]/cda:documentationOf[1]/cda:serviceEvent[1]/cda:performer[1]/cda:assignedEntity[1]/cda:code[1]/@codeSystemVersion	484	9.3	mapped	PractitionerRole/e3af0097-4771-57e4-aed6-ad982a926ba9#/code/0/coding/1/version	NSI edition belongs to source OID coding
amb-map-0304	/cda:ClinicalDocument[1]/cda:documentationOf[1]/cda:serviceEvent[1]/cda:performer[1]/cda:assignedEntity[1]/cda:telecom[1]/@value	486	tel:+74957443256	mapped	PractitionerRole/e3af0097-4771-57e4-aed6-ad982a926ba9#/contact/0/telecom/0/value; PractitionerRole/e3af0097-4771-57e4-aed6-ad982a926ba9#/contact/0/telecom/0/system	URI scheme -> ContactPoint.system
amb-map-0305	/cda:ClinicalDocument[1]/cda:documentationOf[1]/cda:serviceEvent[1]/cda:performer[1]/cda:assignedEntity[1]/cda:telecom[1]/@use	486	WP	mapped	PractitionerRole/e3af0097-4771-57e4-aed6-ad982a926ba9#/contact/0/telecom/0/use	CDA contact use
amb-map-0306	/cda:ClinicalDocument[1]/cda:documentationOf[1]/cda:serviceEvent[1]/cda:performer[1]/cda:assignedEntity[1]/cda:assignedPerson[1]/cda:name[1]/cda:family[1]/text()	492	Смирнов	mapped	Practitioner/99124107-e67f-54f2-b1e8-161373364894#/name/0/family	copy
amb-map-0307	/cda:ClinicalDocument[1]/cda:documentationOf[1]/cda:serviceEvent[1]/cda:performer[1]/cda:assignedEntity[1]/cda:assignedPerson[1]/cda:name[1]/cda:given[1]/text()	494	Александр	mapped	Practitioner/99124107-e67f-54f2-b1e8-161373364894#/name/0/given/0	copy
amb-map-0308	/cda:ClinicalDocument[1]/cda:documentationOf[1]/cda:serviceEvent[1]/cda:performer[1]/cda:assignedEntity[1]/cda:assignedPerson[1]/cda:name[1]/identity:Patronymic[1]/text()	496	Игоревич	mapped	Practitioner/99124107-e67f-54f2-b1e8-161373364894#/name/0/given/1	copy
amb-map-0309	/cda:ClinicalDocument[1]/cda:documentationOf[1]/cda:serviceEvent[1]/cda:performer[1]/cda:assignedEntity[1]/cda:representedOrganization[1]/@classCode	500	ORG	technical		CDA structural/type/dictionary-label metadata; exact value in trace/source
amb-map-0310	/cda:ClinicalDocument[1]/cda:documentationOf[1]/cda:serviceEvent[1]/cda:performer[1]/cda:assignedEntity[1]/cda:representedOrganization[1]/cda:id[1]/@root	502	1.2.643.5.1.13.13.12.2.77.7831	mapped	Organization/6fc10948-d46f-5107-a598-ccf93da76fd0#/identifier/0/value	FRMO organization OID
amb-map-0311	/cda:ClinicalDocument[1]/cda:documentationOf[1]/cda:serviceEvent[1]/cda:performer[1]/cda:assignedEntity[1]/cda:representedOrganization[1]/cda:id[1]/@extension	502	1.2.643.5.1.13.13.12.2.77.7831.0.107531	mapped	Organization/70c5ad7b-ea10-58b9-b492-da620f7f7407#/identifier/0/value	FRMO department OID
amb-map-0312	/cda:ClinicalDocument[1]/cda:documentationOf[1]/cda:serviceEvent[1]/cda:performer[1]/cda:assignedEntity[1]/cda:representedOrganization[1]/cda:name[1]/text()	504	"ГОСУДАРСТВЕННОЕ БЮДЖЕТНОЕ УЧРЕЖДЕНИЕ ЗДРАВООХРАНЕНИЯ ГОРОДА МОСКВЫ ""ГОРОДСКАЯ ПОЛИКЛИНИКА № 64 ДЕПАРТАМЕНТА ЗДРАВООХРАНЕНИЯ ГОРОДА МОСКВЫ"""	mapped	Organization/6fc10948-d46f-5107-a598-ccf93da76fd0#/name	copy
amb-map-0313	/cda:ClinicalDocument[1]/cda:documentationOf[1]/cda:serviceEvent[1]/cda:performer[1]/cda:assignedEntity[1]/cda:representedOrganization[1]/cda:telecom[1]/@use	506	WP	mapped	Organization/6fc10948-d46f-5107-a598-ccf93da76fd0#/contact/0/telecom/0/use	CDA contact use
amb-map-0314	/cda:ClinicalDocument[1]/cda:documentationOf[1]/cda:serviceEvent[1]/cda:performer[1]/cda:assignedEntity[1]/cda:representedOrganization[1]/cda:telecom[1]/@value	506	tel:+74953754826	mapped	Organization/6fc10948-d46f-5107-a598-ccf93da76fd0#/contact/0/telecom/0/value; Organization/6fc10948-d46f-5107-a598-ccf93da76fd0#/contact/0/telecom/0/system	URI scheme -> ContactPoint.system
amb-map-0315	/cda:ClinicalDocument[1]/cda:documentationOf[1]/cda:serviceEvent[1]/cda:performer[1]/cda:assignedEntity[1]/cda:representedOrganization[1]/cda:addr[1]/cda:streetAddressLine[1]/text()	510	г Москва, ул Ладожская, д 4-6 стр 1	mapped	Organization/6fc10948-d46f-5107-a598-ccf93da76fd0#/contact/0/address/text	copy
amb-map-0316	/cda:ClinicalDocument[1]/cda:documentationOf[1]/cda:serviceEvent[1]/cda:performer[1]/cda:assignedEntity[1]/cda:representedOrganization[1]/cda:addr[1]/address:stateCode[1]/@code	512	77	mapped	Organization/6fc10948-d46f-5107-a598-ccf93da76fd0#/contact/0/address/extension/0/valueCodeableConcept/coding/0/code; Organization/6fc10948-d46f-5107-a598-ccf93da76fd0#/contact/0/address/extension/0/valueCodeableConcept/coding/1/code	retain original NSI coding alongside canonical RuCore coding
amb-map-0317	/cda:ClinicalDocument[1]/cda:documentationOf[1]/cda:serviceEvent[1]/cda:performer[1]/cda:assignedEntity[1]/cda:representedOrganization[1]/cda:addr[1]/address:stateCode[1]/@codeSystem	512	1.2.643.5.1.13.13.99.2.206	mapped	Organization/6fc10948-d46f-5107-a598-ccf93da76fd0#/contact/0/address/extension/0/valueCodeableConcept/coding/0/system; Organization/6fc10948-d46f-5107-a598-ccf93da76fd0#/contact/0/address/extension/0/valueCodeableConcept/coding/1/system	retain original NSI coding alongside canonical RuCore coding
amb-map-0318	/cda:ClinicalDocument[1]/cda:documentationOf[1]/cda:serviceEvent[1]/cda:performer[1]/cda:assignedEntity[1]/cda:representedOrganization[1]/cda:addr[1]/address:stateCode[1]/@codeSystemName	512	Субъекты Российской Федерации	technical		CDA structural/type/dictionary-label metadata; exact value in trace/source
amb-map-0319	/cda:ClinicalDocument[1]/cda:documentationOf[1]/cda:serviceEvent[1]/cda:performer[1]/cda:assignedEntity[1]/cda:representedOrganization[1]/cda:addr[1]/address:stateCode[1]/@displayName	512	г. Москва	mapped	Organization/6fc10948-d46f-5107-a598-ccf93da76fd0#/contact/0/address/extension/0/valueCodeableConcept/coding/0/display; Organization/6fc10948-d46f-5107-a598-ccf93da76fd0#/contact/0/address/extension/0/valueCodeableConcept/coding/1/display	retain original NSI coding alongside canonical RuCore coding
amb-map-0320	/cda:ClinicalDocument[1]/cda:documentationOf[1]/cda:serviceEvent[1]/cda:performer[1]/cda:assignedEntity[1]/cda:representedOrganization[1]/cda:addr[1]/address:stateCode[1]/@codeSystemVersion	512	6.5	mapped	Organization/6fc10948-d46f-5107-a598-ccf93da76fd0#/contact/0/address/extension/0/valueCodeableConcept/coding/1/version	NSI edition belongs to source OID coding
amb-map-0321	/cda:ClinicalDocument[1]/cda:documentationOf[1]/cda:serviceEvent[1]/cda:performer[1]/cda:assignedEntity[1]/cda:representedOrganization[1]/cda:addr[1]/cda:postalCode[1]/text()	514	105005	mapped	Organization/6fc10948-d46f-5107-a598-ccf93da76fd0#/contact/0/address/postalCode	copy
amb-map-0322	/cda:ClinicalDocument[1]/cda:documentationOf[1]/cda:serviceEvent[1]/cda:performer[1]/cda:assignedEntity[1]/cda:representedOrganization[1]/cda:addr[1]/fias:Address[1]/fias:AOGUID[1]/text()	518	212d3123-9c4d-4579-b31a-b5c6e9632b04	mapped	Organization/6fc10948-d46f-5107-a598-ccf93da76fd0#/contact/0/address/extension/1/extension/0/valueIdentifier/value	copy
amb-map-0323	/cda:ClinicalDocument[1]/cda:documentationOf[1]/cda:serviceEvent[1]/cda:performer[1]/cda:assignedEntity[1]/cda:representedOrganization[1]/cda:addr[1]/fias:Address[1]/fias:HOUSEGUID[1]/text()	520	e59f1e55-75c8-4037-9615-ed7ce751b745	mapped	Organization/6fc10948-d46f-5107-a598-ccf93da76fd0#/contact/0/address/extension/1/extension/1/valueIdentifier/value	copy
amb-map-0324	/cda:ClinicalDocument[1]/cda:documentationOf[1]/cda:serviceEvent[1]/cda:performer[2]/@typeCode	527	SPRF	mapped	Procedure/7a5cf00b-2418-5f0f-a7b6-592c2bce2b15#/performer/1/function/coding/0/code	copy
amb-map-0325	/cda:ClinicalDocument[1]/cda:documentationOf[1]/cda:serviceEvent[1]/cda:performer[2]/cda:assignedEntity[1]/cda:id[1]/@root	531	1.2.643.5.1.13.13.12.2.77.7831.100.1.1.70	mapped	PractitionerRole/d88a7406-3a8b-5684-ad76-0cc03bb9ce65#/identifier/0/system	OID namespace -> URI
amb-map-0326	/cda:ClinicalDocument[1]/cda:documentationOf[1]/cda:serviceEvent[1]/cda:performer[2]/cda:assignedEntity[1]/cda:id[1]/@extension	531	542174	mapped	PractitionerRole/d88a7406-3a8b-5684-ad76-0cc03bb9ce65#/identifier/0/value	copy
amb-map-0327	/cda:ClinicalDocument[1]/cda:documentationOf[1]/cda:serviceEvent[1]/cda:performer[2]/cda:assignedEntity[1]/cda:code[1]/@code	533	159	mapped	PractitionerRole/d88a7406-3a8b-5684-ad76-0cc03bb9ce65#/code/0/coding/0/code; PractitionerRole/d88a7406-3a8b-5684-ad76-0cc03bb9ce65#/code/0/coding/1/code	retain original NSI coding alongside canonical RuCore coding
amb-map-0328	/cda:ClinicalDocument[1]/cda:documentationOf[1]/cda:serviceEvent[1]/cda:performer[2]/cda:assignedEntity[1]/cda:code[1]/@codeSystem	533	1.2.643.5.1.13.13.11.1002	mapped	PractitionerRole/d88a7406-3a8b-5684-ad76-0cc03bb9ce65#/code/0/coding/0/system; PractitionerRole/d88a7406-3a8b-5684-ad76-0cc03bb9ce65#/code/0/coding/1/system	retain original NSI coding alongside canonical RuCore coding
amb-map-0329	/cda:ClinicalDocument[1]/cda:documentationOf[1]/cda:serviceEvent[1]/cda:performer[2]/cda:assignedEntity[1]/cda:code[1]/@codeSystemVersion	533	9.3	mapped	PractitionerRole/d88a7406-3a8b-5684-ad76-0cc03bb9ce65#/code/0/coding/1/version	NSI edition belongs to source OID coding
amb-map-0330	/cda:ClinicalDocument[1]/cda:documentationOf[1]/cda:serviceEvent[1]/cda:performer[2]/cda:assignedEntity[1]/cda:code[1]/@codeSystemName	533	Должности медицинских и фармацевтических работников	technical		CDA structural/type/dictionary-label metadata; exact value in trace/source
amb-map-0331	/cda:ClinicalDocument[1]/cda:documentationOf[1]/cda:serviceEvent[1]/cda:performer[2]/cda:assignedEntity[1]/cda:code[1]/@displayName	533	Медицинская сестра	mapped	PractitionerRole/d88a7406-3a8b-5684-ad76-0cc03bb9ce65#/code/0/coding/0/display; PractitionerRole/d88a7406-3a8b-5684-ad76-0cc03bb9ce65#/code/0/coding/1/display	retain original NSI coding alongside canonical RuCore coding
amb-map-0332	/cda:ClinicalDocument[1]/cda:documentationOf[1]/cda:serviceEvent[1]/cda:performer[2]/cda:assignedEntity[1]/cda:telecom[1]/@use	535	WP	mapped	PractitionerRole/d88a7406-3a8b-5684-ad76-0cc03bb9ce65#/contact/0/telecom/0/use	CDA contact use
amb-map-0333	/cda:ClinicalDocument[1]/cda:documentationOf[1]/cda:serviceEvent[1]/cda:performer[2]/cda:assignedEntity[1]/cda:telecom[1]/@value	535	tel:+74957443255	mapped	PractitionerRole/d88a7406-3a8b-5684-ad76-0cc03bb9ce65#/contact/0/telecom/0/value; PractitionerRole/d88a7406-3a8b-5684-ad76-0cc03bb9ce65#/contact/0/telecom/0/system	URI scheme -> ContactPoint.system
amb-map-0334	/cda:ClinicalDocument[1]/cda:documentationOf[1]/cda:serviceEvent[1]/cda:performer[2]/cda:assignedEntity[1]/cda:assignedPerson[1]/cda:name[1]/cda:family[1]/text()	541	Иванова	mapped	Practitioner/5c6d7c30-160e-5bca-ae8f-cd50e66835fd#/name/0/family	copy
amb-map-0335	/cda:ClinicalDocument[1]/cda:documentationOf[1]/cda:serviceEvent[1]/cda:performer[2]/cda:assignedEntity[1]/cda:assignedPerson[1]/cda:name[1]/cda:given[1]/text()	543	Татьяна	mapped	Practitioner/5c6d7c30-160e-5bca-ae8f-cd50e66835fd#/name/0/given/0	copy
amb-map-0336	/cda:ClinicalDocument[1]/cda:documentationOf[1]/cda:serviceEvent[1]/cda:performer[2]/cda:assignedEntity[1]/cda:assignedPerson[1]/cda:name[1]/identity:Patronymic[1]/text()	545	Михайловна	mapped	Practitioner/5c6d7c30-160e-5bca-ae8f-cd50e66835fd#/name/0/given/1	copy
amb-map-0337	/cda:ClinicalDocument[1]/cda:documentationOf[1]/cda:serviceEvent[1]/cda:performer[2]/cda:assignedEntity[1]/cda:representedOrganization[1]/@classCode	549	ORG	technical		CDA structural/type/dictionary-label metadata; exact value in trace/source
amb-map-0338	/cda:ClinicalDocument[1]/cda:documentationOf[1]/cda:serviceEvent[1]/cda:performer[2]/cda:assignedEntity[1]/cda:representedOrganization[1]/cda:id[1]/@root	551	1.2.643.5.1.13.13.12.2.77.7831	mapped	Organization/4d041a79-88b0-541f-a66e-bbd708e26058#/identifier/0/value	FRMO organization OID
amb-map-0339	/cda:ClinicalDocument[1]/cda:documentationOf[1]/cda:serviceEvent[1]/cda:performer[2]/cda:assignedEntity[1]/cda:representedOrganization[1]/cda:id[1]/@extension	551	1.2.643.5.1.13.13.12.2.77.7831.0.107531	mapped	Organization/a30fe7fd-913a-5e59-a773-74dec5df6fa7#/identifier/0/value	FRMO department OID
amb-map-0340	/cda:ClinicalDocument[1]/cda:documentationOf[1]/cda:serviceEvent[1]/cda:performer[2]/cda:assignedEntity[1]/cda:representedOrganization[1]/cda:name[1]/text()	553	"ГОСУДАРСТВЕННОЕ БЮДЖЕТНОЕ УЧРЕЖДЕНИЕ ЗДРАВООХРАНЕНИЯ ГОРОДА МОСКВЫ ""ГОРОДСКАЯ ПОЛИКЛИНИКА № 64 ДЕПАРТАМЕНТА ЗДРАВООХРАНЕНИЯ ГОРОДА МОСКВЫ"""	mapped	Organization/4d041a79-88b0-541f-a66e-bbd708e26058#/name	copy
amb-map-0341	/cda:ClinicalDocument[1]/cda:documentationOf[1]/cda:serviceEvent[1]/cda:performer[2]/cda:assignedEntity[1]/cda:representedOrganization[1]/cda:telecom[1]/@use	555	WP	mapped	Organization/4d041a79-88b0-541f-a66e-bbd708e26058#/contact/0/telecom/0/use	CDA contact use
amb-map-0342	/cda:ClinicalDocument[1]/cda:documentationOf[1]/cda:serviceEvent[1]/cda:performer[2]/cda:assignedEntity[1]/cda:representedOrganization[1]/cda:telecom[1]/@value	555	tel:+74953754826	mapped	Organization/4d041a79-88b0-541f-a66e-bbd708e26058#/contact/0/telecom/0/value; Organization/4d041a79-88b0-541f-a66e-bbd708e26058#/contact/0/telecom/0/system	URI scheme -> ContactPoint.system
amb-map-0343	/cda:ClinicalDocument[1]/cda:documentationOf[1]/cda:serviceEvent[1]/cda:performer[2]/cda:assignedEntity[1]/cda:representedOrganization[1]/cda:addr[1]/cda:streetAddressLine[1]/text()	559	г Москва, ул Ладожская, д 4-6 стр 1	mapped	Organization/4d041a79-88b0-541f-a66e-bbd708e26058#/contact/0/address/text	copy
amb-map-0344	/cda:ClinicalDocument[1]/cda:documentationOf[1]/cda:serviceEvent[1]/cda:performer[2]/cda:assignedEntity[1]/cda:representedOrganization[1]/cda:addr[1]/address:stateCode[1]/@code	561	77	mapped	Organization/4d041a79-88b0-541f-a66e-bbd708e26058#/contact/0/address/extension/0/valueCodeableConcept/coding/0/code; Organization/4d041a79-88b0-541f-a66e-bbd708e26058#/contact/0/address/extension/0/valueCodeableConcept/coding/1/code	retain original NSI coding alongside canonical RuCore coding
amb-map-0345	/cda:ClinicalDocument[1]/cda:documentationOf[1]/cda:serviceEvent[1]/cda:performer[2]/cda:assignedEntity[1]/cda:representedOrganization[1]/cda:addr[1]/address:stateCode[1]/@codeSystem	561	1.2.643.5.1.13.13.99.2.206	mapped	Organization/4d041a79-88b0-541f-a66e-bbd708e26058#/contact/0/address/extension/0/valueCodeableConcept/coding/0/system; Organization/4d041a79-88b0-541f-a66e-bbd708e26058#/contact/0/address/extension/0/valueCodeableConcept/coding/1/system	retain original NSI coding alongside canonical RuCore coding
amb-map-0346	/cda:ClinicalDocument[1]/cda:documentationOf[1]/cda:serviceEvent[1]/cda:performer[2]/cda:assignedEntity[1]/cda:representedOrganization[1]/cda:addr[1]/address:stateCode[1]/@codeSystemName	561	Субъекты Российской Федерации	technical		CDA structural/type/dictionary-label metadata; exact value in trace/source
amb-map-0347	/cda:ClinicalDocument[1]/cda:documentationOf[1]/cda:serviceEvent[1]/cda:performer[2]/cda:assignedEntity[1]/cda:representedOrganization[1]/cda:addr[1]/address:stateCode[1]/@displayName	561	г. Москва	mapped	Organization/4d041a79-88b0-541f-a66e-bbd708e26058#/contact/0/address/extension/0/valueCodeableConcept/coding/0/display; Organization/4d041a79-88b0-541f-a66e-bbd708e26058#/contact/0/address/extension/0/valueCodeableConcept/coding/1/display	retain original NSI coding alongside canonical RuCore coding
amb-map-0348	/cda:ClinicalDocument[1]/cda:documentationOf[1]/cda:serviceEvent[1]/cda:performer[2]/cda:assignedEntity[1]/cda:representedOrganization[1]/cda:addr[1]/address:stateCode[1]/@codeSystemVersion	561	6.5	mapped	Organization/4d041a79-88b0-541f-a66e-bbd708e26058#/contact/0/address/extension/0/valueCodeableConcept/coding/1/version	NSI edition belongs to source OID coding
amb-map-0349	/cda:ClinicalDocument[1]/cda:documentationOf[1]/cda:serviceEvent[1]/cda:performer[2]/cda:assignedEntity[1]/cda:representedOrganization[1]/cda:addr[1]/cda:postalCode[1]/text()	563	105005	mapped	Organization/4d041a79-88b0-541f-a66e-bbd708e26058#/contact/0/address/postalCode	copy
amb-map-0350	/cda:ClinicalDocument[1]/cda:documentationOf[1]/cda:serviceEvent[1]/cda:performer[2]/cda:assignedEntity[1]/cda:representedOrganization[1]/cda:addr[1]/fias:Address[1]/fias:AOGUID[1]/text()	567	212d3123-9c4d-4579-b31a-b5c6e9632b04	mapped	Organization/4d041a79-88b0-541f-a66e-bbd708e26058#/contact/0/address/extension/1/extension/0/valueIdentifier/value	copy
amb-map-0351	/cda:ClinicalDocument[1]/cda:documentationOf[1]/cda:serviceEvent[1]/cda:performer[2]/cda:assignedEntity[1]/cda:representedOrganization[1]/cda:addr[1]/fias:Address[1]/fias:HOUSEGUID[1]/text()	569	e59f1e55-75c8-4037-9615-ed7ce751b745	mapped	Organization/4d041a79-88b0-541f-a66e-bbd708e26058#/contact/0/address/extension/1/extension/1/valueIdentifier/value	copy
amb-map-0352	/cda:ClinicalDocument[1]/cda:componentOf[1]/cda:encompassingEncounter[1]/cda:id[1]/@root	582	1.2.643.5.1.13.13.12.2.77.7831.100.1.1.15	mapped	Encounter/55c69e53-bab0-50e5-9280-036b4aa7cae9#/identifier/0/system	OID namespace -> URI
amb-map-0353	/cda:ClinicalDocument[1]/cda:componentOf[1]/cda:encompassingEncounter[1]/cda:id[1]/@extension	582	5469-16	mapped	Encounter/55c69e53-bab0-50e5-9280-036b4aa7cae9#/identifier/0/value	copy
amb-map-0354	/cda:ClinicalDocument[1]/cda:componentOf[1]/cda:encompassingEncounter[1]/cda:id[2]/@root	584	1.2.643.5.1.13.13.12.2.77.7831.100.1.1.17	mapped	Encounter/55c69e53-bab0-50e5-9280-036b4aa7cae9#/partOf/identifier/system	OID namespace -> URI
amb-map-0355	/cda:ClinicalDocument[1]/cda:componentOf[1]/cda:encompassingEncounter[1]/cda:id[2]/@extension	584	5499-16	mapped	Encounter/55c69e53-bab0-50e5-9280-036b4aa7cae9#/partOf/identifier/value	copy
amb-map-0356	/cda:ClinicalDocument[1]/cda:componentOf[1]/cda:encompassingEncounter[1]/cda:code[1]/@code	586	1	mapped	Encounter/55c69e53-bab0-50e5-9280-036b4aa7cae9#/partOf/identifier/type/coding/0/code	copy
amb-map-0357	/cda:ClinicalDocument[1]/cda:componentOf[1]/cda:encompassingEncounter[1]/cda:code[1]/@codeSystem	586	1.2.643.5.1.13.13.99.2.723	mapped	Encounter/55c69e53-bab0-50e5-9280-036b4aa7cae9#/partOf/identifier/type/coding/0/system	OID -> canonical RuCore URI or urn:oid
amb-map-0358	/cda:ClinicalDocument[1]/cda:componentOf[1]/cda:encompassingEncounter[1]/cda:code[1]/@codeSystemName	586	Типы медицинских карт	technical		CDA structural/type/dictionary-label metadata; exact value in trace/source
amb-map-0359	/cda:ClinicalDocument[1]/cda:componentOf[1]/cda:encompassingEncounter[1]/cda:code[1]/@displayName	586	Амбулаторная медицинская карта	mapped	Encounter/55c69e53-bab0-50e5-9280-036b4aa7cae9#/partOf/identifier/type/coding/0/display	copy
amb-map-0360	/cda:ClinicalDocument[1]/cda:componentOf[1]/cda:encompassingEncounter[1]/cda:code[1]/@codeSystemVersion	586	1.1	mapped	Encounter/55c69e53-bab0-50e5-9280-036b4aa7cae9#/partOf/identifier/type/coding/0/version	copy
amb-map-0361	/cda:ClinicalDocument[1]/cda:componentOf[1]/cda:encompassingEncounter[1]/cda:effectiveTime[1]/cda:low[1]/@value	591	202305021530+0300	mapped	Encounter/55c69e53-bab0-50e5-9280-036b4aa7cae9#/actualPeriod/start	CDA TS -> FHIR temporal value (minute precision padded with :00)
amb-map-0362	/cda:ClinicalDocument[1]/cda:componentOf[1]/cda:encompassingEncounter[1]/cda:effectiveTime[1]/cda:high[1]/@value	593	202305021545+0300	mapped	Encounter/55c69e53-bab0-50e5-9280-036b4aa7cae9#/actualPeriod/end	CDA TS -> FHIR temporal value (minute precision padded with :00)
amb-map-0363	/cda:ClinicalDocument[1]/cda:component[1]/cda:structuredBody[1]/cda:component[1]/cda:section[1]/cda:code[1]/@code	606	DOCINFO	mapped	Composition/202d52a8-af92-5ef3-9a7e-d83305a85264#/section/0/code/coding/0/code	copy
amb-map-0364	/cda:ClinicalDocument[1]/cda:component[1]/cda:structuredBody[1]/cda:component[1]/cda:section[1]/cda:code[1]/@codeSystem	606	1.2.643.5.1.13.13.99.2.197	mapped	Composition/202d52a8-af92-5ef3-9a7e-d83305a85264#/section/0/code/coding/0/system	OID -> canonical RuCore URI or urn:oid
amb-map-0365	/cda:ClinicalDocument[1]/cda:component[1]/cda:structuredBody[1]/cda:component[1]/cda:section[1]/cda:code[1]/@codeSystemName	606	Секции электронных медицинских документов	technical		CDA structural/type/dictionary-label metadata; exact value in trace/source
amb-map-0366	/cda:ClinicalDocument[1]/cda:component[1]/cda:structuredBody[1]/cda:component[1]/cda:section[1]/cda:code[1]/@displayName	606	Сведения о документе	mapped	Composition/202d52a8-af92-5ef3-9a7e-d83305a85264#/section/0/code/coding/0/display	copy
amb-map-0367	/cda:ClinicalDocument[1]/cda:component[1]/cda:structuredBody[1]/cda:component[1]/cda:section[1]/cda:code[1]/@codeSystemVersion	606	4.20	mapped	Composition/202d52a8-af92-5ef3-9a7e-d83305a85264#/section/0/code/coding/0/version	copy
amb-map-0368	/cda:ClinicalDocument[1]/cda:component[1]/cda:structuredBody[1]/cda:component[1]/cda:section[1]/cda:title[1]/text()	608	Сведения о консультации	mapped	Composition/202d52a8-af92-5ef3-9a7e-d83305a85264#/section/0/title	copy
amb-map-0369	/cda:ClinicalDocument[1]/cda:component[1]/cda:structuredBody[1]/cda:component[1]/cda:section[1]/cda:entry[1]/cda:observation[1]/@classCode	612	OBS	technical		CDA structural/type/dictionary-label metadata; exact value in trace/source
amb-map-0370	/cda:ClinicalDocument[1]/cda:component[1]/cda:structuredBody[1]/cda:component[1]/cda:section[1]/cda:entry[1]/cda:observation[1]/@moodCode	612	EVN	technical		CDA structural/type/dictionary-label metadata; exact value in trace/source
amb-map-0371	/cda:ClinicalDocument[1]/cda:component[1]/cda:structuredBody[1]/cda:component[1]/cda:section[1]/cda:entry[1]/cda:observation[1]/cda:code[1]/@code	614	800	mapped	Observation/348face2-c97c-5944-8010-f6e866c5081c#/code/coding/0/code	copy
amb-map-0372	/cda:ClinicalDocument[1]/cda:component[1]/cda:structuredBody[1]/cda:component[1]/cda:section[1]/cda:entry[1]/cda:observation[1]/cda:code[1]/@codeSystem	614	1.2.643.5.1.13.13.99.2.166	mapped	Observation/348face2-c97c-5944-8010-f6e866c5081c#/code/coding/0/system	OID -> canonical RuCore URI or urn:oid
amb-map-0373	/cda:ClinicalDocument[1]/cda:component[1]/cda:structuredBody[1]/cda:component[1]/cda:section[1]/cda:entry[1]/cda:observation[1]/cda:code[1]/@codeSystemName	614	Кодируемые поля CDA документов	technical		CDA structural/type/dictionary-label metadata; exact value in trace/source
amb-map-0374	/cda:ClinicalDocument[1]/cda:component[1]/cda:structuredBody[1]/cda:component[1]/cda:section[1]/cda:entry[1]/cda:observation[1]/cda:code[1]/@displayName	614	Обращение	mapped	Observation/348face2-c97c-5944-8010-f6e866c5081c#/code/coding/0/display	copy
amb-map-0375	/cda:ClinicalDocument[1]/cda:component[1]/cda:structuredBody[1]/cda:component[1]/cda:section[1]/cda:entry[1]/cda:observation[1]/cda:code[1]/@codeSystemVersion	614	5.27	mapped	Observation/348face2-c97c-5944-8010-f6e866c5081c#/code/coding/0/version	copy
amb-map-0376	/cda:ClinicalDocument[1]/cda:component[1]/cda:structuredBody[1]/cda:component[1]/cda:section[1]/cda:entry[1]/cda:observation[1]/cda:value[1]/@xsi:type	616	CD	technical		CDA structural/type/dictionary-label metadata; exact value in trace/source
amb-map-0377	/cda:ClinicalDocument[1]/cda:component[1]/cda:structuredBody[1]/cda:component[1]/cda:section[1]/cda:entry[1]/cda:observation[1]/cda:value[1]/@code	616	2	mapped	Observation/348face2-c97c-5944-8010-f6e866c5081c#/valueCodeableConcept/coding/0/code	copy
amb-map-0378	/cda:ClinicalDocument[1]/cda:component[1]/cda:structuredBody[1]/cda:component[1]/cda:section[1]/cda:entry[1]/cda:observation[1]/cda:value[1]/@codeSystem	616	1.2.643.5.1.13.13.11.1007	mapped	Observation/348face2-c97c-5944-8010-f6e866c5081c#/valueCodeableConcept/coding/0/system	OID -> canonical RuCore URI or urn:oid
amb-map-0379	/cda:ClinicalDocument[1]/cda:component[1]/cda:structuredBody[1]/cda:component[1]/cda:section[1]/cda:entry[1]/cda:observation[1]/cda:value[1]/@codeSystemName	616	Вид случая госпитализации или обращения (первичный, повторный)	technical		CDA structural/type/dictionary-label metadata; exact value in trace/source
amb-map-0380	/cda:ClinicalDocument[1]/cda:component[1]/cda:structuredBody[1]/cda:component[1]/cda:section[1]/cda:entry[1]/cda:observation[1]/cda:value[1]/@displayName	616	Повторный	mapped	Observation/348face2-c97c-5944-8010-f6e866c5081c#/valueCodeableConcept/coding/0/display	copy
amb-map-0381	/cda:ClinicalDocument[1]/cda:component[1]/cda:structuredBody[1]/cda:component[1]/cda:section[1]/cda:entry[1]/cda:observation[1]/cda:value[1]/@codeSystemVersion	616	2.1	mapped	Observation/348face2-c97c-5944-8010-f6e866c5081c#/valueCodeableConcept/coding/0/version	copy
amb-map-0382	/cda:ClinicalDocument[1]/cda:component[1]/cda:structuredBody[1]/cda:component[1]/cda:section[1]/cda:entry[2]/cda:observation[1]/@classCode	622	OBS	technical		CDA structural/type/dictionary-label metadata; exact value in trace/source
amb-map-0383	/cda:ClinicalDocument[1]/cda:component[1]/cda:structuredBody[1]/cda:component[1]/cda:section[1]/cda:entry[2]/cda:observation[1]/@moodCode	622	EVN	technical		CDA structural/type/dictionary-label metadata; exact value in trace/source
amb-map-0384	/cda:ClinicalDocument[1]/cda:component[1]/cda:structuredBody[1]/cda:component[1]/cda:section[1]/cda:entry[2]/cda:observation[1]/cda:code[1]/@code	624	801	mapped	Observation/b3d4bd52-5f1b-57d6-a99a-86efd155c2c7#/code/coding/0/code	copy
amb-map-0385	/cda:ClinicalDocument[1]/cda:component[1]/cda:structuredBody[1]/cda:component[1]/cda:section[1]/cda:entry[2]/cda:observation[1]/cda:code[1]/@codeSystem	624	1.2.643.5.1.13.13.99.2.166	mapped	Observation/b3d4bd52-5f1b-57d6-a99a-86efd155c2c7#/code/coding/0/system	OID -> canonical RuCore URI or urn:oid
amb-map-0386	/cda:ClinicalDocument[1]/cda:component[1]/cda:structuredBody[1]/cda:component[1]/cda:section[1]/cda:entry[2]/cda:observation[1]/cda:code[1]/@codeSystemName	624	Кодируемые поля CDA документов	technical		CDA structural/type/dictionary-label metadata; exact value in trace/source
amb-map-0387	/cda:ClinicalDocument[1]/cda:component[1]/cda:structuredBody[1]/cda:component[1]/cda:section[1]/cda:entry[2]/cda:observation[1]/cda:code[1]/@displayName	624	Место проведения	mapped	Observation/b3d4bd52-5f1b-57d6-a99a-86efd155c2c7#/code/coding/0/display	copy
amb-map-0388	/cda:ClinicalDocument[1]/cda:component[1]/cda:structuredBody[1]/cda:component[1]/cda:section[1]/cda:entry[2]/cda:observation[1]/cda:code[1]/@codeSystemVersion	624	5.27	mapped	Observation/b3d4bd52-5f1b-57d6-a99a-86efd155c2c7#/code/coding/0/version	copy
amb-map-0389	/cda:ClinicalDocument[1]/cda:component[1]/cda:structuredBody[1]/cda:component[1]/cda:section[1]/cda:entry[2]/cda:observation[1]/cda:value[1]/@xsi:type	626	CD	technical		CDA structural/type/dictionary-label metadata; exact value in trace/source
amb-map-0390	/cda:ClinicalDocument[1]/cda:component[1]/cda:structuredBody[1]/cda:component[1]/cda:section[1]/cda:entry[2]/cda:observation[1]/cda:value[1]/@code	626	1	mapped	Observation/b3d4bd52-5f1b-57d6-a99a-86efd155c2c7#/valueCodeableConcept/coding/0/code	copy
amb-map-0391	/cda:ClinicalDocument[1]/cda:component[1]/cda:structuredBody[1]/cda:component[1]/cda:section[1]/cda:entry[2]/cda:observation[1]/cda:value[1]/@codeSystem	626	1.2.643.5.1.13.13.11.1008	mapped	Observation/b3d4bd52-5f1b-57d6-a99a-86efd155c2c7#/valueCodeableConcept/coding/0/system	OID -> canonical RuCore URI or urn:oid
amb-map-0392	/cda:ClinicalDocument[1]/cda:component[1]/cda:structuredBody[1]/cda:component[1]/cda:section[1]/cda:entry[2]/cda:observation[1]/cda:value[1]/@codeSystemName	626	Место оказания медицинской помощи	technical		CDA structural/type/dictionary-label metadata; exact value in trace/source
amb-map-0393	/cda:ClinicalDocument[1]/cda:component[1]/cda:structuredBody[1]/cda:component[1]/cda:section[1]/cda:entry[2]/cda:observation[1]/cda:value[1]/@displayName	626	Амбулаторно-поликлиническое учреждение	mapped	Observation/b3d4bd52-5f1b-57d6-a99a-86efd155c2c7#/valueCodeableConcept/coding/0/display	copy
amb-map-0394	/cda:ClinicalDocument[1]/cda:component[1]/cda:structuredBody[1]/cda:component[1]/cda:section[1]/cda:entry[2]/cda:observation[1]/cda:value[1]/@codeSystemVersion	626	5.1	mapped	Observation/b3d4bd52-5f1b-57d6-a99a-86efd155c2c7#/valueCodeableConcept/coding/0/version	copy
amb-map-0395	/cda:ClinicalDocument[1]/cda:component[1]/cda:structuredBody[1]/cda:component[1]/cda:section[1]/cda:entry[3]/cda:observation[1]/@classCode	633	OBS	technical		CDA structural/type/dictionary-label metadata; exact value in trace/source
amb-map-0396	/cda:ClinicalDocument[1]/cda:component[1]/cda:structuredBody[1]/cda:component[1]/cda:section[1]/cda:entry[3]/cda:observation[1]/@moodCode	633	EVN	technical		CDA structural/type/dictionary-label metadata; exact value in trace/source
amb-map-0397	/cda:ClinicalDocument[1]/cda:component[1]/cda:structuredBody[1]/cda:component[1]/cda:section[1]/cda:entry[3]/cda:observation[1]/cda:code[1]/@code	635	804	mapped	Observation/fc449209-a637-5c53-b7de-d626e419f7a9#/code/coding/0/code	copy
amb-map-0398	/cda:ClinicalDocument[1]/cda:component[1]/cda:structuredBody[1]/cda:component[1]/cda:section[1]/cda:entry[3]/cda:observation[1]/cda:code[1]/@codeSystem	635	1.2.643.5.1.13.13.99.2.166	mapped	Observation/fc449209-a637-5c53-b7de-d626e419f7a9#/code/coding/0/system	OID -> canonical RuCore URI or urn:oid
amb-map-0399	/cda:ClinicalDocument[1]/cda:component[1]/cda:structuredBody[1]/cda:component[1]/cda:section[1]/cda:entry[3]/cda:observation[1]/cda:code[1]/@codeSystemName	635	Кодируемые поля CDA документов	technical		CDA structural/type/dictionary-label metadata; exact value in trace/source
amb-map-0400	/cda:ClinicalDocument[1]/cda:component[1]/cda:structuredBody[1]/cda:component[1]/cda:section[1]/cda:entry[3]/cda:observation[1]/cda:code[1]/@displayName	635	Состояние пациента	mapped	Observation/fc449209-a637-5c53-b7de-d626e419f7a9#/code/coding/0/display	copy
amb-map-0401	/cda:ClinicalDocument[1]/cda:component[1]/cda:structuredBody[1]/cda:component[1]/cda:section[1]/cda:entry[3]/cda:observation[1]/cda:code[1]/@codeSystemVersion	635	5.27	mapped	Observation/fc449209-a637-5c53-b7de-d626e419f7a9#/code/coding/0/version	copy
amb-map-0402	/cda:ClinicalDocument[1]/cda:component[1]/cda:structuredBody[1]/cda:component[1]/cda:section[1]/cda:entry[3]/cda:observation[1]/cda:value[1]/@xsi:type	637	CD	technical		CDA structural/type/dictionary-label metadata; exact value in trace/source
amb-map-0403	/cda:ClinicalDocument[1]/cda:component[1]/cda:structuredBody[1]/cda:component[1]/cda:section[1]/cda:entry[3]/cda:observation[1]/cda:value[1]/@code	637	1	mapped	Observation/fc449209-a637-5c53-b7de-d626e419f7a9#/valueCodeableConcept/coding/0/code	copy
amb-map-0404	/cda:ClinicalDocument[1]/cda:component[1]/cda:structuredBody[1]/cda:component[1]/cda:section[1]/cda:entry[3]/cda:observation[1]/cda:value[1]/@codeSystem	637	1.2.643.5.1.13.13.11.1006	mapped	Observation/fc449209-a637-5c53-b7de-d626e419f7a9#/valueCodeableConcept/coding/0/system	OID -> canonical RuCore URI or urn:oid
amb-map-0405	/cda:ClinicalDocument[1]/cda:component[1]/cda:structuredBody[1]/cda:component[1]/cda:section[1]/cda:entry[3]/cda:observation[1]/cda:value[1]/@codeSystemName	637	Степень тяжести состояния пациента	technical		CDA structural/type/dictionary-label metadata; exact value in trace/source
amb-map-0406	/cda:ClinicalDocument[1]/cda:component[1]/cda:structuredBody[1]/cda:component[1]/cda:section[1]/cda:entry[3]/cda:observation[1]/cda:value[1]/@displayName	637	Удовлетворительное	mapped	Observation/fc449209-a637-5c53-b7de-d626e419f7a9#/valueCodeableConcept/coding/0/display	copy
amb-map-0407	/cda:ClinicalDocument[1]/cda:component[1]/cda:structuredBody[1]/cda:component[1]/cda:section[1]/cda:entry[3]/cda:observation[1]/cda:value[1]/@codeSystemVersion	637	2.4	mapped	Observation/fc449209-a637-5c53-b7de-d626e419f7a9#/valueCodeableConcept/coding/0/version	copy
amb-map-0408	/cda:ClinicalDocument[1]/cda:component[1]/cda:structuredBody[1]/cda:component[1]/cda:section[1]/cda:entry[4]/cda:observation[1]/@classCode	643	OBS	technical		CDA structural/type/dictionary-label metadata; exact value in trace/source
amb-map-0409	/cda:ClinicalDocument[1]/cda:component[1]/cda:structuredBody[1]/cda:component[1]/cda:section[1]/cda:entry[4]/cda:observation[1]/@moodCode	643	EVN	technical		CDA structural/type/dictionary-label metadata; exact value in trace/source
amb-map-0410	/cda:ClinicalDocument[1]/cda:component[1]/cda:structuredBody[1]/cda:component[1]/cda:section[1]/cda:entry[4]/cda:observation[1]/cda:code[1]/@code	645	836	mapped	Observation/2fc228d7-332f-512e-a446-3cd4ef8433df#/code/coding/0/code	copy
amb-map-0411	/cda:ClinicalDocument[1]/cda:component[1]/cda:structuredBody[1]/cda:component[1]/cda:section[1]/cda:entry[4]/cda:observation[1]/cda:code[1]/@codeSystem	645	1.2.643.5.1.13.13.99.2.166	mapped	Observation/2fc228d7-332f-512e-a446-3cd4ef8433df#/code/coding/0/system	OID -> canonical RuCore URI or urn:oid
amb-map-0412	/cda:ClinicalDocument[1]/cda:component[1]/cda:structuredBody[1]/cda:component[1]/cda:section[1]/cda:entry[4]/cda:observation[1]/cda:code[1]/@codeSystemName	645	Кодируемые поля CDA документов	technical		CDA structural/type/dictionary-label metadata; exact value in trace/source
amb-map-0413	/cda:ClinicalDocument[1]/cda:component[1]/cda:structuredBody[1]/cda:component[1]/cda:section[1]/cda:entry[4]/cda:observation[1]/cda:code[1]/@displayName	645	Объективные данные	mapped	Observation/2fc228d7-332f-512e-a446-3cd4ef8433df#/code/coding/0/display	copy
amb-map-0414	/cda:ClinicalDocument[1]/cda:component[1]/cda:structuredBody[1]/cda:component[1]/cda:section[1]/cda:entry[4]/cda:observation[1]/cda:code[1]/@codeSystemVersion	645	5.27	mapped	Observation/2fc228d7-332f-512e-a446-3cd4ef8433df#/code/coding/0/version	copy
amb-map-0415	/cda:ClinicalDocument[1]/cda:component[1]/cda:structuredBody[1]/cda:component[1]/cda:section[1]/cda:entry[4]/cda:observation[1]/cda:value[1]/@xsi:type	647	ST	technical		CDA structural/type/dictionary-label metadata; exact value in trace/source
amb-map-0416	/cda:ClinicalDocument[1]/cda:component[1]/cda:structuredBody[1]/cda:component[1]/cda:section[1]/cda:entry[4]/cda:observation[1]/cda:value[1]/text()	647	Сознание ясное. Контакт доступен. Кожные покровы и видимые слизистые обычной окраски, достаточной влажности. Кожные высыпания. Питание:повыш. Щитовидная железа пальпаторно не определяется. Периферические лимфоузлы не увеличены. Костно-мышечная система без видимых изменений. Грудная клетка правильной формы. Голосовое дрожание не изменено. Перкуторно над легкими легочный звук. При аускультации в легких дыхание везикулярное, хрипов нет. При осмотре области сердца и крупных кровеносных сосудов б/о. Пальпаторно - верхушечный толчок в пятом межреберье; перкуторно: левая граница относительной тупости сердца по срединно-ключичной линии, правая – по правому краю грудины, верхняя – 3 ребро. При аускультации – тоны сердца достаточной звучности, ритм сердечных сокращений правильный, дефицита пульса нет.	mapped	Observation/2fc228d7-332f-512e-a446-3cd4ef8433df#/valueString	copy
amb-map-0417	/cda:ClinicalDocument[1]/cda:component[1]/cda:structuredBody[1]/cda:component[1]/cda:section[1]/cda:entry[5]/cda:observation[1]/@classCode	653	OBS	technical		CDA structural/type/dictionary-label metadata; exact value in trace/source
amb-map-0418	/cda:ClinicalDocument[1]/cda:component[1]/cda:structuredBody[1]/cda:component[1]/cda:section[1]/cda:entry[5]/cda:observation[1]/@moodCode	653	EVN	technical		CDA structural/type/dictionary-label metadata; exact value in trace/source
amb-map-0419	/cda:ClinicalDocument[1]/cda:component[1]/cda:structuredBody[1]/cda:component[1]/cda:section[1]/cda:entry[5]/cda:observation[1]/cda:code[1]/@code	655	806	mapped	Observation/d09dead1-3381-59a3-ac35-fc1c66d88e9e#/code/coding/0/code	copy
amb-map-0420	/cda:ClinicalDocument[1]/cda:component[1]/cda:structuredBody[1]/cda:component[1]/cda:section[1]/cda:entry[5]/cda:observation[1]/cda:code[1]/@codeSystem	655	1.2.643.5.1.13.13.99.2.166	mapped	Observation/d09dead1-3381-59a3-ac35-fc1c66d88e9e#/code/coding/0/system	OID -> canonical RuCore URI or urn:oid
amb-map-0421	/cda:ClinicalDocument[1]/cda:component[1]/cda:structuredBody[1]/cda:component[1]/cda:section[1]/cda:entry[5]/cda:observation[1]/cda:code[1]/@codeSystemName	655	Кодируемые поля CDA документов	technical		CDA structural/type/dictionary-label metadata; exact value in trace/source
amb-map-0422	/cda:ClinicalDocument[1]/cda:component[1]/cda:structuredBody[1]/cda:component[1]/cda:section[1]/cda:entry[5]/cda:observation[1]/cda:code[1]/@displayName	655	Заключение консультации	mapped	Observation/d09dead1-3381-59a3-ac35-fc1c66d88e9e#/code/coding/0/display	copy
amb-map-0423	/cda:ClinicalDocument[1]/cda:component[1]/cda:structuredBody[1]/cda:component[1]/cda:section[1]/cda:entry[5]/cda:observation[1]/cda:code[1]/@codeSystemVersion	655	5.27	mapped	Observation/d09dead1-3381-59a3-ac35-fc1c66d88e9e#/code/coding/0/version	copy
amb-map-0424	/cda:ClinicalDocument[1]/cda:component[1]/cda:structuredBody[1]/cda:component[1]/cda:section[1]/cda:entry[5]/cda:observation[1]/cda:value[1]/@xsi:type	657	ST	technical		CDA structural/type/dictionary-label metadata; exact value in trace/source
amb-map-0425	/cda:ClinicalDocument[1]/cda:component[1]/cda:structuredBody[1]/cda:component[1]/cda:section[1]/cda:entry[5]/cda:observation[1]/cda:value[1]/text()	657	Состояние пациента без существенной динамики. Планируется продолжить проводимую терапию. Необходимо произвести доп. обследование – ЭКГ.	mapped	Observation/d09dead1-3381-59a3-ac35-fc1c66d88e9e#/valueString	copy
amb-map-0426	/cda:ClinicalDocument[1]/cda:component[1]/cda:structuredBody[1]/cda:component[1]/cda:section[1]/cda:entry[6]/cda:observation[1]/@classCode	663	OBS	technical		CDA structural/type/dictionary-label metadata; exact value in trace/source
amb-map-0427	/cda:ClinicalDocument[1]/cda:component[1]/cda:structuredBody[1]/cda:component[1]/cda:section[1]/cda:entry[6]/cda:observation[1]/@moodCode	663	EVN	technical		CDA structural/type/dictionary-label metadata; exact value in trace/source
amb-map-0428	/cda:ClinicalDocument[1]/cda:component[1]/cda:structuredBody[1]/cda:component[1]/cda:section[1]/cda:entry[6]/cda:observation[1]/cda:code[1]/@code	665	808	mapped	Observation/6916ca1a-04e2-5aa8-a18a-3dbc499e25e5#/code/coding/0/code	copy
amb-map-0429	/cda:ClinicalDocument[1]/cda:component[1]/cda:structuredBody[1]/cda:component[1]/cda:section[1]/cda:entry[6]/cda:observation[1]/cda:code[1]/@codeSystem	665	1.2.643.5.1.13.13.99.2.166	mapped	Observation/6916ca1a-04e2-5aa8-a18a-3dbc499e25e5#/code/coding/0/system	OID -> canonical RuCore URI or urn:oid
amb-map-0430	/cda:ClinicalDocument[1]/cda:component[1]/cda:structuredBody[1]/cda:component[1]/cda:section[1]/cda:entry[6]/cda:observation[1]/cda:code[1]/@displayName	665	Выявленные патологии	mapped	Observation/6916ca1a-04e2-5aa8-a18a-3dbc499e25e5#/code/coding/0/display	copy
amb-map-0431	/cda:ClinicalDocument[1]/cda:component[1]/cda:structuredBody[1]/cda:component[1]/cda:section[1]/cda:entry[6]/cda:observation[1]/cda:code[1]/@codeSystemVersion	665	5.27	mapped	Observation/6916ca1a-04e2-5aa8-a18a-3dbc499e25e5#/code/coding/0/version	copy
amb-map-0432	/cda:ClinicalDocument[1]/cda:component[1]/cda:structuredBody[1]/cda:component[1]/cda:section[1]/cda:entry[6]/cda:observation[1]/cda:code[1]/@codeSystemName	665	Кодируемые поля CDA документов	technical		CDA structural/type/dictionary-label metadata; exact value in trace/source
amb-map-0433	/cda:ClinicalDocument[1]/cda:component[1]/cda:structuredBody[1]/cda:component[1]/cda:section[1]/cda:entry[6]/cda:observation[1]/cda:value[1]/@xsi:type	667	CD	technical		CDA structural/type/dictionary-label metadata; exact value in trace/source
amb-map-0434	/cda:ClinicalDocument[1]/cda:component[1]/cda:structuredBody[1]/cda:component[1]/cda:section[1]/cda:entry[6]/cda:observation[1]/cda:value[1]/@code	667	1146	mapped	Observation/6916ca1a-04e2-5aa8-a18a-3dbc499e25e5#/valueCodeableConcept/coding/0/code	copy
amb-map-0435	/cda:ClinicalDocument[1]/cda:component[1]/cda:structuredBody[1]/cda:component[1]/cda:section[1]/cda:entry[6]/cda:observation[1]/cda:value[1]/@codeSystem	667	1.2.643.5.1.13.13.11.1473	mapped	Observation/6916ca1a-04e2-5aa8-a18a-3dbc499e25e5#/valueCodeableConcept/coding/0/system	OID -> canonical RuCore URI or urn:oid
amb-map-0436	/cda:ClinicalDocument[1]/cda:component[1]/cda:structuredBody[1]/cda:component[1]/cda:section[1]/cda:entry[6]/cda:observation[1]/cda:value[1]/@codeSystemName	667	Выявленные патологии	technical		CDA structural/type/dictionary-label metadata; exact value in trace/source
amb-map-0437	/cda:ClinicalDocument[1]/cda:component[1]/cda:structuredBody[1]/cda:component[1]/cda:section[1]/cda:entry[6]/cda:observation[1]/cda:value[1]/@displayName	667	Тахикардия	mapped	Observation/6916ca1a-04e2-5aa8-a18a-3dbc499e25e5#/valueCodeableConcept/coding/0/display	copy
amb-map-0438	/cda:ClinicalDocument[1]/cda:component[1]/cda:structuredBody[1]/cda:component[1]/cda:section[1]/cda:entry[6]/cda:observation[1]/cda:value[1]/@codeSystemVersion	667	2.18	mapped	Observation/6916ca1a-04e2-5aa8-a18a-3dbc499e25e5#/valueCodeableConcept/coding/0/version	copy
amb-map-0439	/cda:ClinicalDocument[1]/cda:component[1]/cda:structuredBody[1]/cda:component[2]/cda:section[1]/cda:code[1]/@code	677	BENEFITS	mapped	Composition/202d52a8-af92-5ef3-9a7e-d83305a85264#/section/1/code/coding/0/code	copy
amb-map-0440	/cda:ClinicalDocument[1]/cda:component[1]/cda:structuredBody[1]/cda:component[2]/cda:section[1]/cda:code[1]/@codeSystem	677	1.2.643.5.1.13.13.99.2.197	mapped	Composition/202d52a8-af92-5ef3-9a7e-d83305a85264#/section/1/code/coding/0/system	OID -> canonical RuCore URI or urn:oid
amb-map-0441	/cda:ClinicalDocument[1]/cda:component[1]/cda:structuredBody[1]/cda:component[2]/cda:section[1]/cda:code[1]/@codeSystemName	677	Секции электронных медицинских документов	technical		CDA structural/type/dictionary-label metadata; exact value in trace/source
amb-map-0442	/cda:ClinicalDocument[1]/cda:component[1]/cda:structuredBody[1]/cda:component[2]/cda:section[1]/cda:code[1]/@displayName	677	Льготы	mapped	Composition/202d52a8-af92-5ef3-9a7e-d83305a85264#/section/1/code/coding/0/display	copy
amb-map-0443	/cda:ClinicalDocument[1]/cda:component[1]/cda:structuredBody[1]/cda:component[2]/cda:section[1]/cda:code[1]/@codeSystemVersion	677	4.20	mapped	Composition/202d52a8-af92-5ef3-9a7e-d83305a85264#/section/1/code/coding/0/version	copy
amb-map-0444	/cda:ClinicalDocument[1]/cda:component[1]/cda:structuredBody[1]/cda:component[2]/cda:section[1]/cda:title[1]/text()	679	Льготы	mapped	Composition/202d52a8-af92-5ef3-9a7e-d83305a85264#/section/1/title	copy
amb-map-0445	/cda:ClinicalDocument[1]/cda:component[1]/cda:structuredBody[1]/cda:component[2]/cda:section[1]/cda:entry[1]/cda:observation[1]/@classCode	683	OBS	technical		CDA structural/type/dictionary-label metadata; exact value in trace/source
amb-map-0446	/cda:ClinicalDocument[1]/cda:component[1]/cda:structuredBody[1]/cda:component[2]/cda:section[1]/cda:entry[1]/cda:observation[1]/@moodCode	683	EVN	technical		CDA structural/type/dictionary-label metadata; exact value in trace/source
amb-map-0447	/cda:ClinicalDocument[1]/cda:component[1]/cda:structuredBody[1]/cda:component[2]/cda:section[1]/cda:entry[1]/cda:observation[1]/cda:code[1]/@code	685	811	mapped	Observation/94cc060f-0a6b-5512-ae2b-4d59f0329d59#/code/coding/0/code	copy
amb-map-0448	/cda:ClinicalDocument[1]/cda:component[1]/cda:structuredBody[1]/cda:component[2]/cda:section[1]/cda:entry[1]/cda:observation[1]/cda:code[1]/@codeSystem	685	1.2.643.5.1.13.13.99.2.166	mapped	Observation/94cc060f-0a6b-5512-ae2b-4d59f0329d59#/code/coding/0/system	OID -> canonical RuCore URI or urn:oid
amb-map-0449	/cda:ClinicalDocument[1]/cda:component[1]/cda:structuredBody[1]/cda:component[2]/cda:section[1]/cda:entry[1]/cda:observation[1]/cda:code[1]/@codeSystemName	685	Кодируемые поля CDA документов	technical		CDA structural/type/dictionary-label metadata; exact value in trace/source
amb-map-0450	/cda:ClinicalDocument[1]/cda:component[1]/cda:structuredBody[1]/cda:component[2]/cda:section[1]/cda:entry[1]/cda:observation[1]/cda:code[1]/@displayName	685	Льготная категория	mapped	Observation/94cc060f-0a6b-5512-ae2b-4d59f0329d59#/code/coding/0/display	copy
amb-map-0451	/cda:ClinicalDocument[1]/cda:component[1]/cda:structuredBody[1]/cda:component[2]/cda:section[1]/cda:entry[1]/cda:observation[1]/cda:code[1]/@codeSystemVersion	685	5.27	mapped	Observation/94cc060f-0a6b-5512-ae2b-4d59f0329d59#/code/coding/0/version	copy
amb-map-0452	/cda:ClinicalDocument[1]/cda:component[1]/cda:structuredBody[1]/cda:component[2]/cda:section[1]/cda:entry[1]/cda:observation[1]/cda:value[1]/@xsi:type	687	CD	technical		CDA structural/type/dictionary-label metadata; exact value in trace/source
amb-map-0453	/cda:ClinicalDocument[1]/cda:component[1]/cda:structuredBody[1]/cda:component[2]/cda:section[1]/cda:entry[1]/cda:observation[1]/cda:value[1]/@code	687	1.00000.0216	mapped	Observation/94cc060f-0a6b-5512-ae2b-4d59f0329d59#/valueCodeableConcept/coding/0/code	copy
amb-map-0454	/cda:ClinicalDocument[1]/cda:component[1]/cda:structuredBody[1]/cda:component[2]/cda:section[1]/cda:entry[1]/cda:observation[1]/cda:value[1]/@codeSystem	687	1.2.643.5.1.13.13.99.2.541	mapped	Observation/94cc060f-0a6b-5512-ae2b-4d59f0329d59#/valueCodeableConcept/coding/0/system	OID -> canonical RuCore URI or urn:oid
amb-map-0455	/cda:ClinicalDocument[1]/cda:component[1]/cda:structuredBody[1]/cda:component[2]/cda:section[1]/cda:entry[1]/cda:observation[1]/cda:value[1]/@codeSystemName	687	Льготные категории граждан	technical		CDA structural/type/dictionary-label metadata; exact value in trace/source
amb-map-0456	/cda:ClinicalDocument[1]/cda:component[1]/cda:structuredBody[1]/cda:component[2]/cda:section[1]/cda:entry[1]/cda:observation[1]/cda:value[1]/@displayName	687	Инвалиды III группы	mapped	Observation/94cc060f-0a6b-5512-ae2b-4d59f0329d59#/valueCodeableConcept/coding/0/display	copy
amb-map-0457	/cda:ClinicalDocument[1]/cda:component[1]/cda:structuredBody[1]/cda:component[2]/cda:section[1]/cda:entry[1]/cda:observation[1]/cda:value[1]/@codeSystemVersion	687	6.18	mapped	Observation/94cc060f-0a6b-5512-ae2b-4d59f0329d59#/valueCodeableConcept/coding/0/version	copy
amb-map-0458	/cda:ClinicalDocument[1]/cda:component[1]/cda:structuredBody[1]/cda:component[3]/cda:section[1]/cda:code[1]/@code	697	COMPLNTS	mapped	Composition/202d52a8-af92-5ef3-9a7e-d83305a85264#/section/2/code/coding/0/code	copy
amb-map-0459	/cda:ClinicalDocument[1]/cda:component[1]/cda:structuredBody[1]/cda:component[3]/cda:section[1]/cda:code[1]/@codeSystem	697	1.2.643.5.1.13.13.99.2.197	mapped	Composition/202d52a8-af92-5ef3-9a7e-d83305a85264#/section/2/code/coding/0/system	OID -> canonical RuCore URI or urn:oid
amb-map-0460	/cda:ClinicalDocument[1]/cda:component[1]/cda:structuredBody[1]/cda:component[3]/cda:section[1]/cda:code[1]/@codeSystemName	697	Секции электронных медицинских документов	technical		CDA structural/type/dictionary-label metadata; exact value in trace/source
amb-map-0461	/cda:ClinicalDocument[1]/cda:component[1]/cda:structuredBody[1]/cda:component[3]/cda:section[1]/cda:code[1]/@displayName	697	Жалобы	mapped	Composition/202d52a8-af92-5ef3-9a7e-d83305a85264#/section/2/code/coding/0/display	copy
amb-map-0462	/cda:ClinicalDocument[1]/cda:component[1]/cda:structuredBody[1]/cda:component[3]/cda:section[1]/cda:code[1]/@codeSystemVersion	697	4.20	mapped	Composition/202d52a8-af92-5ef3-9a7e-d83305a85264#/section/2/code/coding/0/version	copy
amb-map-0463	/cda:ClinicalDocument[1]/cda:component[1]/cda:structuredBody[1]/cda:component[3]/cda:section[1]/cda:title[1]/text()	699	Жалобы пациента	mapped	Composition/202d52a8-af92-5ef3-9a7e-d83305a85264#/section/2/title	copy
amb-map-0464	/cda:ClinicalDocument[1]/cda:component[1]/cda:structuredBody[1]/cda:component[3]/cda:section[1]/cda:entry[1]/cda:observation[1]/@classCode	703	OBS	technical		CDA structural/type/dictionary-label metadata; exact value in trace/source
amb-map-0465	/cda:ClinicalDocument[1]/cda:component[1]/cda:structuredBody[1]/cda:component[3]/cda:section[1]/cda:entry[1]/cda:observation[1]/@moodCode	703	EVN	technical		CDA structural/type/dictionary-label metadata; exact value in trace/source
amb-map-0466	/cda:ClinicalDocument[1]/cda:component[1]/cda:structuredBody[1]/cda:component[3]/cda:section[1]/cda:entry[1]/cda:observation[1]/cda:code[1]/@code	705	835	mapped	Observation/8e423370-9d7b-51f3-84a8-68d81af53c03#/code/coding/0/code	copy
amb-map-0467	/cda:ClinicalDocument[1]/cda:component[1]/cda:structuredBody[1]/cda:component[3]/cda:section[1]/cda:entry[1]/cda:observation[1]/cda:code[1]/@codeSystem	705	1.2.643.5.1.13.13.99.2.166	mapped	Observation/8e423370-9d7b-51f3-84a8-68d81af53c03#/code/coding/0/system	OID -> canonical RuCore URI or urn:oid
amb-map-0468	/cda:ClinicalDocument[1]/cda:component[1]/cda:structuredBody[1]/cda:component[3]/cda:section[1]/cda:entry[1]/cda:observation[1]/cda:code[1]/@codeSystemName	705	Кодируемые поля CDA документов	technical		CDA structural/type/dictionary-label metadata; exact value in trace/source
amb-map-0469	/cda:ClinicalDocument[1]/cda:component[1]/cda:structuredBody[1]/cda:component[3]/cda:section[1]/cda:entry[1]/cda:observation[1]/cda:code[1]/@displayName	705	Жалобы пациента	mapped	Observation/8e423370-9d7b-51f3-84a8-68d81af53c03#/code/coding/0/display	copy
amb-map-0470	/cda:ClinicalDocument[1]/cda:component[1]/cda:structuredBody[1]/cda:component[3]/cda:section[1]/cda:entry[1]/cda:observation[1]/cda:code[1]/@codeSystemVersion	705	5.27	mapped	Observation/8e423370-9d7b-51f3-84a8-68d81af53c03#/code/coding/0/version	copy
amb-map-0471	/cda:ClinicalDocument[1]/cda:component[1]/cda:structuredBody[1]/cda:component[3]/cda:section[1]/cda:entry[1]/cda:observation[1]/cda:value[1]/@xsi:type	707	ST	technical		CDA structural/type/dictionary-label metadata; exact value in trace/source
amb-map-0472	/cda:ClinicalDocument[1]/cda:component[1]/cda:structuredBody[1]/cda:component[3]/cda:section[1]/cda:entry[1]/cda:observation[1]/cda:value[1]/text()	707	Дискомфорт в области сердца, кашель с трудноотделяемой слизистой мокротой, одышка при минимальной физической нагрузке, неустойчивость АД	mapped	Observation/8e423370-9d7b-51f3-84a8-68d81af53c03#/valueString	copy
amb-map-0473	/cda:ClinicalDocument[1]/cda:component[1]/cda:structuredBody[1]/cda:component[4]/cda:section[1]/cda:code[1]/@code	717	ANAM	mapped	Composition/202d52a8-af92-5ef3-9a7e-d83305a85264#/section/3/code/coding/0/code	copy
amb-map-0474	/cda:ClinicalDocument[1]/cda:component[1]/cda:structuredBody[1]/cda:component[4]/cda:section[1]/cda:code[1]/@codeSystem	717	1.2.643.5.1.13.13.99.2.197	mapped	Composition/202d52a8-af92-5ef3-9a7e-d83305a85264#/section/3/code/coding/0/system	OID -> canonical RuCore URI or urn:oid
amb-map-0475	/cda:ClinicalDocument[1]/cda:component[1]/cda:structuredBody[1]/cda:component[4]/cda:section[1]/cda:code[1]/@codeSystemName	717	Секции электронных медицинских документов	technical		CDA structural/type/dictionary-label metadata; exact value in trace/source
amb-map-0476	/cda:ClinicalDocument[1]/cda:component[1]/cda:structuredBody[1]/cda:component[4]/cda:section[1]/cda:code[1]/@displayName	717	Анамнез заболевания	mapped	Composition/202d52a8-af92-5ef3-9a7e-d83305a85264#/section/3/code/coding/0/display	copy
amb-map-0477	/cda:ClinicalDocument[1]/cda:component[1]/cda:structuredBody[1]/cda:component[4]/cda:section[1]/cda:code[1]/@codeSystemVersion	717	4.20	mapped	Composition/202d52a8-af92-5ef3-9a7e-d83305a85264#/section/3/code/coding/0/version	copy
amb-map-0478	/cda:ClinicalDocument[1]/cda:component[1]/cda:structuredBody[1]/cda:component[4]/cda:section[1]/cda:title[1]/text()	719	Анамнез заболевания	mapped	Composition/202d52a8-af92-5ef3-9a7e-d83305a85264#/section/3/title	copy
amb-map-0479	/cda:ClinicalDocument[1]/cda:component[1]/cda:structuredBody[1]/cda:component[4]/cda:section[1]/cda:entry[1]/cda:observation[1]/@classCode	723	OBS	technical		CDA structural/type/dictionary-label metadata; exact value in trace/source
amb-map-0480	/cda:ClinicalDocument[1]/cda:component[1]/cda:structuredBody[1]/cda:component[4]/cda:section[1]/cda:entry[1]/cda:observation[1]/@moodCode	723	EVN	technical		CDA structural/type/dictionary-label metadata; exact value in trace/source
amb-map-0481	/cda:ClinicalDocument[1]/cda:component[1]/cda:structuredBody[1]/cda:component[4]/cda:section[1]/cda:entry[1]/cda:observation[1]/cda:code[1]/@code	725	7006	mapped	Observation/4c28a9d4-8d2c-561e-a996-36335fc8f48f#/code/coding/0/code	copy
amb-map-0482	/cda:ClinicalDocument[1]/cda:component[1]/cda:structuredBody[1]/cda:component[4]/cda:section[1]/cda:entry[1]/cda:observation[1]/cda:code[1]/@codeSystem	725	1.2.643.5.1.13.13.99.2.166	mapped	Observation/4c28a9d4-8d2c-561e-a996-36335fc8f48f#/code/coding/0/system	OID -> canonical RuCore URI or urn:oid
amb-map-0483	/cda:ClinicalDocument[1]/cda:component[1]/cda:structuredBody[1]/cda:component[4]/cda:section[1]/cda:entry[1]/cda:observation[1]/cda:code[1]/@codeSystemName	725	Кодируемые поля CDA документов	technical		CDA structural/type/dictionary-label metadata; exact value in trace/source
amb-map-0484	/cda:ClinicalDocument[1]/cda:component[1]/cda:structuredBody[1]/cda:component[4]/cda:section[1]/cda:entry[1]/cda:observation[1]/cda:code[1]/@displayName	725	Текстовое описание	mapped	Observation/4c28a9d4-8d2c-561e-a996-36335fc8f48f#/code/coding/0/display	copy
amb-map-0485	/cda:ClinicalDocument[1]/cda:component[1]/cda:structuredBody[1]/cda:component[4]/cda:section[1]/cda:entry[1]/cda:observation[1]/cda:code[1]/@codeSystemVersion	725	5.27	mapped	Observation/4c28a9d4-8d2c-561e-a996-36335fc8f48f#/code/coding/0/version	copy
amb-map-0486	/cda:ClinicalDocument[1]/cda:component[1]/cda:structuredBody[1]/cda:component[4]/cda:section[1]/cda:entry[1]/cda:observation[1]/cda:value[1]/@xsi:type	727	ST	technical		CDA structural/type/dictionary-label metadata; exact value in trace/source
amb-map-0487	/cda:ClinicalDocument[1]/cda:component[1]/cda:structuredBody[1]/cda:component[4]/cda:section[1]/cda:entry[1]/cda:observation[1]/cda:value[1]/text()	727	8 лет назад впервые стало возникать периодическое, стойкое повышение АД, в начале незначительное - до 140/90 мм. рт. ст., затем постепенное повышение до 170/100 мм.рт.ст., появилась головная боль, вскоре ставшая постоянной, особенно утром, тяжесть в затылочной области головы, боль усиливалась в положении лежа и проходила после приема анальгетиков (анальгин). За последний год участились случаи боли в области сердца, наблюдалось повышение АД вплоть до 200/120 мм.рт.ст.	mapped	Observation/4c28a9d4-8d2c-561e-a996-36335fc8f48f#/valueString	copy
amb-map-0488	/cda:ClinicalDocument[1]/cda:component[1]/cda:structuredBody[1]/cda:component[5]/cda:section[1]/cda:code[1]/@code	737	LANAM	mapped	Composition/202d52a8-af92-5ef3-9a7e-d83305a85264#/section/4/code/coding/0/code	copy
amb-map-0489	/cda:ClinicalDocument[1]/cda:component[1]/cda:structuredBody[1]/cda:component[5]/cda:section[1]/cda:code[1]/@codeSystem	737	1.2.643.5.1.13.13.99.2.197	mapped	Composition/202d52a8-af92-5ef3-9a7e-d83305a85264#/section/4/code/coding/0/system	OID -> canonical RuCore URI or urn:oid
amb-map-0490	/cda:ClinicalDocument[1]/cda:component[1]/cda:structuredBody[1]/cda:component[5]/cda:section[1]/cda:code[1]/@codeSystemName	737	Секции электронных медицинских документов	technical		CDA structural/type/dictionary-label metadata; exact value in trace/source
amb-map-0491	/cda:ClinicalDocument[1]/cda:component[1]/cda:structuredBody[1]/cda:component[5]/cda:section[1]/cda:code[1]/@displayName	737	Анамнез жизни	mapped	Composition/202d52a8-af92-5ef3-9a7e-d83305a85264#/section/4/code/coding/0/display	copy
amb-map-0492	/cda:ClinicalDocument[1]/cda:component[1]/cda:structuredBody[1]/cda:component[5]/cda:section[1]/cda:code[1]/@codeSystemVersion	737	4.20	mapped	Composition/202d52a8-af92-5ef3-9a7e-d83305a85264#/section/4/code/coding/0/version	copy
amb-map-0493	/cda:ClinicalDocument[1]/cda:component[1]/cda:structuredBody[1]/cda:component[5]/cda:section[1]/cda:title[1]/text()	739	Анамнез жизни	mapped	Composition/202d52a8-af92-5ef3-9a7e-d83305a85264#/section/4/title	copy
amb-map-0494	/cda:ClinicalDocument[1]/cda:component[1]/cda:structuredBody[1]/cda:component[5]/cda:section[1]/cda:entry[1]/cda:observation[1]/@classCode	743	OBS	technical		CDA structural/type/dictionary-label metadata; exact value in trace/source
amb-map-0495	/cda:ClinicalDocument[1]/cda:component[1]/cda:structuredBody[1]/cda:component[5]/cda:section[1]/cda:entry[1]/cda:observation[1]/@moodCode	743	EVN	technical		CDA structural/type/dictionary-label metadata; exact value in trace/source
amb-map-0496	/cda:ClinicalDocument[1]/cda:component[1]/cda:structuredBody[1]/cda:component[5]/cda:section[1]/cda:entry[1]/cda:observation[1]/cda:code[1]/@code	745	7006	mapped	Observation/1b9fa881-933f-5c12-a435-c6cd03c85c53#/code/coding/0/code	copy
amb-map-0497	/cda:ClinicalDocument[1]/cda:component[1]/cda:structuredBody[1]/cda:component[5]/cda:section[1]/cda:entry[1]/cda:observation[1]/cda:code[1]/@codeSystem	745	1.2.643.5.1.13.13.99.2.166	mapped	Observation/1b9fa881-933f-5c12-a435-c6cd03c85c53#/code/coding/0/system	OID -> canonical RuCore URI or urn:oid
amb-map-0498	/cda:ClinicalDocument[1]/cda:component[1]/cda:structuredBody[1]/cda:component[5]/cda:section[1]/cda:entry[1]/cda:observation[1]/cda:code[1]/@codeSystemName	745	Кодируемые поля CDA документов	technical		CDA structural/type/dictionary-label metadata; exact value in trace/source
amb-map-0499	/cda:ClinicalDocument[1]/cda:component[1]/cda:structuredBody[1]/cda:component[5]/cda:section[1]/cda:entry[1]/cda:observation[1]/cda:code[1]/@displayName	745	Текстовое описание	mapped	Observation/1b9fa881-933f-5c12-a435-c6cd03c85c53#/code/coding/0/display	copy
amb-map-0500	/cda:ClinicalDocument[1]/cda:component[1]/cda:structuredBody[1]/cda:component[5]/cda:section[1]/cda:entry[1]/cda:observation[1]/cda:code[1]/@codeSystemVersion	745	5.27	mapped	Observation/1b9fa881-933f-5c12-a435-c6cd03c85c53#/code/coding/0/version	copy
amb-map-0501	/cda:ClinicalDocument[1]/cda:component[1]/cda:structuredBody[1]/cda:component[5]/cda:section[1]/cda:entry[1]/cda:observation[1]/cda:value[1]/@xsi:type	747	ST	technical		CDA structural/type/dictionary-label metadata; exact value in trace/source
amb-map-0502	/cda:ClinicalDocument[1]/cda:component[1]/cda:structuredBody[1]/cda:component[5]/cda:section[1]/cda:entry[1]/cda:observation[1]/cda:value[1]/text()	747	Родился вторым ребенком в семье. В детстве частые простудные, детские инфекции – краснуха, скарлатина, ветряная оспа. ИБС:стенокардия фк2, постинфарктный кардиосклероз (оим нижней локализации в 2013 г), желудочковая экстрасистолия. ЧКВ:тламп со стентированием интермедиальной артерии и оа в 2014г, пка и пна в 2013 г . атеросклероз аорты, сонных артерий с дислипидемией 2а тип. Сахарный диабет 2 тип, инсулиннезависимый, послеоперационный гипотиреоз. Состав семьи: жена и сын. Наследственность отягощена: по линии матери – гипертоническая болезнь, по линии отца – ОИМ задней стенки левого желудочка. Сын здоров.	mapped	Observation/1b9fa881-933f-5c12-a435-c6cd03c85c53#/valueString	copy
amb-map-0503	/cda:ClinicalDocument[1]/cda:component[1]/cda:structuredBody[1]/cda:component[5]/cda:section[1]/cda:component[1]/cda:section[1]/cda:code[1]/@code	755	SOCANAM	mapped	Composition/202d52a8-af92-5ef3-9a7e-d83305a85264#/section/4/section/0/code/coding/0/code	copy
amb-map-0504	/cda:ClinicalDocument[1]/cda:component[1]/cda:structuredBody[1]/cda:component[5]/cda:section[1]/cda:component[1]/cda:section[1]/cda:code[1]/@codeSystem	755	1.2.643.5.1.13.13.99.2.197	mapped	Composition/202d52a8-af92-5ef3-9a7e-d83305a85264#/section/4/section/0/code/coding/0/system	OID -> canonical RuCore URI or urn:oid
amb-map-0505	/cda:ClinicalDocument[1]/cda:component[1]/cda:structuredBody[1]/cda:component[5]/cda:section[1]/cda:component[1]/cda:section[1]/cda:code[1]/@codeSystemName	755	Секции электронных медицинских документов	technical		CDA structural/type/dictionary-label metadata; exact value in trace/source
amb-map-0506	/cda:ClinicalDocument[1]/cda:component[1]/cda:structuredBody[1]/cda:component[5]/cda:section[1]/cda:component[1]/cda:section[1]/cda:code[1]/@displayName	755	Социальный анамнез	mapped	Composition/202d52a8-af92-5ef3-9a7e-d83305a85264#/section/4/section/0/code/coding/0/display	copy
amb-map-0507	/cda:ClinicalDocument[1]/cda:component[1]/cda:structuredBody[1]/cda:component[5]/cda:section[1]/cda:component[1]/cda:section[1]/cda:code[1]/@codeSystemVersion	755	4.20	mapped	Composition/202d52a8-af92-5ef3-9a7e-d83305a85264#/section/4/section/0/code/coding/0/version	copy
amb-map-0508	/cda:ClinicalDocument[1]/cda:component[1]/cda:structuredBody[1]/cda:component[5]/cda:section[1]/cda:component[1]/cda:section[1]/cda:title[1]/text()	757	Социальный анамнез	mapped	Composition/202d52a8-af92-5ef3-9a7e-d83305a85264#/section/4/section/0/title	copy
amb-map-0509	/cda:ClinicalDocument[1]/cda:component[1]/cda:structuredBody[1]/cda:component[5]/cda:section[1]/cda:component[1]/cda:section[1]/cda:entry[1]/cda:observation[1]/@classCode	761	OBS	technical		CDA structural/type/dictionary-label metadata; exact value in trace/source
amb-map-0510	/cda:ClinicalDocument[1]/cda:component[1]/cda:structuredBody[1]/cda:component[5]/cda:section[1]/cda:component[1]/cda:section[1]/cda:entry[1]/cda:observation[1]/@moodCode	761	EVN	technical		CDA structural/type/dictionary-label metadata; exact value in trace/source
amb-map-0511	/cda:ClinicalDocument[1]/cda:component[1]/cda:structuredBody[1]/cda:component[5]/cda:section[1]/cda:component[1]/cda:section[1]/cda:entry[1]/cda:observation[1]/cda:code[1]/@code	763	814	mapped	Observation/de9596ef-ba47-515c-993f-1c9dab0e427a#/code/coding/0/code	copy
amb-map-0512	/cda:ClinicalDocument[1]/cda:component[1]/cda:structuredBody[1]/cda:component[5]/cda:section[1]/cda:component[1]/cda:section[1]/cda:entry[1]/cda:observation[1]/cda:code[1]/@codeSystem	763	1.2.643.5.1.13.13.99.2.166	mapped	Observation/de9596ef-ba47-515c-993f-1c9dab0e427a#/code/coding/0/system	OID -> canonical RuCore URI or urn:oid
amb-map-0513	/cda:ClinicalDocument[1]/cda:component[1]/cda:structuredBody[1]/cda:component[5]/cda:section[1]/cda:component[1]/cda:section[1]/cda:entry[1]/cda:observation[1]/cda:code[1]/@codeSystemName	763	Кодируемые поля CDA документов	technical		CDA structural/type/dictionary-label metadata; exact value in trace/source
amb-map-0514	/cda:ClinicalDocument[1]/cda:component[1]/cda:structuredBody[1]/cda:component[5]/cda:section[1]/cda:component[1]/cda:section[1]/cda:entry[1]/cda:observation[1]/cda:code[1]/@displayName	763	Инвалидность	mapped	Observation/de9596ef-ba47-515c-993f-1c9dab0e427a#/code/coding/0/display	copy
amb-map-0515	/cda:ClinicalDocument[1]/cda:component[1]/cda:structuredBody[1]/cda:component[5]/cda:section[1]/cda:component[1]/cda:section[1]/cda:entry[1]/cda:observation[1]/cda:code[1]/@codeSystemVersion	763	5.27	mapped	Observation/de9596ef-ba47-515c-993f-1c9dab0e427a#/code/coding/0/version	copy
amb-map-0516	/cda:ClinicalDocument[1]/cda:component[1]/cda:structuredBody[1]/cda:component[5]/cda:section[1]/cda:component[1]/cda:section[1]/cda:entry[1]/cda:observation[1]/cda:effectiveTime[1]/@nullFlavor	765	NA	mapped	Observation/de9596ef-ba47-515c-993f-1c9dab0e427a#/_effectiveDateTime/extension	NullFlavor on primitive
amb-map-0517	/cda:ClinicalDocument[1]/cda:component[1]/cda:structuredBody[1]/cda:component[5]/cda:section[1]/cda:component[1]/cda:section[1]/cda:entry[1]/cda:observation[1]/cda:value[1]/@xsi:type	767	CD	technical		CDA structural/type/dictionary-label metadata; exact value in trace/source
amb-map-0518	/cda:ClinicalDocument[1]/cda:component[1]/cda:structuredBody[1]/cda:component[5]/cda:section[1]/cda:component[1]/cda:section[1]/cda:entry[1]/cda:observation[1]/cda:value[1]/@code	767	3	mapped	Observation/de9596ef-ba47-515c-993f-1c9dab0e427a#/valueCodeableConcept/coding/0/code	copy
amb-map-0519	/cda:ClinicalDocument[1]/cda:component[1]/cda:structuredBody[1]/cda:component[5]/cda:section[1]/cda:component[1]/cda:section[1]/cda:entry[1]/cda:observation[1]/cda:value[1]/@codeSystem	767	1.2.643.5.1.13.13.11.1053	mapped	Observation/de9596ef-ba47-515c-993f-1c9dab0e427a#/valueCodeableConcept/coding/0/system	OID -> canonical RuCore URI or urn:oid
amb-map-0520	/cda:ClinicalDocument[1]/cda:component[1]/cda:structuredBody[1]/cda:component[5]/cda:section[1]/cda:component[1]/cda:section[1]/cda:entry[1]/cda:observation[1]/cda:value[1]/@codeSystemName	767	Группы инвалидности	technical		CDA structural/type/dictionary-label metadata; exact value in trace/source
amb-map-0521	/cda:ClinicalDocument[1]/cda:component[1]/cda:structuredBody[1]/cda:component[5]/cda:section[1]/cda:component[1]/cda:section[1]/cda:entry[1]/cda:observation[1]/cda:value[1]/@displayName	767	Третья группа	mapped	Observation/de9596ef-ba47-515c-993f-1c9dab0e427a#/valueCodeableConcept/coding/0/display	copy
amb-map-0522	/cda:ClinicalDocument[1]/cda:component[1]/cda:structuredBody[1]/cda:component[5]/cda:section[1]/cda:component[1]/cda:section[1]/cda:entry[1]/cda:observation[1]/cda:value[1]/@codeSystemVersion	767	3.4	mapped	Observation/de9596ef-ba47-515c-993f-1c9dab0e427a#/valueCodeableConcept/coding/0/version	copy
amb-map-0523	/cda:ClinicalDocument[1]/cda:component[1]/cda:structuredBody[1]/cda:component[5]/cda:section[1]/cda:component[1]/cda:section[1]/cda:entry[1]/cda:observation[1]/cda:entryRelationship[1]/@typeCode	769	COMP	transformed	Observation/de9596ef-ba47-515c-993f-1c9dab0e427a#/hasMember/0	CDA COMP -> associated component observation; exact relation in trace
amb-map-0524	/cda:ClinicalDocument[1]/cda:component[1]/cda:structuredBody[1]/cda:component[5]/cda:section[1]/cda:component[1]/cda:section[1]/cda:entry[1]/cda:observation[1]/cda:entryRelationship[1]/cda:observation[1]/@classCode	771	OBS	technical		CDA structural/type/dictionary-label metadata; exact value in trace/source
amb-map-0525	/cda:ClinicalDocument[1]/cda:component[1]/cda:structuredBody[1]/cda:component[5]/cda:section[1]/cda:component[1]/cda:section[1]/cda:entry[1]/cda:observation[1]/cda:entryRelationship[1]/cda:observation[1]/@moodCode	771	EVN	technical		CDA structural/type/dictionary-label metadata; exact value in trace/source
amb-map-0526	/cda:ClinicalDocument[1]/cda:component[1]/cda:structuredBody[1]/cda:component[5]/cda:section[1]/cda:component[1]/cda:section[1]/cda:entry[1]/cda:observation[1]/cda:entryRelationship[1]/cda:observation[1]/cda:code[1]/@code	773	8043	mapped	Observation/b6550c31-e2c9-5a81-8c2b-e87fa7ab9fae#/code/coding/0/code	copy
amb-map-0527	/cda:ClinicalDocument[1]/cda:component[1]/cda:structuredBody[1]/cda:component[5]/cda:section[1]/cda:component[1]/cda:section[1]/cda:entry[1]/cda:observation[1]/cda:entryRelationship[1]/cda:observation[1]/cda:code[1]/@codeSystem	773	1.2.643.5.1.13.13.99.2.166	mapped	Observation/b6550c31-e2c9-5a81-8c2b-e87fa7ab9fae#/code/coding/0/system	OID -> canonical RuCore URI or urn:oid
amb-map-0528	/cda:ClinicalDocument[1]/cda:component[1]/cda:structuredBody[1]/cda:component[5]/cda:section[1]/cda:component[1]/cda:section[1]/cda:entry[1]/cda:observation[1]/cda:entryRelationship[1]/cda:observation[1]/cda:code[1]/@codeSystemName	773	Кодируемые поля CDA документов	technical		CDA structural/type/dictionary-label metadata; exact value in trace/source
amb-map-0529	/cda:ClinicalDocument[1]/cda:component[1]/cda:structuredBody[1]/cda:component[5]/cda:section[1]/cda:component[1]/cda:section[1]/cda:entry[1]/cda:observation[1]/cda:entryRelationship[1]/cda:observation[1]/cda:code[1]/@displayName	773	Признак установления инвалидности бессрочно	mapped	Observation/b6550c31-e2c9-5a81-8c2b-e87fa7ab9fae#/code/coding/0/display	copy
amb-map-0530	/cda:ClinicalDocument[1]/cda:component[1]/cda:structuredBody[1]/cda:component[5]/cda:section[1]/cda:component[1]/cda:section[1]/cda:entry[1]/cda:observation[1]/cda:entryRelationship[1]/cda:observation[1]/cda:code[1]/@codeSystemVersion	773	5.27	mapped	Observation/b6550c31-e2c9-5a81-8c2b-e87fa7ab9fae#/code/coding/0/version	copy
amb-map-0531	/cda:ClinicalDocument[1]/cda:component[1]/cda:structuredBody[1]/cda:component[5]/cda:section[1]/cda:component[1]/cda:section[1]/cda:entry[1]/cda:observation[1]/cda:entryRelationship[1]/cda:observation[1]/cda:value[1]/@xsi:type	775	BL	technical		CDA structural/type/dictionary-label metadata; exact value in trace/source
amb-map-0532	/cda:ClinicalDocument[1]/cda:component[1]/cda:structuredBody[1]/cda:component[5]/cda:section[1]/cda:component[1]/cda:section[1]/cda:entry[1]/cda:observation[1]/cda:entryRelationship[1]/cda:observation[1]/cda:value[1]/@value	775	false	mapped	Observation/b6550c31-e2c9-5a81-8c2b-e87fa7ab9fae#/valueBoolean	CDA boolean
amb-map-0533	/cda:ClinicalDocument[1]/cda:component[1]/cda:structuredBody[1]/cda:component[5]/cda:section[1]/cda:component[1]/cda:section[1]/cda:entry[1]/cda:observation[1]/cda:entryRelationship[2]/@typeCode	779	COMP	transformed	Observation/de9596ef-ba47-515c-993f-1c9dab0e427a#/hasMember/1	CDA COMP -> associated component observation; exact relation in trace
amb-map-0534	/cda:ClinicalDocument[1]/cda:component[1]/cda:structuredBody[1]/cda:component[5]/cda:section[1]/cda:component[1]/cda:section[1]/cda:entry[1]/cda:observation[1]/cda:entryRelationship[2]/cda:observation[1]/@classCode	781	OBS	technical		CDA structural/type/dictionary-label metadata; exact value in trace/source
amb-map-0535	/cda:ClinicalDocument[1]/cda:component[1]/cda:structuredBody[1]/cda:component[5]/cda:section[1]/cda:component[1]/cda:section[1]/cda:entry[1]/cda:observation[1]/cda:entryRelationship[2]/cda:observation[1]/@moodCode	781	EVN	technical		CDA structural/type/dictionary-label metadata; exact value in trace/source
amb-map-0536	/cda:ClinicalDocument[1]/cda:component[1]/cda:structuredBody[1]/cda:component[5]/cda:section[1]/cda:component[1]/cda:section[1]/cda:entry[1]/cda:observation[1]/cda:entryRelationship[2]/cda:observation[1]/cda:code[1]/@code	783	815	mapped	Observation/e3718382-d8e9-5015-8235-ac6acce9ed97#/code/coding/0/code	copy
amb-map-0537	/cda:ClinicalDocument[1]/cda:component[1]/cda:structuredBody[1]/cda:component[5]/cda:section[1]/cda:component[1]/cda:section[1]/cda:entry[1]/cda:observation[1]/cda:entryRelationship[2]/cda:observation[1]/cda:code[1]/@codeSystem	783	1.2.643.5.1.13.13.99.2.166	mapped	Observation/e3718382-d8e9-5015-8235-ac6acce9ed97#/code/coding/0/system	OID -> canonical RuCore URI or urn:oid
amb-map-0538	/cda:ClinicalDocument[1]/cda:component[1]/cda:structuredBody[1]/cda:component[5]/cda:section[1]/cda:component[1]/cda:section[1]/cda:entry[1]/cda:observation[1]/cda:entryRelationship[2]/cda:observation[1]/cda:code[1]/@codeSystemName	783	Кодируемые поля CDA документов	technical		CDA structural/type/dictionary-label metadata; exact value in trace/source
amb-map-0539	/cda:ClinicalDocument[1]/cda:component[1]/cda:structuredBody[1]/cda:component[5]/cda:section[1]/cda:component[1]/cda:section[1]/cda:entry[1]/cda:observation[1]/cda:entryRelationship[2]/cda:observation[1]/cda:code[1]/@displayName	783	Порядок установления инвалидности	mapped	Observation/e3718382-d8e9-5015-8235-ac6acce9ed97#/code/coding/0/display	copy
amb-map-0540	/cda:ClinicalDocument[1]/cda:component[1]/cda:structuredBody[1]/cda:component[5]/cda:section[1]/cda:component[1]/cda:section[1]/cda:entry[1]/cda:observation[1]/cda:entryRelationship[2]/cda:observation[1]/cda:code[1]/@codeSystemVersion	783	5.27	mapped	Observation/e3718382-d8e9-5015-8235-ac6acce9ed97#/code/coding/0/version	copy
amb-map-0541	/cda:ClinicalDocument[1]/cda:component[1]/cda:structuredBody[1]/cda:component[5]/cda:section[1]/cda:component[1]/cda:section[1]/cda:entry[1]/cda:observation[1]/cda:entryRelationship[2]/cda:observation[1]/cda:value[1]/@xsi:type	785	CD	technical		CDA structural/type/dictionary-label metadata; exact value in trace/source
amb-map-0542	/cda:ClinicalDocument[1]/cda:component[1]/cda:structuredBody[1]/cda:component[5]/cda:section[1]/cda:component[1]/cda:section[1]/cda:entry[1]/cda:observation[1]/cda:entryRelationship[2]/cda:observation[1]/cda:value[1]/@code	785	2	mapped	Observation/e3718382-d8e9-5015-8235-ac6acce9ed97#/valueCodeableConcept/coding/0/code	copy
amb-map-0543	/cda:ClinicalDocument[1]/cda:component[1]/cda:structuredBody[1]/cda:component[5]/cda:section[1]/cda:component[1]/cda:section[1]/cda:entry[1]/cda:observation[1]/cda:entryRelationship[2]/cda:observation[1]/cda:value[1]/@codeSystem	785	1.2.643.5.1.13.13.11.1041	mapped	Observation/e3718382-d8e9-5015-8235-ac6acce9ed97#/valueCodeableConcept/coding/0/system	OID -> canonical RuCore URI or urn:oid
amb-map-0544	/cda:ClinicalDocument[1]/cda:component[1]/cda:structuredBody[1]/cda:component[5]/cda:section[1]/cda:component[1]/cda:section[1]/cda:entry[1]/cda:observation[1]/cda:entryRelationship[2]/cda:observation[1]/cda:value[1]/@codeSystemName	785	Тип установления инвалидности (впервые, повторно)	technical		CDA structural/type/dictionary-label metadata; exact value in trace/source
amb-map-0545	/cda:ClinicalDocument[1]/cda:component[1]/cda:structuredBody[1]/cda:component[5]/cda:section[1]/cda:component[1]/cda:section[1]/cda:entry[1]/cda:observation[1]/cda:entryRelationship[2]/cda:observation[1]/cda:value[1]/@displayName	785	Повторно	mapped	Observation/e3718382-d8e9-5015-8235-ac6acce9ed97#/valueCodeableConcept/coding/0/display	copy
amb-map-0546	/cda:ClinicalDocument[1]/cda:component[1]/cda:structuredBody[1]/cda:component[5]/cda:section[1]/cda:component[1]/cda:section[1]/cda:entry[1]/cda:observation[1]/cda:entryRelationship[2]/cda:observation[1]/cda:value[1]/@codeSystemVersion	785	1.1	mapped	Observation/e3718382-d8e9-5015-8235-ac6acce9ed97#/valueCodeableConcept/coding/0/version	copy
amb-map-0547	/cda:ClinicalDocument[1]/cda:component[1]/cda:structuredBody[1]/cda:component[5]/cda:section[1]/cda:component[1]/cda:section[1]/cda:entry[1]/cda:observation[1]/cda:entryRelationship[3]/@typeCode	790	COMP	transformed	Observation/de9596ef-ba47-515c-993f-1c9dab0e427a#/hasMember/2	CDA COMP -> associated component observation; exact relation in trace
amb-map-0548	/cda:ClinicalDocument[1]/cda:component[1]/cda:structuredBody[1]/cda:component[5]/cda:section[1]/cda:component[1]/cda:section[1]/cda:entry[1]/cda:observation[1]/cda:entryRelationship[3]/cda:observation[1]/@classCode	792	OBS	technical		CDA structural/type/dictionary-label metadata; exact value in trace/source
amb-map-0549	/cda:ClinicalDocument[1]/cda:component[1]/cda:structuredBody[1]/cda:component[5]/cda:section[1]/cda:component[1]/cda:section[1]/cda:entry[1]/cda:observation[1]/cda:entryRelationship[3]/cda:observation[1]/@moodCode	792	EVN	technical		CDA structural/type/dictionary-label metadata; exact value in trace/source
amb-map-0550	/cda:ClinicalDocument[1]/cda:component[1]/cda:structuredBody[1]/cda:component[5]/cda:section[1]/cda:component[1]/cda:section[1]/cda:entry[1]/cda:observation[1]/cda:entryRelationship[3]/cda:observation[1]/cda:code[1]/@code	794	4058	mapped	Observation/bf9e5eb9-8595-51ed-b891-c79dd7a2a2cf#/code/coding/0/code	copy
amb-map-0551	/cda:ClinicalDocument[1]/cda:component[1]/cda:structuredBody[1]/cda:component[5]/cda:section[1]/cda:component[1]/cda:section[1]/cda:entry[1]/cda:observation[1]/cda:entryRelationship[3]/cda:observation[1]/cda:code[1]/@codeSystem	794	1.2.643.5.1.13.13.99.2.166	mapped	Observation/bf9e5eb9-8595-51ed-b891-c79dd7a2a2cf#/code/coding/0/system	OID -> canonical RuCore URI or urn:oid
amb-map-0552	/cda:ClinicalDocument[1]/cda:component[1]/cda:structuredBody[1]/cda:component[5]/cda:section[1]/cda:component[1]/cda:section[1]/cda:entry[1]/cda:observation[1]/cda:entryRelationship[3]/cda:observation[1]/cda:code[1]/@codeSystemName	794	Кодируемые поля CDA документов	technical		CDA structural/type/dictionary-label metadata; exact value in trace/source
amb-map-0553	/cda:ClinicalDocument[1]/cda:component[1]/cda:structuredBody[1]/cda:component[5]/cda:section[1]/cda:component[1]/cda:section[1]/cda:entry[1]/cda:observation[1]/cda:entryRelationship[3]/cda:observation[1]/cda:code[1]/@displayName	794	Степень утраты профессиональной трудоспособности (%)	mapped	Observation/bf9e5eb9-8595-51ed-b891-c79dd7a2a2cf#/code/coding/0/display	copy
amb-map-0554	/cda:ClinicalDocument[1]/cda:component[1]/cda:structuredBody[1]/cda:component[5]/cda:section[1]/cda:component[1]/cda:section[1]/cda:entry[1]/cda:observation[1]/cda:entryRelationship[3]/cda:observation[1]/cda:code[1]/@codeSystemVersion	794	5.27	mapped	Observation/bf9e5eb9-8595-51ed-b891-c79dd7a2a2cf#/code/coding/0/version	copy
amb-map-0555	/cda:ClinicalDocument[1]/cda:component[1]/cda:structuredBody[1]/cda:component[5]/cda:section[1]/cda:component[1]/cda:section[1]/cda:entry[1]/cda:observation[1]/cda:entryRelationship[3]/cda:observation[1]/cda:effectiveTime[1]/@nullFlavor	796	NA	mapped	Observation/bf9e5eb9-8595-51ed-b891-c79dd7a2a2cf#/_effectiveDateTime/extension	NullFlavor on primitive
amb-map-0556	/cda:ClinicalDocument[1]/cda:component[1]/cda:structuredBody[1]/cda:component[5]/cda:section[1]/cda:component[1]/cda:section[1]/cda:entry[1]/cda:observation[1]/cda:entryRelationship[3]/cda:observation[1]/cda:value[1]/@xsi:type	798	PQ	technical		CDA structural/type/dictionary-label metadata; exact value in trace/source
amb-map-0557	/cda:ClinicalDocument[1]/cda:component[1]/cda:structuredBody[1]/cda:component[5]/cda:section[1]/cda:component[1]/cda:section[1]/cda:entry[1]/cda:observation[1]/cda:entryRelationship[3]/cda:observation[1]/cda:value[1]/@value	798	30	mapped	Observation/bf9e5eb9-8595-51ed-b891-c79dd7a2a2cf#/valueQuantity/extension/0/valueQuantity/value	decimal
amb-map-0558	/cda:ClinicalDocument[1]/cda:component[1]/cda:structuredBody[1]/cda:component[5]/cda:section[1]/cda:component[1]/cda:section[1]/cda:entry[1]/cda:observation[1]/cda:entryRelationship[3]/cda:observation[1]/cda:value[1]/@unit	798	%	mapped	Observation/bf9e5eb9-8595-51ed-b891-c79dd7a2a2cf#/valueQuantity/extension/0/valueQuantity/unit; Observation/bf9e5eb9-8595-51ed-b891-c79dd7a2a2cf#/valueQuantity/extension/0/valueQuantity/code	CDA PQ UCUM unit
amb-map-0559	/cda:ClinicalDocument[1]/cda:component[1]/cda:structuredBody[1]/cda:component[5]/cda:section[1]/cda:component[1]/cda:section[1]/cda:entry[1]/cda:observation[1]/cda:entryRelationship[3]/cda:observation[1]/cda:value[1]/cda:translation[1]/@value	800	30	mapped	Observation/bf9e5eb9-8595-51ed-b891-c79dd7a2a2cf#/valueQuantity/value	translated quantity
amb-map-0560	/cda:ClinicalDocument[1]/cda:component[1]/cda:structuredBody[1]/cda:component[5]/cda:section[1]/cda:component[1]/cda:section[1]/cda:entry[1]/cda:observation[1]/cda:entryRelationship[3]/cda:observation[1]/cda:value[1]/cda:translation[1]/@code	800	53	mapped	Observation/bf9e5eb9-8595-51ed-b891-c79dd7a2a2cf#/valueQuantity/code	copy
amb-map-0561	/cda:ClinicalDocument[1]/cda:component[1]/cda:structuredBody[1]/cda:component[5]/cda:section[1]/cda:component[1]/cda:section[1]/cda:entry[1]/cda:observation[1]/cda:entryRelationship[3]/cda:observation[1]/cda:value[1]/cda:translation[1]/@codeSystem	800	1.2.643.5.1.13.13.11.1358	mapped	Observation/bf9e5eb9-8595-51ed-b891-c79dd7a2a2cf#/valueQuantity/system	original unit code system
amb-map-0562	/cda:ClinicalDocument[1]/cda:component[1]/cda:structuredBody[1]/cda:component[5]/cda:section[1]/cda:component[1]/cda:section[1]/cda:entry[1]/cda:observation[1]/cda:entryRelationship[3]/cda:observation[1]/cda:value[1]/cda:translation[1]/@codeSystemName	800	Единицы измерения	technical		CDA structural/type/dictionary-label metadata; exact value in trace/source
amb-map-0563	/cda:ClinicalDocument[1]/cda:component[1]/cda:structuredBody[1]/cda:component[5]/cda:section[1]/cda:component[1]/cda:section[1]/cda:entry[1]/cda:observation[1]/cda:entryRelationship[3]/cda:observation[1]/cda:value[1]/cda:translation[1]/@displayName	800	%	mapped	Observation/bf9e5eb9-8595-51ed-b891-c79dd7a2a2cf#/valueQuantity/unit	copy
amb-map-0564	/cda:ClinicalDocument[1]/cda:component[1]/cda:structuredBody[1]/cda:component[5]/cda:section[1]/cda:component[1]/cda:section[1]/cda:entry[1]/cda:observation[1]/cda:entryRelationship[3]/cda:observation[1]/cda:value[1]/cda:translation[1]/@codeSystemVersion	800	3.23	report-only		GAP: no structured rule; source retained
amb-map-0565	/cda:ClinicalDocument[1]/cda:component[1]/cda:structuredBody[1]/cda:component[5]/cda:section[1]/cda:component[1]/cda:section[1]/cda:entry[1]/cda:observation[1]/cda:entryRelationship[3]/cda:observation[1]/cda:entryRelationship[1]/@typeCode	803	COMP	transformed	Observation/bf9e5eb9-8595-51ed-b891-c79dd7a2a2cf#/hasMember/0	CDA COMP -> associated component observation; exact relation in trace
amb-map-0566	/cda:ClinicalDocument[1]/cda:component[1]/cda:structuredBody[1]/cda:component[5]/cda:section[1]/cda:component[1]/cda:section[1]/cda:entry[1]/cda:observation[1]/cda:entryRelationship[3]/cda:observation[1]/cda:entryRelationship[1]/cda:observation[1]/@classCode	805	OBS	technical		CDA structural/type/dictionary-label metadata; exact value in trace/source
amb-map-0567	/cda:ClinicalDocument[1]/cda:component[1]/cda:structuredBody[1]/cda:component[5]/cda:section[1]/cda:component[1]/cda:section[1]/cda:entry[1]/cda:observation[1]/cda:entryRelationship[3]/cda:observation[1]/cda:entryRelationship[1]/cda:observation[1]/@moodCode	805	EVN	technical		CDA structural/type/dictionary-label metadata; exact value in trace/source
amb-map-0568	/cda:ClinicalDocument[1]/cda:component[1]/cda:structuredBody[1]/cda:component[5]/cda:section[1]/cda:component[1]/cda:section[1]/cda:entry[1]/cda:observation[1]/cda:entryRelationship[3]/cda:observation[1]/cda:entryRelationship[1]/cda:observation[1]/cda:code[1]/@code	807	4083	mapped	Observation/117df0d2-0aa5-5ef0-aab8-e35361cac9aa#/code/coding/0/code	copy
amb-map-0569	/cda:ClinicalDocument[1]/cda:component[1]/cda:structuredBody[1]/cda:component[5]/cda:section[1]/cda:component[1]/cda:section[1]/cda:entry[1]/cda:observation[1]/cda:entryRelationship[3]/cda:observation[1]/cda:entryRelationship[1]/cda:observation[1]/cda:code[1]/@codeSystem	807	1.2.643.5.1.13.13.99.2.166	mapped	Observation/117df0d2-0aa5-5ef0-aab8-e35361cac9aa#/code/coding/0/system	OID -> canonical RuCore URI or urn:oid
amb-map-0570	/cda:ClinicalDocument[1]/cda:component[1]/cda:structuredBody[1]/cda:component[5]/cda:section[1]/cda:component[1]/cda:section[1]/cda:entry[1]/cda:observation[1]/cda:entryRelationship[3]/cda:observation[1]/cda:entryRelationship[1]/cda:observation[1]/cda:code[1]/@codeSystemName	807	Кодируемые поля CDA документов	technical		CDA structural/type/dictionary-label metadata; exact value in trace/source
amb-map-0571	/cda:ClinicalDocument[1]/cda:component[1]/cda:structuredBody[1]/cda:component[5]/cda:section[1]/cda:component[1]/cda:section[1]/cda:entry[1]/cda:observation[1]/cda:entryRelationship[3]/cda:observation[1]/cda:entryRelationship[1]/cda:observation[1]/cda:code[1]/@displayName	807	Срок, на который установлена степень утраты профессиональной трудоспособности	mapped	Observation/117df0d2-0aa5-5ef0-aab8-e35361cac9aa#/code/coding/0/display	copy
amb-map-0572	/cda:ClinicalDocument[1]/cda:component[1]/cda:structuredBody[1]/cda:component[5]/cda:section[1]/cda:component[1]/cda:section[1]/cda:entry[1]/cda:observation[1]/cda:entryRelationship[3]/cda:observation[1]/cda:entryRelationship[1]/cda:observation[1]/cda:code[1]/@codeSystemVersion	807	5.27	mapped	Observation/117df0d2-0aa5-5ef0-aab8-e35361cac9aa#/code/coding/0/version	copy
amb-map-0573	/cda:ClinicalDocument[1]/cda:component[1]/cda:structuredBody[1]/cda:component[5]/cda:section[1]/cda:component[1]/cda:section[1]/cda:entry[1]/cda:observation[1]/cda:entryRelationship[3]/cda:observation[1]/cda:entryRelationship[1]/cda:observation[1]/cda:value[1]/@xsi:type	809	CD	technical		CDA structural/type/dictionary-label metadata; exact value in trace/source
amb-map-0574	/cda:ClinicalDocument[1]/cda:component[1]/cda:structuredBody[1]/cda:component[5]/cda:section[1]/cda:component[1]/cda:section[1]/cda:entry[1]/cda:observation[1]/cda:entryRelationship[3]/cda:observation[1]/cda:entryRelationship[1]/cda:observation[1]/cda:value[1]/@code	809	1	mapped	Observation/117df0d2-0aa5-5ef0-aab8-e35361cac9aa#/valueCodeableConcept/coding/0/code	copy
amb-map-0575	/cda:ClinicalDocument[1]/cda:component[1]/cda:structuredBody[1]/cda:component[5]/cda:section[1]/cda:component[1]/cda:section[1]/cda:entry[1]/cda:observation[1]/cda:entryRelationship[3]/cda:observation[1]/cda:entryRelationship[1]/cda:observation[1]/cda:value[1]/@codeSystem	809	1.2.643.5.1.13.13.99.2.325	mapped	Observation/117df0d2-0aa5-5ef0-aab8-e35361cac9aa#/valueCodeableConcept/coding/0/system	OID -> canonical RuCore URI or urn:oid
amb-map-0576	/cda:ClinicalDocument[1]/cda:component[1]/cda:structuredBody[1]/cda:component[5]/cda:section[1]/cda:component[1]/cda:section[1]/cda:entry[1]/cda:observation[1]/cda:entryRelationship[3]/cda:observation[1]/cda:entryRelationship[1]/cda:observation[1]/cda:value[1]/@codeSystemName	809	Срок, на который установлена степень утраты профессиональной трудоспособности	technical		CDA structural/type/dictionary-label metadata; exact value in trace/source
amb-map-0577	/cda:ClinicalDocument[1]/cda:component[1]/cda:structuredBody[1]/cda:component[5]/cda:section[1]/cda:component[1]/cda:section[1]/cda:entry[1]/cda:observation[1]/cda:entryRelationship[3]/cda:observation[1]/cda:entryRelationship[1]/cda:observation[1]/cda:value[1]/@displayName	809	6 месяцев	mapped	Observation/117df0d2-0aa5-5ef0-aab8-e35361cac9aa#/valueCodeableConcept/coding/0/display	copy
amb-map-0578	/cda:ClinicalDocument[1]/cda:component[1]/cda:structuredBody[1]/cda:component[5]/cda:section[1]/cda:component[1]/cda:section[1]/cda:entry[1]/cda:observation[1]/cda:entryRelationship[3]/cda:observation[1]/cda:entryRelationship[1]/cda:observation[1]/cda:value[1]/@codeSystemVersion	809	1.2	mapped	Observation/117df0d2-0aa5-5ef0-aab8-e35361cac9aa#/valueCodeableConcept/coding/0/version	copy
amb-map-0579	/cda:ClinicalDocument[1]/cda:component[1]/cda:structuredBody[1]/cda:component[5]/cda:section[1]/cda:component[1]/cda:section[1]/cda:entry[2]/cda:observation[1]/@classCode	819	OBS	technical		CDA structural/type/dictionary-label metadata; exact value in trace/source
amb-map-0580	/cda:ClinicalDocument[1]/cda:component[1]/cda:structuredBody[1]/cda:component[5]/cda:section[1]/cda:component[1]/cda:section[1]/cda:entry[2]/cda:observation[1]/@moodCode	819	EVN	technical		CDA structural/type/dictionary-label metadata; exact value in trace/source
amb-map-0581	/cda:ClinicalDocument[1]/cda:component[1]/cda:structuredBody[1]/cda:component[5]/cda:section[1]/cda:component[1]/cda:section[1]/cda:entry[2]/cda:observation[1]/cda:code[1]/@code	821	812	mapped	Observation/2bd3bd7a-cda2-5faf-a87f-ec11b721869f#/code/coding/0/code	copy
amb-map-0582	/cda:ClinicalDocument[1]/cda:component[1]/cda:structuredBody[1]/cda:component[5]/cda:section[1]/cda:component[1]/cda:section[1]/cda:entry[2]/cda:observation[1]/cda:code[1]/@codeSystem	821	1.2.643.5.1.13.13.99.2.166	mapped	Observation/2bd3bd7a-cda2-5faf-a87f-ec11b721869f#/code/coding/0/system	OID -> canonical RuCore URI or urn:oid
amb-map-0583	/cda:ClinicalDocument[1]/cda:component[1]/cda:structuredBody[1]/cda:component[5]/cda:section[1]/cda:component[1]/cda:section[1]/cda:entry[2]/cda:observation[1]/cda:code[1]/@codeSystemName	821	Кодируемые поля CDA документов	technical		CDA structural/type/dictionary-label metadata; exact value in trace/source
amb-map-0584	/cda:ClinicalDocument[1]/cda:component[1]/cda:structuredBody[1]/cda:component[5]/cda:section[1]/cda:component[1]/cda:section[1]/cda:entry[2]/cda:observation[1]/cda:code[1]/@displayName	821	Потенциально-опасный для здоровья социальный фактор	mapped	Observation/2bd3bd7a-cda2-5faf-a87f-ec11b721869f#/code/coding/0/display	copy
amb-map-0585	/cda:ClinicalDocument[1]/cda:component[1]/cda:structuredBody[1]/cda:component[5]/cda:section[1]/cda:component[1]/cda:section[1]/cda:entry[2]/cda:observation[1]/cda:code[1]/@codeSystemVersion	821	5.27	mapped	Observation/2bd3bd7a-cda2-5faf-a87f-ec11b721869f#/code/coding/0/version	copy
amb-map-0586	/cda:ClinicalDocument[1]/cda:component[1]/cda:structuredBody[1]/cda:component[5]/cda:section[1]/cda:component[1]/cda:section[1]/cda:entry[2]/cda:observation[1]/cda:value[1]/@xsi:type	823	CD	technical		CDA structural/type/dictionary-label metadata; exact value in trace/source
amb-map-0587	/cda:ClinicalDocument[1]/cda:component[1]/cda:structuredBody[1]/cda:component[5]/cda:section[1]/cda:component[1]/cda:section[1]/cda:entry[2]/cda:observation[1]/cda:value[1]/@code	823	14	mapped	Observation/2bd3bd7a-cda2-5faf-a87f-ec11b721869f#/valueCodeableConcept/coding/0/code	copy
amb-map-0588	/cda:ClinicalDocument[1]/cda:component[1]/cda:structuredBody[1]/cda:component[5]/cda:section[1]/cda:component[1]/cda:section[1]/cda:entry[2]/cda:observation[1]/cda:value[1]/@codeSystem	823	1.2.643.5.1.13.13.11.1059	mapped	Observation/2bd3bd7a-cda2-5faf-a87f-ec11b721869f#/valueCodeableConcept/coding/0/system	OID -> canonical RuCore URI or urn:oid
amb-map-0589	/cda:ClinicalDocument[1]/cda:component[1]/cda:structuredBody[1]/cda:component[5]/cda:section[1]/cda:component[1]/cda:section[1]/cda:entry[2]/cda:observation[1]/cda:value[1]/@codeSystemName	823	Потенциально-опасные для здоровья социальные факторы	technical		CDA structural/type/dictionary-label metadata; exact value in trace/source
amb-map-0590	/cda:ClinicalDocument[1]/cda:component[1]/cda:structuredBody[1]/cda:component[5]/cda:section[1]/cda:component[1]/cda:section[1]/cda:entry[2]/cda:observation[1]/cda:value[1]/@displayName	823	Расстройство режима сна и бодрствования	mapped	Observation/2bd3bd7a-cda2-5faf-a87f-ec11b721869f#/valueCodeableConcept/coding/0/display	copy
amb-map-0591	/cda:ClinicalDocument[1]/cda:component[1]/cda:structuredBody[1]/cda:component[5]/cda:section[1]/cda:component[1]/cda:section[1]/cda:entry[2]/cda:observation[1]/cda:value[1]/@codeSystemVersion	823	2.1	mapped	Observation/2bd3bd7a-cda2-5faf-a87f-ec11b721869f#/valueCodeableConcept/coding/0/version	copy
amb-map-0592	/cda:ClinicalDocument[1]/cda:component[1]/cda:structuredBody[1]/cda:component[5]/cda:section[1]/cda:component[1]/cda:section[1]/cda:entry[3]/cda:observation[1]/@classCode	829	OBS	technical		CDA structural/type/dictionary-label metadata; exact value in trace/source
amb-map-0593	/cda:ClinicalDocument[1]/cda:component[1]/cda:structuredBody[1]/cda:component[5]/cda:section[1]/cda:component[1]/cda:section[1]/cda:entry[3]/cda:observation[1]/@moodCode	829	EVN	technical		CDA structural/type/dictionary-label metadata; exact value in trace/source
amb-map-0594	/cda:ClinicalDocument[1]/cda:component[1]/cda:structuredBody[1]/cda:component[5]/cda:section[1]/cda:component[1]/cda:section[1]/cda:entry[3]/cda:observation[1]/cda:code[1]/@code	831	9052	mapped	Observation/3fb6ccb7-6e39-5a37-b5de-552c1516db4f#/code/coding/0/code	copy
amb-map-0595	/cda:ClinicalDocument[1]/cda:component[1]/cda:structuredBody[1]/cda:component[5]/cda:section[1]/cda:component[1]/cda:section[1]/cda:entry[3]/cda:observation[1]/cda:code[1]/@codeSystem	831	1.2.643.5.1.13.13.99.2.166	mapped	Observation/3fb6ccb7-6e39-5a37-b5de-552c1516db4f#/code/coding/0/system	OID -> canonical RuCore URI or urn:oid
amb-map-0596	/cda:ClinicalDocument[1]/cda:component[1]/cda:structuredBody[1]/cda:component[5]/cda:section[1]/cda:component[1]/cda:section[1]/cda:entry[3]/cda:observation[1]/cda:code[1]/@codeSystemName	831	Кодируемые поля CDA документов	technical		CDA structural/type/dictionary-label metadata; exact value in trace/source
amb-map-0597	/cda:ClinicalDocument[1]/cda:component[1]/cda:structuredBody[1]/cda:component[5]/cda:section[1]/cda:component[1]/cda:section[1]/cda:entry[3]/cda:observation[1]/cda:code[1]/@displayName	831	Вредный производственный фактор	mapped	Observation/3fb6ccb7-6e39-5a37-b5de-552c1516db4f#/code/coding/0/display	copy
amb-map-0598	/cda:ClinicalDocument[1]/cda:component[1]/cda:structuredBody[1]/cda:component[5]/cda:section[1]/cda:component[1]/cda:section[1]/cda:entry[3]/cda:observation[1]/cda:code[1]/@codeSystemVersion	831	5.27	mapped	Observation/3fb6ccb7-6e39-5a37-b5de-552c1516db4f#/code/coding/0/version	copy
amb-map-0599	/cda:ClinicalDocument[1]/cda:component[1]/cda:structuredBody[1]/cda:component[5]/cda:section[1]/cda:component[1]/cda:section[1]/cda:entry[3]/cda:observation[1]/cda:value[1]/@xsi:type	833	CD	technical		CDA structural/type/dictionary-label metadata; exact value in trace/source
amb-map-0600	/cda:ClinicalDocument[1]/cda:component[1]/cda:structuredBody[1]/cda:component[5]/cda:section[1]/cda:component[1]/cda:section[1]/cda:entry[3]/cda:observation[1]/cda:value[1]/@code	833	338	mapped	Observation/3fb6ccb7-6e39-5a37-b5de-552c1516db4f#/valueCodeableConcept/coding/0/code	copy
amb-map-0601	/cda:ClinicalDocument[1]/cda:component[1]/cda:structuredBody[1]/cda:component[5]/cda:section[1]/cda:component[1]/cda:section[1]/cda:entry[3]/cda:observation[1]/cda:value[1]/@codeSystem	833	1.2.643.5.1.13.13.11.1060	mapped	Observation/3fb6ccb7-6e39-5a37-b5de-552c1516db4f#/valueCodeableConcept/coding/0/system	OID -> canonical RuCore URI or urn:oid
amb-map-0602	/cda:ClinicalDocument[1]/cda:component[1]/cda:structuredBody[1]/cda:component[5]/cda:section[1]/cda:component[1]/cda:section[1]/cda:entry[3]/cda:observation[1]/cda:value[1]/@codeSystemName	833	Перечень вредных и (или) опасных производственных факторов и работ, при выполнении которых проводятся обязательные предварительные и периодические медицинские осмотры (обследования)	technical		CDA structural/type/dictionary-label metadata; exact value in trace/source
amb-map-0603	/cda:ClinicalDocument[1]/cda:component[1]/cda:structuredBody[1]/cda:component[5]/cda:section[1]/cda:component[1]/cda:section[1]/cda:entry[3]/cda:observation[1]/cda:value[1]/@displayName	833	Биологические факторы	mapped	Observation/3fb6ccb7-6e39-5a37-b5de-552c1516db4f#/valueCodeableConcept/coding/0/display	copy
amb-map-0604	/cda:ClinicalDocument[1]/cda:component[1]/cda:structuredBody[1]/cda:component[5]/cda:section[1]/cda:component[1]/cda:section[1]/cda:entry[3]/cda:observation[1]/cda:value[1]/@codeSystemVersion	833	2.1	mapped	Observation/3fb6ccb7-6e39-5a37-b5de-552c1516db4f#/valueCodeableConcept/coding/0/version	copy
amb-map-0605	/cda:ClinicalDocument[1]/cda:component[1]/cda:structuredBody[1]/cda:component[5]/cda:section[1]/cda:component[1]/cda:section[1]/cda:entry[4]/cda:observation[1]/@classCode	839	OBS	technical		CDA structural/type/dictionary-label metadata; exact value in trace/source
amb-map-0606	/cda:ClinicalDocument[1]/cda:component[1]/cda:structuredBody[1]/cda:component[5]/cda:section[1]/cda:component[1]/cda:section[1]/cda:entry[4]/cda:observation[1]/@moodCode	839	EVN	technical		CDA structural/type/dictionary-label metadata; exact value in trace/source
amb-map-0607	/cda:ClinicalDocument[1]/cda:component[1]/cda:structuredBody[1]/cda:component[5]/cda:section[1]/cda:component[1]/cda:section[1]/cda:entry[4]/cda:observation[1]/cda:code[1]/@code	841	9053	mapped	Observation/2e5fa3f3-3c6b-5221-8649-cc560fdf9ef3#/code/coding/0/code	copy
amb-map-0608	/cda:ClinicalDocument[1]/cda:component[1]/cda:structuredBody[1]/cda:component[5]/cda:section[1]/cda:component[1]/cda:section[1]/cda:entry[4]/cda:observation[1]/cda:code[1]/@codeSystem	841	1.2.643.5.1.13.13.99.2.166	mapped	Observation/2e5fa3f3-3c6b-5221-8649-cc560fdf9ef3#/code/coding/0/system	OID -> canonical RuCore URI or urn:oid
amb-map-0609	/cda:ClinicalDocument[1]/cda:component[1]/cda:structuredBody[1]/cda:component[5]/cda:section[1]/cda:component[1]/cda:section[1]/cda:entry[4]/cda:observation[1]/cda:code[1]/@codeSystemName	841	Кодируемые поля CDA документов	technical		CDA structural/type/dictionary-label metadata; exact value in trace/source
amb-map-0610	/cda:ClinicalDocument[1]/cda:component[1]/cda:structuredBody[1]/cda:component[5]/cda:section[1]/cda:component[1]/cda:section[1]/cda:entry[4]/cda:observation[1]/cda:code[1]/@displayName	841	Вредная привычка или зависимость	mapped	Observation/2e5fa3f3-3c6b-5221-8649-cc560fdf9ef3#/code/coding/0/display	copy
amb-map-0611	/cda:ClinicalDocument[1]/cda:component[1]/cda:structuredBody[1]/cda:component[5]/cda:section[1]/cda:component[1]/cda:section[1]/cda:entry[4]/cda:observation[1]/cda:code[1]/@codeSystemVersion	841	5.27	mapped	Observation/2e5fa3f3-3c6b-5221-8649-cc560fdf9ef3#/code/coding/0/version	copy
amb-map-0612	/cda:ClinicalDocument[1]/cda:component[1]/cda:structuredBody[1]/cda:component[5]/cda:section[1]/cda:component[1]/cda:section[1]/cda:entry[4]/cda:observation[1]/cda:value[1]/@xsi:type	843	CD	technical		CDA structural/type/dictionary-label metadata; exact value in trace/source
amb-map-0613	/cda:ClinicalDocument[1]/cda:component[1]/cda:structuredBody[1]/cda:component[5]/cda:section[1]/cda:component[1]/cda:section[1]/cda:entry[4]/cda:observation[1]/cda:value[1]/@code	843	9	mapped	Observation/2e5fa3f3-3c6b-5221-8649-cc560fdf9ef3#/valueCodeableConcept/coding/0/code	copy
amb-map-0614	/cda:ClinicalDocument[1]/cda:component[1]/cda:structuredBody[1]/cda:component[5]/cda:section[1]/cda:component[1]/cda:section[1]/cda:entry[4]/cda:observation[1]/cda:value[1]/@codeSystem	843	1.2.643.5.1.13.13.11.1058	mapped	Observation/2e5fa3f3-3c6b-5221-8649-cc560fdf9ef3#/valueCodeableConcept/coding/0/system	OID -> canonical RuCore URI or urn:oid
amb-map-0615	/cda:ClinicalDocument[1]/cda:component[1]/cda:structuredBody[1]/cda:component[5]/cda:section[1]/cda:component[1]/cda:section[1]/cda:entry[4]/cda:observation[1]/cda:value[1]/@codeSystemName	843	Привычки и зависимости	technical		CDA structural/type/dictionary-label metadata; exact value in trace/source
amb-map-0616	/cda:ClinicalDocument[1]/cda:component[1]/cda:structuredBody[1]/cda:component[5]/cda:section[1]/cda:component[1]/cda:section[1]/cda:entry[4]/cda:observation[1]/cda:value[1]/@displayName	843	Телевизионная зависимость	mapped	Observation/2e5fa3f3-3c6b-5221-8649-cc560fdf9ef3#/valueCodeableConcept/coding/0/display	copy
amb-map-0617	/cda:ClinicalDocument[1]/cda:component[1]/cda:structuredBody[1]/cda:component[5]/cda:section[1]/cda:component[1]/cda:section[1]/cda:entry[4]/cda:observation[1]/cda:value[1]/@codeSystemVersion	843	2.3	mapped	Observation/2e5fa3f3-3c6b-5221-8649-cc560fdf9ef3#/valueCodeableConcept/coding/0/version	copy
amb-map-0618	/cda:ClinicalDocument[1]/cda:component[1]/cda:structuredBody[1]/cda:component[5]/cda:section[1]/cda:component[1]/cda:section[1]/cda:entry[5]/cda:observation[1]/@classCode	849	OBS	technical		CDA structural/type/dictionary-label metadata; exact value in trace/source
amb-map-0619	/cda:ClinicalDocument[1]/cda:component[1]/cda:structuredBody[1]/cda:component[5]/cda:section[1]/cda:component[1]/cda:section[1]/cda:entry[5]/cda:observation[1]/@moodCode	849	EVN	technical		CDA structural/type/dictionary-label metadata; exact value in trace/source
amb-map-0620	/cda:ClinicalDocument[1]/cda:component[1]/cda:structuredBody[1]/cda:component[5]/cda:section[1]/cda:component[1]/cda:section[1]/cda:entry[5]/cda:observation[1]/cda:code[1]/@code	851	12524	mapped	Observation/4aeb6b95-5c7b-5649-abbf-4ec2239800d2#/code/coding/0/code	copy
amb-map-0621	/cda:ClinicalDocument[1]/cda:component[1]/cda:structuredBody[1]/cda:component[5]/cda:section[1]/cda:component[1]/cda:section[1]/cda:entry[5]/cda:observation[1]/cda:code[1]/@codeSystem	851	1.2.643.5.1.13.13.99.2.166	mapped	Observation/4aeb6b95-5c7b-5649-abbf-4ec2239800d2#/code/coding/0/system	OID -> canonical RuCore URI or urn:oid
amb-map-0622	/cda:ClinicalDocument[1]/cda:component[1]/cda:structuredBody[1]/cda:component[5]/cda:section[1]/cda:component[1]/cda:section[1]/cda:entry[5]/cda:observation[1]/cda:code[1]/@codeSystemName	851	Кодируемые поля CDA документов	technical		CDA structural/type/dictionary-label metadata; exact value in trace/source
amb-map-0623	/cda:ClinicalDocument[1]/cda:component[1]/cda:structuredBody[1]/cda:component[5]/cda:section[1]/cda:component[1]/cda:section[1]/cda:entry[5]/cda:observation[1]/cda:code[1]/@displayName	851	Занятость	mapped	Observation/4aeb6b95-5c7b-5649-abbf-4ec2239800d2#/code/coding/0/display	copy
amb-map-0624	/cda:ClinicalDocument[1]/cda:component[1]/cda:structuredBody[1]/cda:component[5]/cda:section[1]/cda:component[1]/cda:section[1]/cda:entry[5]/cda:observation[1]/cda:code[1]/@codeSystemVersion	851	5.27	mapped	Observation/4aeb6b95-5c7b-5649-abbf-4ec2239800d2#/code/coding/0/version	copy
amb-map-0625	/cda:ClinicalDocument[1]/cda:component[1]/cda:structuredBody[1]/cda:component[5]/cda:section[1]/cda:component[1]/cda:section[1]/cda:entry[5]/cda:observation[1]/cda:text[1]/text()	853	"Заведующий хозяйством в ООО ""Организация"""	mapped	Observation/4aeb6b95-5c7b-5649-abbf-4ec2239800d2#/note/0/text	copy
amb-map-0626	/cda:ClinicalDocument[1]/cda:component[1]/cda:structuredBody[1]/cda:component[5]/cda:section[1]/cda:component[1]/cda:section[1]/cda:entry[5]/cda:observation[1]/cda:value[1]/@xsi:type	855	CD	technical		CDA structural/type/dictionary-label metadata; exact value in trace/source
amb-map-0627	/cda:ClinicalDocument[1]/cda:component[1]/cda:structuredBody[1]/cda:component[5]/cda:section[1]/cda:component[1]/cda:section[1]/cda:entry[5]/cda:observation[1]/cda:value[1]/@code	855	5	mapped	Observation/4aeb6b95-5c7b-5649-abbf-4ec2239800d2#/valueCodeableConcept/coding/0/code	copy
amb-map-0628	/cda:ClinicalDocument[1]/cda:component[1]/cda:structuredBody[1]/cda:component[5]/cda:section[1]/cda:component[1]/cda:section[1]/cda:entry[5]/cda:observation[1]/cda:value[1]/@codeSystem	855	1.2.643.5.1.13.13.11.1038	mapped	Observation/4aeb6b95-5c7b-5649-abbf-4ec2239800d2#/valueCodeableConcept/coding/0/system	OID -> canonical RuCore URI or urn:oid
amb-map-0629	/cda:ClinicalDocument[1]/cda:component[1]/cda:structuredBody[1]/cda:component[5]/cda:section[1]/cda:component[1]/cda:section[1]/cda:entry[5]/cda:observation[1]/cda:value[1]/@codeSystemName	855	Социальные группы населения в учетной медицинской документации	technical		CDA structural/type/dictionary-label metadata; exact value in trace/source
amb-map-0630	/cda:ClinicalDocument[1]/cda:component[1]/cda:structuredBody[1]/cda:component[5]/cda:section[1]/cda:component[1]/cda:section[1]/cda:entry[5]/cda:observation[1]/cda:value[1]/@displayName	855	Работающий	mapped	Observation/4aeb6b95-5c7b-5649-abbf-4ec2239800d2#/valueCodeableConcept/coding/0/display	copy
amb-map-0631	/cda:ClinicalDocument[1]/cda:component[1]/cda:structuredBody[1]/cda:component[5]/cda:section[1]/cda:component[1]/cda:section[1]/cda:entry[5]/cda:observation[1]/cda:value[1]/@codeSystemVersion	855	16.1	mapped	Observation/4aeb6b95-5c7b-5649-abbf-4ec2239800d2#/valueCodeableConcept/coding/0/version	copy
amb-map-0632	/cda:ClinicalDocument[1]/cda:component[1]/cda:structuredBody[1]/cda:component[5]/cda:section[1]/cda:component[1]/cda:section[1]/cda:entry[6]/cda:observation[1]/@classCode	861	OBS	technical		CDA structural/type/dictionary-label metadata; exact value in trace/source
amb-map-0633	/cda:ClinicalDocument[1]/cda:component[1]/cda:structuredBody[1]/cda:component[5]/cda:section[1]/cda:component[1]/cda:section[1]/cda:entry[6]/cda:observation[1]/@moodCode	861	EVN	technical		CDA structural/type/dictionary-label metadata; exact value in trace/source
amb-map-0634	/cda:ClinicalDocument[1]/cda:component[1]/cda:structuredBody[1]/cda:component[5]/cda:section[1]/cda:component[1]/cda:section[1]/cda:entry[6]/cda:observation[1]/cda:code[1]/@code	863	12006	mapped	Observation/5941e488-6193-59a0-9745-f5f2a99438d7#/code/coding/0/code	copy
amb-map-0635	/cda:ClinicalDocument[1]/cda:component[1]/cda:structuredBody[1]/cda:component[5]/cda:section[1]/cda:component[1]/cda:section[1]/cda:entry[6]/cda:observation[1]/cda:code[1]/@codeSystem	863	1.2.643.5.1.13.13.99.2.166	mapped	Observation/5941e488-6193-59a0-9745-f5f2a99438d7#/code/coding/0/system	OID -> canonical RuCore URI or urn:oid
amb-map-0636	/cda:ClinicalDocument[1]/cda:component[1]/cda:structuredBody[1]/cda:component[5]/cda:section[1]/cda:component[1]/cda:section[1]/cda:entry[6]/cda:observation[1]/cda:code[1]/@codeSystemName	863	Кодируемые поля CDA документов	technical		CDA structural/type/dictionary-label metadata; exact value in trace/source
amb-map-0637	/cda:ClinicalDocument[1]/cda:component[1]/cda:structuredBody[1]/cda:component[5]/cda:section[1]/cda:component[1]/cda:section[1]/cda:entry[6]/cda:observation[1]/cda:code[1]/@displayName	863	Причина нетрудоспособности	mapped	Observation/5941e488-6193-59a0-9745-f5f2a99438d7#/code/coding/0/display	copy
amb-map-0638	/cda:ClinicalDocument[1]/cda:component[1]/cda:structuredBody[1]/cda:component[5]/cda:section[1]/cda:component[1]/cda:section[1]/cda:entry[6]/cda:observation[1]/cda:code[1]/@codeSystemVersion	863	5.27	mapped	Observation/5941e488-6193-59a0-9745-f5f2a99438d7#/code/coding/0/version	copy
amb-map-0639	/cda:ClinicalDocument[1]/cda:component[1]/cda:structuredBody[1]/cda:component[5]/cda:section[1]/cda:component[1]/cda:section[1]/cda:entry[6]/cda:observation[1]/cda:effectiveTime[1]/cda:low[1]/@value	867	20230502	mapped	Observation/5941e488-6193-59a0-9745-f5f2a99438d7#/effectivePeriod/start	CDA TS -> FHIR temporal value (minute precision padded with :00)
amb-map-0640	/cda:ClinicalDocument[1]/cda:component[1]/cda:structuredBody[1]/cda:component[5]/cda:section[1]/cda:component[1]/cda:section[1]/cda:entry[6]/cda:observation[1]/cda:effectiveTime[1]/cda:high[1]/@value	869	20230510	mapped	Observation/5941e488-6193-59a0-9745-f5f2a99438d7#/effectivePeriod/end	CDA TS -> FHIR temporal value (minute precision padded with :00)
amb-map-0641	/cda:ClinicalDocument[1]/cda:component[1]/cda:structuredBody[1]/cda:component[5]/cda:section[1]/cda:component[1]/cda:section[1]/cda:entry[6]/cda:observation[1]/cda:value[1]/@xsi:type	872	CD	technical		CDA structural/type/dictionary-label metadata; exact value in trace/source
amb-map-0642	/cda:ClinicalDocument[1]/cda:component[1]/cda:structuredBody[1]/cda:component[5]/cda:section[1]/cda:component[1]/cda:section[1]/cda:entry[6]/cda:observation[1]/cda:value[1]/@code	872	1	mapped	Observation/5941e488-6193-59a0-9745-f5f2a99438d7#/valueCodeableConcept/coding/0/code	copy
amb-map-0643	/cda:ClinicalDocument[1]/cda:component[1]/cda:structuredBody[1]/cda:component[5]/cda:section[1]/cda:component[1]/cda:section[1]/cda:entry[6]/cda:observation[1]/cda:value[1]/@codeSystem	872	1.2.643.5.1.13.13.11.1044	mapped	Observation/5941e488-6193-59a0-9745-f5f2a99438d7#/valueCodeableConcept/coding/0/system	OID -> canonical RuCore URI or urn:oid
amb-map-0644	/cda:ClinicalDocument[1]/cda:component[1]/cda:structuredBody[1]/cda:component[5]/cda:section[1]/cda:component[1]/cda:section[1]/cda:entry[6]/cda:observation[1]/cda:value[1]/@codeSystemName	872	Причины выдачи документа о временной нетрудоспособности	technical		CDA structural/type/dictionary-label metadata; exact value in trace/source
amb-map-0645	/cda:ClinicalDocument[1]/cda:component[1]/cda:structuredBody[1]/cda:component[5]/cda:section[1]/cda:component[1]/cda:section[1]/cda:entry[6]/cda:observation[1]/cda:value[1]/@displayName	872	Заболевание (в том числе профессиональное заболевание и его обострение)	mapped	Observation/5941e488-6193-59a0-9745-f5f2a99438d7#/valueCodeableConcept/coding/0/display	copy
amb-map-0646	/cda:ClinicalDocument[1]/cda:component[1]/cda:structuredBody[1]/cda:component[5]/cda:section[1]/cda:component[1]/cda:section[1]/cda:entry[6]/cda:observation[1]/cda:value[1]/@codeSystemVersion	872	4.2	mapped	Observation/5941e488-6193-59a0-9745-f5f2a99438d7#/valueCodeableConcept/coding/0/version	copy
amb-map-0647	/cda:ClinicalDocument[1]/cda:component[1]/cda:structuredBody[1]/cda:component[5]/cda:section[1]/cda:component[2]/cda:section[1]/cda:code[1]/@code	883	ALL	mapped	Composition/202d52a8-af92-5ef3-9a7e-d83305a85264#/section/4/section/1/code/coding/0/code	copy
amb-map-0648	/cda:ClinicalDocument[1]/cda:component[1]/cda:structuredBody[1]/cda:component[5]/cda:section[1]/cda:component[2]/cda:section[1]/cda:code[1]/@codeSystem	883	1.2.643.5.1.13.13.99.2.197	mapped	Composition/202d52a8-af92-5ef3-9a7e-d83305a85264#/section/4/section/1/code/coding/0/system	OID -> canonical RuCore URI or urn:oid
amb-map-0649	/cda:ClinicalDocument[1]/cda:component[1]/cda:structuredBody[1]/cda:component[5]/cda:section[1]/cda:component[2]/cda:section[1]/cda:code[1]/@codeSystemName	883	Секции электронных медицинских документов	technical		CDA structural/type/dictionary-label metadata; exact value in trace/source
amb-map-0650	/cda:ClinicalDocument[1]/cda:component[1]/cda:structuredBody[1]/cda:component[5]/cda:section[1]/cda:component[2]/cda:section[1]/cda:code[1]/@displayName	883	Аллергии и непереносимость	mapped	Composition/202d52a8-af92-5ef3-9a7e-d83305a85264#/section/4/section/1/code/coding/0/display	copy
amb-map-0651	/cda:ClinicalDocument[1]/cda:component[1]/cda:structuredBody[1]/cda:component[5]/cda:section[1]/cda:component[2]/cda:section[1]/cda:code[1]/@codeSystemVersion	883	4.20	mapped	Composition/202d52a8-af92-5ef3-9a7e-d83305a85264#/section/4/section/1/code/coding/0/version	copy
amb-map-0652	/cda:ClinicalDocument[1]/cda:component[1]/cda:structuredBody[1]/cda:component[5]/cda:section[1]/cda:component[2]/cda:section[1]/cda:title[1]/text()	885	Аллергологический анамнез	mapped	Composition/202d52a8-af92-5ef3-9a7e-d83305a85264#/section/4/section/1/title	copy
amb-map-0653	/cda:ClinicalDocument[1]/cda:component[1]/cda:structuredBody[1]/cda:component[5]/cda:section[1]/cda:component[2]/cda:section[1]/cda:entry[1]/cda:observation[1]/@classCode	889	OBS	technical		CDA structural/type/dictionary-label metadata; exact value in trace/source
amb-map-0654	/cda:ClinicalDocument[1]/cda:component[1]/cda:structuredBody[1]/cda:component[5]/cda:section[1]/cda:component[2]/cda:section[1]/cda:entry[1]/cda:observation[1]/@moodCode	889	EVN	technical		CDA structural/type/dictionary-label metadata; exact value in trace/source
amb-map-0655	/cda:ClinicalDocument[1]/cda:component[1]/cda:structuredBody[1]/cda:component[5]/cda:section[1]/cda:component[2]/cda:section[1]/cda:entry[1]/cda:observation[1]/cda:code[1]/@code	891	11036	report-only		GAP: no structured rule; source retained
amb-map-0656	/cda:ClinicalDocument[1]/cda:component[1]/cda:structuredBody[1]/cda:component[5]/cda:section[1]/cda:component[2]/cda:section[1]/cda:entry[1]/cda:observation[1]/cda:code[1]/@codeSystem	891	1.2.643.5.1.13.13.99.2.166	report-only		GAP: no structured rule; source retained
amb-map-0657	/cda:ClinicalDocument[1]/cda:component[1]/cda:structuredBody[1]/cda:component[5]/cda:section[1]/cda:component[2]/cda:section[1]/cda:entry[1]/cda:observation[1]/cda:code[1]/@codeSystemName	891	Кодируемые поля CDA документов	technical		CDA structural/type/dictionary-label metadata; exact value in trace/source
amb-map-0658	/cda:ClinicalDocument[1]/cda:component[1]/cda:structuredBody[1]/cda:component[5]/cda:section[1]/cda:component[2]/cda:section[1]/cda:entry[1]/cda:observation[1]/cda:code[1]/@displayName	891	Аллергические реакции	report-only		GAP: no structured rule; source retained
amb-map-0659	/cda:ClinicalDocument[1]/cda:component[1]/cda:structuredBody[1]/cda:component[5]/cda:section[1]/cda:component[2]/cda:section[1]/cda:entry[1]/cda:observation[1]/cda:code[1]/@codeSystemVersion	891	5.27	report-only		GAP: no structured rule; source retained
amb-map-0660	/cda:ClinicalDocument[1]/cda:component[1]/cda:structuredBody[1]/cda:component[5]/cda:section[1]/cda:component[2]/cda:section[1]/cda:entry[1]/cda:observation[1]/cda:effectiveTime[1]/@value	894	20230402	mapped	AllergyIntolerance/26293546-186f-5044-ae9b-df126f012c43#/reaction/0/onset	CDA TS -> FHIR temporal value (minute precision padded with :00)
amb-map-0661	/cda:ClinicalDocument[1]/cda:component[1]/cda:structuredBody[1]/cda:component[5]/cda:section[1]/cda:component[2]/cda:section[1]/cda:entry[1]/cda:observation[1]/cda:value[1]/@xsi:type	896	CD	transformed	AllergyIntolerance/26293546-186f-5044-ae9b-df126f012c43#/category/0	source type food allergy -> category food; original coding in trace
amb-map-0662	/cda:ClinicalDocument[1]/cda:component[1]/cda:structuredBody[1]/cda:component[5]/cda:section[1]/cda:component[2]/cda:section[1]/cda:entry[1]/cda:observation[1]/cda:value[1]/@code	896	22	transformed	AllergyIntolerance/26293546-186f-5044-ae9b-df126f012c43#/category/0	source type food allergy -> category food; original coding in trace
amb-map-0663	/cda:ClinicalDocument[1]/cda:component[1]/cda:structuredBody[1]/cda:component[5]/cda:section[1]/cda:component[2]/cda:section[1]/cda:entry[1]/cda:observation[1]/cda:value[1]/@codeSystem	896	1.2.643.5.1.13.13.11.1064	transformed	AllergyIntolerance/26293546-186f-5044-ae9b-df126f012c43#/category/0	source type food allergy -> category food; original coding in trace
amb-map-0664	/cda:ClinicalDocument[1]/cda:component[1]/cda:structuredBody[1]/cda:component[5]/cda:section[1]/cda:component[2]/cda:section[1]/cda:entry[1]/cda:observation[1]/cda:value[1]/@codeSystemName	896	Тип патологической реакции для сбора аллергоанамнеза	transformed	AllergyIntolerance/26293546-186f-5044-ae9b-df126f012c43#/category/0	source type food allergy -> category food; original coding in trace
amb-map-0665	/cda:ClinicalDocument[1]/cda:component[1]/cda:structuredBody[1]/cda:component[5]/cda:section[1]/cda:component[2]/cda:section[1]/cda:entry[1]/cda:observation[1]/cda:value[1]/@displayName	896	Пищевая аллергия	transformed	AllergyIntolerance/26293546-186f-5044-ae9b-df126f012c43#/category/0	source type food allergy -> category food; original coding in trace
amb-map-0666	/cda:ClinicalDocument[1]/cda:component[1]/cda:structuredBody[1]/cda:component[5]/cda:section[1]/cda:component[2]/cda:section[1]/cda:entry[1]/cda:observation[1]/cda:value[1]/@codeSystemVersion	896	2.2	transformed	AllergyIntolerance/26293546-186f-5044-ae9b-df126f012c43#/category/0	source type food allergy -> category food; original coding in trace
amb-map-0667	/cda:ClinicalDocument[1]/cda:component[1]/cda:structuredBody[1]/cda:component[5]/cda:section[1]/cda:component[2]/cda:section[1]/cda:entry[1]/cda:observation[1]/cda:participant[1]/@typeCode	898	IND	technical		CDA structural/type/dictionary-label metadata; exact value in trace/source
amb-map-0668	/cda:ClinicalDocument[1]/cda:component[1]/cda:structuredBody[1]/cda:component[5]/cda:section[1]/cda:component[2]/cda:section[1]/cda:entry[1]/cda:observation[1]/cda:participant[1]/cda:participantRole[1]/@classCode	900	SPEC	technical		CDA structural/type/dictionary-label metadata; exact value in trace/source
amb-map-0669	/cda:ClinicalDocument[1]/cda:component[1]/cda:structuredBody[1]/cda:component[5]/cda:section[1]/cda:component[2]/cda:section[1]/cda:entry[1]/cda:observation[1]/cda:participant[1]/cda:participantRole[1]/cda:playingEntity[1]/@classCode	902	MAT	technical		CDA structural/type/dictionary-label metadata; exact value in trace/source
amb-map-0670	/cda:ClinicalDocument[1]/cda:component[1]/cda:structuredBody[1]/cda:component[5]/cda:section[1]/cda:component[2]/cda:section[1]/cda:entry[1]/cda:observation[1]/cda:participant[1]/cda:participantRole[1]/cda:playingEntity[1]/cda:code[1]/@nullFlavor	904	OTH	mapped	AllergyIntolerance/26293546-186f-5044-ae9b-df126f012c43#/code/extension/0/valueCode	copy
amb-map-0671	/cda:ClinicalDocument[1]/cda:component[1]/cda:structuredBody[1]/cda:component[5]/cda:section[1]/cda:component[2]/cda:section[1]/cda:entry[1]/cda:observation[1]/cda:participant[1]/cda:participantRole[1]/cda:playingEntity[1]/cda:desc[1]/text()	906	апельсин, грейпфрут, лимон, мандарин	mapped	AllergyIntolerance/26293546-186f-5044-ae9b-df126f012c43#/code/text	copy
amb-map-0672	/cda:ClinicalDocument[1]/cda:component[1]/cda:structuredBody[1]/cda:component[5]/cda:section[1]/cda:component[2]/cda:section[1]/cda:entry[1]/cda:observation[1]/cda:entryRelationship[1]/@typeCode	911	MFST	technical		CDA structural/type/dictionary-label metadata; exact value in trace/source
amb-map-0673	/cda:ClinicalDocument[1]/cda:component[1]/cda:structuredBody[1]/cda:component[5]/cda:section[1]/cda:component[2]/cda:section[1]/cda:entry[1]/cda:observation[1]/cda:entryRelationship[1]/cda:observation[1]/@classCode	913	OBS	technical		CDA structural/type/dictionary-label metadata; exact value in trace/source
amb-map-0674	/cda:ClinicalDocument[1]/cda:component[1]/cda:structuredBody[1]/cda:component[5]/cda:section[1]/cda:component[2]/cda:section[1]/cda:entry[1]/cda:observation[1]/cda:entryRelationship[1]/cda:observation[1]/@moodCode	913	EVN	technical		CDA structural/type/dictionary-label metadata; exact value in trace/source
amb-map-0675	/cda:ClinicalDocument[1]/cda:component[1]/cda:structuredBody[1]/cda:component[5]/cda:section[1]/cda:component[2]/cda:section[1]/cda:entry[1]/cda:observation[1]/cda:entryRelationship[1]/cda:observation[1]/cda:code[1]/@code	915	12328	report-only		GAP: no structured rule; source retained
amb-map-0676	/cda:ClinicalDocument[1]/cda:component[1]/cda:structuredBody[1]/cda:component[5]/cda:section[1]/cda:component[2]/cda:section[1]/cda:entry[1]/cda:observation[1]/cda:entryRelationship[1]/cda:observation[1]/cda:code[1]/@codeSystem	915	1.2.643.5.1.13.13.99.2.166	report-only		GAP: no structured rule; source retained
amb-map-0677	/cda:ClinicalDocument[1]/cda:component[1]/cda:structuredBody[1]/cda:component[5]/cda:section[1]/cda:component[2]/cda:section[1]/cda:entry[1]/cda:observation[1]/cda:entryRelationship[1]/cda:observation[1]/cda:code[1]/@codeSystemName	915	Кодируемые поля CDA документов	technical		CDA structural/type/dictionary-label metadata; exact value in trace/source
amb-map-0678	/cda:ClinicalDocument[1]/cda:component[1]/cda:structuredBody[1]/cda:component[5]/cda:section[1]/cda:component[2]/cda:section[1]/cda:entry[1]/cda:observation[1]/cda:entryRelationship[1]/cda:observation[1]/cda:code[1]/@displayName	915	Краткая характеристика клинической картины	report-only		GAP: no structured rule; source retained
amb-map-0679	/cda:ClinicalDocument[1]/cda:component[1]/cda:structuredBody[1]/cda:component[5]/cda:section[1]/cda:component[2]/cda:section[1]/cda:entry[1]/cda:observation[1]/cda:entryRelationship[1]/cda:observation[1]/cda:code[1]/@codeSystemVersion	915	5.27	report-only		GAP: no structured rule; source retained
amb-map-0680	/cda:ClinicalDocument[1]/cda:component[1]/cda:structuredBody[1]/cda:component[5]/cda:section[1]/cda:component[2]/cda:section[1]/cda:entry[1]/cda:observation[1]/cda:entryRelationship[1]/cda:observation[1]/cda:value[1]/@xsi:type	918	CD	technical		CDA structural/type/dictionary-label metadata; exact value in trace/source
amb-map-0681	/cda:ClinicalDocument[1]/cda:component[1]/cda:structuredBody[1]/cda:component[5]/cda:section[1]/cda:component[2]/cda:section[1]/cda:entry[1]/cda:observation[1]/cda:entryRelationship[1]/cda:observation[1]/cda:value[1]/@code	918	12	mapped	AllergyIntolerance/26293546-186f-5044-ae9b-df126f012c43#/reaction/0/manifestation/0/concept/coding/0/code	copy
amb-map-0682	/cda:ClinicalDocument[1]/cda:component[1]/cda:structuredBody[1]/cda:component[5]/cda:section[1]/cda:component[2]/cda:section[1]/cda:entry[1]/cda:observation[1]/cda:entryRelationship[1]/cda:observation[1]/cda:value[1]/@codeSystem	918	1.2.643.5.1.13.13.11.1063	mapped	AllergyIntolerance/26293546-186f-5044-ae9b-df126f012c43#/reaction/0/manifestation/0/concept/coding/0/system	OID -> canonical RuCore URI or urn:oid
amb-map-0683	/cda:ClinicalDocument[1]/cda:component[1]/cda:structuredBody[1]/cda:component[5]/cda:section[1]/cda:component[2]/cda:section[1]/cda:entry[1]/cda:observation[1]/cda:entryRelationship[1]/cda:observation[1]/cda:value[1]/@codeSystemName	918	Основные клинические проявления патологических реакций для сбора аллергоанамнеза	technical		CDA structural/type/dictionary-label metadata; exact value in trace/source
amb-map-0684	/cda:ClinicalDocument[1]/cda:component[1]/cda:structuredBody[1]/cda:component[5]/cda:section[1]/cda:component[2]/cda:section[1]/cda:entry[1]/cda:observation[1]/cda:entryRelationship[1]/cda:observation[1]/cda:value[1]/@displayName	918	Зуд	mapped	AllergyIntolerance/26293546-186f-5044-ae9b-df126f012c43#/reaction/0/manifestation/0/concept/coding/0/display	copy
amb-map-0685	/cda:ClinicalDocument[1]/cda:component[1]/cda:structuredBody[1]/cda:component[5]/cda:section[1]/cda:component[2]/cda:section[1]/cda:entry[1]/cda:observation[1]/cda:entryRelationship[1]/cda:observation[1]/cda:value[1]/@codeSystemVersion	918	1.2	mapped	AllergyIntolerance/26293546-186f-5044-ae9b-df126f012c43#/reaction/0/manifestation/0/concept/coding/0/version	copy
amb-map-0686	/cda:ClinicalDocument[1]/cda:component[1]/cda:structuredBody[1]/cda:component[5]/cda:section[1]/cda:component[3]/cda:section[1]/cda:code[1]/@code	930	EPIDEM	mapped	Composition/202d52a8-af92-5ef3-9a7e-d83305a85264#/section/4/section/2/code/coding/0/code	copy
amb-map-0687	/cda:ClinicalDocument[1]/cda:component[1]/cda:structuredBody[1]/cda:component[5]/cda:section[1]/cda:component[3]/cda:section[1]/cda:code[1]/@codeSystem	930	1.2.643.5.1.13.13.99.2.197	mapped	Composition/202d52a8-af92-5ef3-9a7e-d83305a85264#/section/4/section/2/code/coding/0/system	OID -> canonical RuCore URI or urn:oid
amb-map-0688	/cda:ClinicalDocument[1]/cda:component[1]/cda:structuredBody[1]/cda:component[5]/cda:section[1]/cda:component[3]/cda:section[1]/cda:code[1]/@codeSystemName	930	Секции электронных медицинских документов	technical		CDA structural/type/dictionary-label metadata; exact value in trace/source
amb-map-0689	/cda:ClinicalDocument[1]/cda:component[1]/cda:structuredBody[1]/cda:component[5]/cda:section[1]/cda:component[3]/cda:section[1]/cda:code[1]/@displayName	930	Эпидемиологический анамнез	mapped	Composition/202d52a8-af92-5ef3-9a7e-d83305a85264#/section/4/section/2/code/coding/0/display	copy
amb-map-0690	/cda:ClinicalDocument[1]/cda:component[1]/cda:structuredBody[1]/cda:component[5]/cda:section[1]/cda:component[3]/cda:section[1]/cda:code[1]/@codeSystemVersion	930	4.20	mapped	Composition/202d52a8-af92-5ef3-9a7e-d83305a85264#/section/4/section/2/code/coding/0/version	copy
amb-map-0691	/cda:ClinicalDocument[1]/cda:component[1]/cda:structuredBody[1]/cda:component[5]/cda:section[1]/cda:component[3]/cda:section[1]/cda:title[1]/text()	932	Эпидемиологический анамнез	mapped	Composition/202d52a8-af92-5ef3-9a7e-d83305a85264#/section/4/section/2/title	copy
amb-map-0692	/cda:ClinicalDocument[1]/cda:component[1]/cda:structuredBody[1]/cda:component[5]/cda:section[1]/cda:component[3]/cda:section[1]/cda:entry[1]/cda:observation[1]/@classCode	936	OBS	technical		CDA structural/type/dictionary-label metadata; exact value in trace/source
amb-map-0693	/cda:ClinicalDocument[1]/cda:component[1]/cda:structuredBody[1]/cda:component[5]/cda:section[1]/cda:component[3]/cda:section[1]/cda:entry[1]/cda:observation[1]/@moodCode	936	EVN	technical		CDA structural/type/dictionary-label metadata; exact value in trace/source
amb-map-0694	/cda:ClinicalDocument[1]/cda:component[1]/cda:structuredBody[1]/cda:component[5]/cda:section[1]/cda:component[3]/cda:section[1]/cda:entry[1]/cda:observation[1]/cda:code[1]/@code	938	7006	mapped	Observation/1fd7bb83-8e58-535f-89d2-826b83306c99#/code/coding/0/code	copy
amb-map-0695	/cda:ClinicalDocument[1]/cda:component[1]/cda:structuredBody[1]/cda:component[5]/cda:section[1]/cda:component[3]/cda:section[1]/cda:entry[1]/cda:observation[1]/cda:code[1]/@codeSystem	938	1.2.643.5.1.13.13.99.2.166	mapped	Observation/1fd7bb83-8e58-535f-89d2-826b83306c99#/code/coding/0/system	OID -> canonical RuCore URI or urn:oid
amb-map-0696	/cda:ClinicalDocument[1]/cda:component[1]/cda:structuredBody[1]/cda:component[5]/cda:section[1]/cda:component[3]/cda:section[1]/cda:entry[1]/cda:observation[1]/cda:code[1]/@codeSystemName	938	Кодируемые поля CDA документов	technical		CDA structural/type/dictionary-label metadata; exact value in trace/source
amb-map-0697	/cda:ClinicalDocument[1]/cda:component[1]/cda:structuredBody[1]/cda:component[5]/cda:section[1]/cda:component[3]/cda:section[1]/cda:entry[1]/cda:observation[1]/cda:code[1]/@displayName	938	Текстовое описание	mapped	Observation/1fd7bb83-8e58-535f-89d2-826b83306c99#/code/coding/0/display	copy
amb-map-0698	/cda:ClinicalDocument[1]/cda:component[1]/cda:structuredBody[1]/cda:component[5]/cda:section[1]/cda:component[3]/cda:section[1]/cda:entry[1]/cda:observation[1]/cda:code[1]/@codeSystemVersion	938	5.27	mapped	Observation/1fd7bb83-8e58-535f-89d2-826b83306c99#/code/coding/0/version	copy
amb-map-0699	/cda:ClinicalDocument[1]/cda:component[1]/cda:structuredBody[1]/cda:component[5]/cda:section[1]/cda:component[3]/cda:section[1]/cda:entry[1]/cda:observation[1]/cda:value[1]/@xsi:type	940	ST	technical		CDA structural/type/dictionary-label metadata; exact value in trace/source
amb-map-0700	/cda:ClinicalDocument[1]/cda:component[1]/cda:structuredBody[1]/cda:component[5]/cda:section[1]/cda:component[3]/cda:section[1]/cda:entry[1]/cda:observation[1]/cda:value[1]/text()	940	Контактов с больным(носителем) инфекционным заболеванием за последние 21 день не было. Выезжал за пределы города, области, страны за последний месяц: да	mapped	Observation/1fd7bb83-8e58-535f-89d2-826b83306c99#/valueString	copy
amb-map-0701	/cda:ClinicalDocument[1]/cda:component[1]/cda:structuredBody[1]/cda:component[6]/cda:section[1]/cda:code[1]/@code	952	RESCONS	mapped	Composition/202d52a8-af92-5ef3-9a7e-d83305a85264#/section/5/code/coding/0/code	copy
amb-map-0702	/cda:ClinicalDocument[1]/cda:component[1]/cda:structuredBody[1]/cda:component[6]/cda:section[1]/cda:code[1]/@codeSystem	952	1.2.643.5.1.13.13.99.2.197	mapped	Composition/202d52a8-af92-5ef3-9a7e-d83305a85264#/section/5/code/coding/0/system	OID -> canonical RuCore URI or urn:oid
amb-map-0703	/cda:ClinicalDocument[1]/cda:component[1]/cda:structuredBody[1]/cda:component[6]/cda:section[1]/cda:code[1]/@codeSystemName	952	Секции электронных медицинских документов	technical		CDA structural/type/dictionary-label metadata; exact value in trace/source
amb-map-0704	/cda:ClinicalDocument[1]/cda:component[1]/cda:structuredBody[1]/cda:component[6]/cda:section[1]/cda:code[1]/@displayName	952	Результаты консультации/осмотра врача	mapped	Composition/202d52a8-af92-5ef3-9a7e-d83305a85264#/section/5/code/coding/0/display	copy
amb-map-0705	/cda:ClinicalDocument[1]/cda:component[1]/cda:structuredBody[1]/cda:component[6]/cda:section[1]/cda:code[1]/@codeSystemVersion	952	4.20	mapped	Composition/202d52a8-af92-5ef3-9a7e-d83305a85264#/section/5/code/coding/0/version	copy
amb-map-0706	/cda:ClinicalDocument[1]/cda:component[1]/cda:structuredBody[1]/cda:component[6]/cda:section[1]/cda:title[1]/text()	954	Результаты консультации/осмотра врача	mapped	Composition/202d52a8-af92-5ef3-9a7e-d83305a85264#/section/5/title	copy
amb-map-0707	/cda:ClinicalDocument[1]/cda:component[1]/cda:structuredBody[1]/cda:component[6]/cda:section[1]/cda:entry[1]/cda:observation[1]/@classCode	958	OBS	technical		CDA structural/type/dictionary-label metadata; exact value in trace/source
amb-map-0708	/cda:ClinicalDocument[1]/cda:component[1]/cda:structuredBody[1]/cda:component[6]/cda:section[1]/cda:entry[1]/cda:observation[1]/@moodCode	958	EVN	technical		CDA structural/type/dictionary-label metadata; exact value in trace/source
amb-map-0709	/cda:ClinicalDocument[1]/cda:component[1]/cda:structuredBody[1]/cda:component[6]/cda:section[1]/cda:entry[1]/cda:observation[1]/cda:code[1]/@nullFlavor	960	NI	mapped	Observation/28071c51-bcba-5911-a906-7e6e93817b29#/code/extension	CDA NullFlavor -> data-absent-reason
amb-map-0710	/cda:ClinicalDocument[1]/cda:component[1]/cda:structuredBody[1]/cda:component[6]/cda:section[1]/cda:entry[1]/cda:observation[1]/cda:effectiveTime[1]/@value	963	20230402	mapped	Observation/28071c51-bcba-5911-a906-7e6e93817b29#/effectiveDateTime	CDA TS -> FHIR temporal value (minute precision padded with :00)
amb-map-0711	/cda:ClinicalDocument[1]/cda:component[1]/cda:structuredBody[1]/cda:component[6]/cda:section[1]/cda:entry[1]/cda:observation[1]/cda:value[1]/@xsi:type	965	ST	technical		CDA structural/type/dictionary-label metadata; exact value in trace/source
amb-map-0712	/cda:ClinicalDocument[1]/cda:component[1]/cda:structuredBody[1]/cda:component[6]/cda:section[1]/cda:entry[1]/cda:observation[1]/cda:value[1]/text()	965	"Акроцианоз. Отеков нет. Рост 158 см, Вес 53 кг, Психическое состояние: Сознание ясное. Неврологический статус: Менингиальных знаков нет. Органы дыхания: В легких дыхание жесткое, рассеянные свистящие сухие хрипы с обеих сторон. Сатурация 96%. ЧД: 24 движ./мин. Система кровообращения: Тоны сердца приглушены, ритмичны, акцент 2 тона на аорте, легочной артерии. АД: 130/80 мм рт. ст, ЧСС: 110 уд./мин, Пульс: 110 уд./мин. Система пищеварения: Живот при пальпации мягкий, б/болезненный. Мочеполовая система: С-м ""поколачивания"" отрицательный с обеих сторон. Дизурии нет."	mapped	Observation/28071c51-bcba-5911-a906-7e6e93817b29#/valueString	copy
amb-map-0713	/cda:ClinicalDocument[1]/cda:component[1]/cda:structuredBody[1]/cda:component[6]/cda:section[1]/cda:entry[1]/cda:observation[1]/cda:performer[1]/cda:assignedEntity[1]/cda:id[1]/@root	971	1.2.643.5.1.13.13.12.2.77.7831.100.1.1.70	mapped	PractitionerRole/ec94b21d-5bb3-5f91-a763-50079930cbfc#/identifier/0/system	OID namespace -> URI
amb-map-0714	/cda:ClinicalDocument[1]/cda:component[1]/cda:structuredBody[1]/cda:component[6]/cda:section[1]/cda:entry[1]/cda:observation[1]/cda:performer[1]/cda:assignedEntity[1]/cda:id[1]/@extension	971	542174	mapped	PractitionerRole/ec94b21d-5bb3-5f91-a763-50079930cbfc#/identifier/0/value	copy
amb-map-0715	/cda:ClinicalDocument[1]/cda:component[1]/cda:structuredBody[1]/cda:component[6]/cda:section[1]/cda:entry[1]/cda:observation[1]/cda:performer[1]/cda:assignedEntity[1]/cda:code[1]/@code	973	34	mapped	PractitionerRole/ec94b21d-5bb3-5f91-a763-50079930cbfc#/code/0/coding/0/code; PractitionerRole/ec94b21d-5bb3-5f91-a763-50079930cbfc#/code/0/coding/1/code	retain original NSI coding alongside canonical RuCore coding
amb-map-0716	/cda:ClinicalDocument[1]/cda:component[1]/cda:structuredBody[1]/cda:component[6]/cda:section[1]/cda:entry[1]/cda:observation[1]/cda:performer[1]/cda:assignedEntity[1]/cda:code[1]/@codeSystem	973	1.2.643.5.1.13.13.11.1002	mapped	PractitionerRole/ec94b21d-5bb3-5f91-a763-50079930cbfc#/code/0/coding/0/system; PractitionerRole/ec94b21d-5bb3-5f91-a763-50079930cbfc#/code/0/coding/1/system	retain original NSI coding alongside canonical RuCore coding
amb-map-0717	/cda:ClinicalDocument[1]/cda:component[1]/cda:structuredBody[1]/cda:component[6]/cda:section[1]/cda:entry[1]/cda:observation[1]/cda:performer[1]/cda:assignedEntity[1]/cda:code[1]/@codeSystemName	973	Должности медицинских и фармацевтических работников	technical		CDA structural/type/dictionary-label metadata; exact value in trace/source
amb-map-0718	/cda:ClinicalDocument[1]/cda:component[1]/cda:structuredBody[1]/cda:component[6]/cda:section[1]/cda:entry[1]/cda:observation[1]/cda:performer[1]/cda:assignedEntity[1]/cda:code[1]/@displayName	973	Врач-кардиолог	mapped	PractitionerRole/ec94b21d-5bb3-5f91-a763-50079930cbfc#/code/0/coding/0/display; PractitionerRole/ec94b21d-5bb3-5f91-a763-50079930cbfc#/code/0/coding/1/display	retain original NSI coding alongside canonical RuCore coding
amb-map-0719	/cda:ClinicalDocument[1]/cda:component[1]/cda:structuredBody[1]/cda:component[6]/cda:section[1]/cda:entry[1]/cda:observation[1]/cda:performer[1]/cda:assignedEntity[1]/cda:code[1]/@codeSystemVersion	973	9.3	mapped	PractitionerRole/ec94b21d-5bb3-5f91-a763-50079930cbfc#/code/0/coding/1/version	NSI edition belongs to source OID coding
amb-map-0720	/cda:ClinicalDocument[1]/cda:component[1]/cda:structuredBody[1]/cda:component[6]/cda:section[1]/cda:entry[1]/cda:observation[1]/cda:performer[1]/cda:assignedEntity[1]/cda:telecom[1]/@value	975	mailto:smirrova@mail.ru	mapped	PractitionerRole/ec94b21d-5bb3-5f91-a763-50079930cbfc#/contact/0/telecom/0/value; PractitionerRole/ec94b21d-5bb3-5f91-a763-50079930cbfc#/contact/0/telecom/0/system	URI scheme -> ContactPoint.system
amb-map-0721	/cda:ClinicalDocument[1]/cda:component[1]/cda:structuredBody[1]/cda:component[6]/cda:section[1]/cda:entry[1]/cda:observation[1]/cda:performer[1]/cda:assignedEntity[1]/cda:assignedPerson[1]/cda:name[1]/cda:family[1]/text()	981	Смирнов	mapped	Practitioner/6a1aa7be-7727-5238-8caf-27c784544379#/name/0/family	copy
amb-map-0722	/cda:ClinicalDocument[1]/cda:component[1]/cda:structuredBody[1]/cda:component[6]/cda:section[1]/cda:entry[1]/cda:observation[1]/cda:performer[1]/cda:assignedEntity[1]/cda:assignedPerson[1]/cda:name[1]/cda:given[1]/text()	983	Александр	mapped	Practitioner/6a1aa7be-7727-5238-8caf-27c784544379#/name/0/given/0	copy
amb-map-0723	/cda:ClinicalDocument[1]/cda:component[1]/cda:structuredBody[1]/cda:component[6]/cda:section[1]/cda:entry[1]/cda:observation[1]/cda:performer[1]/cda:assignedEntity[1]/cda:assignedPerson[1]/cda:name[1]/identity:Patronymic[1]/text()	985	Игоревич	mapped	Practitioner/6a1aa7be-7727-5238-8caf-27c784544379#/name/0/given/1	copy
amb-map-0724	/cda:ClinicalDocument[1]/cda:component[1]/cda:structuredBody[1]/cda:component[6]/cda:section[1]/cda:entry[1]/cda:observation[1]/cda:reference[1]/@typeCode	991	REFR	technical		CDA structural/type/dictionary-label metadata; exact value in trace/source
amb-map-0725	/cda:ClinicalDocument[1]/cda:component[1]/cda:structuredBody[1]/cda:component[6]/cda:section[1]/cda:entry[1]/cda:observation[1]/cda:reference[1]/cda:externalDocument[1]/@classCode	993	DOCCLIN	technical		CDA structural/type/dictionary-label metadata; exact value in trace/source
amb-map-0726	/cda:ClinicalDocument[1]/cda:component[1]/cda:structuredBody[1]/cda:component[6]/cda:section[1]/cda:entry[1]/cda:observation[1]/cda:reference[1]/cda:externalDocument[1]/@moodCode	993	EVN	technical		CDA structural/type/dictionary-label metadata; exact value in trace/source
amb-map-0727	/cda:ClinicalDocument[1]/cda:component[1]/cda:structuredBody[1]/cda:component[6]/cda:section[1]/cda:entry[1]/cda:observation[1]/cda:reference[1]/cda:externalDocument[1]/cda:id[1]/@root	995	1.2.643.5.1.13.13.12.2.77.7831.100.1.1.51	mapped	DocumentReference/e72a6d82-e3c4-51f8-a0a2-234be7fae68a#/identifier/0/system	OID namespace -> URI
amb-map-0728	/cda:ClinicalDocument[1]/cda:component[1]/cda:structuredBody[1]/cda:component[6]/cda:section[1]/cda:entry[1]/cda:observation[1]/cda:reference[1]/cda:externalDocument[1]/cda:id[1]/@extension	995	459481548	mapped	DocumentReference/e72a6d82-e3c4-51f8-a0a2-234be7fae68a#/identifier/0/value	copy
amb-map-0729	/cda:ClinicalDocument[1]/cda:component[1]/cda:structuredBody[1]/cda:component[6]/cda:section[1]/cda:entry[1]/cda:observation[1]/cda:reference[1]/cda:externalDocument[1]/cda:id[2]/@root	997	1.2.643.5.1.13.13.17.1.1	mapped	DocumentReference/e72a6d82-e3c4-51f8-a0a2-234be7fae68a#/identifier/1/system	OID namespace -> URI
amb-map-0730	/cda:ClinicalDocument[1]/cda:component[1]/cda:structuredBody[1]/cda:component[6]/cda:section[1]/cda:entry[1]/cda:observation[1]/cda:reference[1]/cda:externalDocument[1]/cda:id[2]/@extension	997	119.77.23.04.493034644	mapped	DocumentReference/e72a6d82-e3c4-51f8-a0a2-234be7fae68a#/identifier/1/value	copy
amb-map-0731	/cda:ClinicalDocument[1]/cda:component[1]/cda:structuredBody[1]/cda:component[7]/cda:section[1]/cda:code[1]/@code	1011	RESINSTR	mapped	Composition/202d52a8-af92-5ef3-9a7e-d83305a85264#/section/6/code/coding/0/code	copy
amb-map-0732	/cda:ClinicalDocument[1]/cda:component[1]/cda:structuredBody[1]/cda:component[7]/cda:section[1]/cda:code[1]/@codeSystem	1011	1.2.643.5.1.13.13.99.2.197	mapped	Composition/202d52a8-af92-5ef3-9a7e-d83305a85264#/section/6/code/coding/0/system	OID -> canonical RuCore URI or urn:oid
amb-map-0733	/cda:ClinicalDocument[1]/cda:component[1]/cda:structuredBody[1]/cda:component[7]/cda:section[1]/cda:code[1]/@codeSystemName	1011	Секции электронных медицинских документов	technical		CDA structural/type/dictionary-label metadata; exact value in trace/source
amb-map-0734	/cda:ClinicalDocument[1]/cda:component[1]/cda:structuredBody[1]/cda:component[7]/cda:section[1]/cda:code[1]/@displayName	1011	Результаты инструментального исследования	mapped	Composition/202d52a8-af92-5ef3-9a7e-d83305a85264#/section/6/code/coding/0/display	copy
amb-map-0735	/cda:ClinicalDocument[1]/cda:component[1]/cda:structuredBody[1]/cda:component[7]/cda:section[1]/cda:code[1]/@codeSystemVersion	1011	4.20	mapped	Composition/202d52a8-af92-5ef3-9a7e-d83305a85264#/section/6/code/coding/0/version	copy
amb-map-0736	/cda:ClinicalDocument[1]/cda:component[1]/cda:structuredBody[1]/cda:component[7]/cda:section[1]/cda:title[1]/text()	1013	Результаты инструментального исследования	mapped	Composition/202d52a8-af92-5ef3-9a7e-d83305a85264#/section/6/title	copy
amb-map-0737	/cda:ClinicalDocument[1]/cda:component[1]/cda:structuredBody[1]/cda:component[7]/cda:section[1]/cda:entry[1]/cda:observation[1]/@classCode	1017	OBS	technical		CDA structural/type/dictionary-label metadata; exact value in trace/source
amb-map-0738	/cda:ClinicalDocument[1]/cda:component[1]/cda:structuredBody[1]/cda:component[7]/cda:section[1]/cda:entry[1]/cda:observation[1]/@moodCode	1017	EVN	technical		CDA structural/type/dictionary-label metadata; exact value in trace/source
amb-map-0739	/cda:ClinicalDocument[1]/cda:component[1]/cda:structuredBody[1]/cda:component[7]/cda:section[1]/cda:entry[1]/cda:observation[1]/cda:code[1]/@code	1019	7005028	mapped	Observation/cfdaf6f6-9705-53ca-833b-24f5009189f7#/code/coding/0/code	copy
amb-map-0740	/cda:ClinicalDocument[1]/cda:component[1]/cda:structuredBody[1]/cda:component[7]/cda:section[1]/cda:entry[1]/cda:observation[1]/cda:code[1]/@codeSystem	1019	1.2.643.5.1.13.13.11.1471	mapped	Observation/cfdaf6f6-9705-53ca-833b-24f5009189f7#/code/coding/0/system	OID -> canonical RuCore URI or urn:oid
amb-map-0741	/cda:ClinicalDocument[1]/cda:component[1]/cda:structuredBody[1]/cda:component[7]/cda:section[1]/cda:entry[1]/cda:observation[1]/cda:code[1]/@codeSystemName	1019	Федеральный справочник инструментальных диагностических исследований	technical		CDA structural/type/dictionary-label metadata; exact value in trace/source
amb-map-0742	/cda:ClinicalDocument[1]/cda:component[1]/cda:structuredBody[1]/cda:component[7]/cda:section[1]/cda:entry[1]/cda:observation[1]/cda:code[1]/@displayName	1019	Ультразвуковое исследование сердца трансторакальное	mapped	Observation/cfdaf6f6-9705-53ca-833b-24f5009189f7#/code/coding/0/display	copy
amb-map-0743	/cda:ClinicalDocument[1]/cda:component[1]/cda:structuredBody[1]/cda:component[7]/cda:section[1]/cda:entry[1]/cda:observation[1]/cda:code[1]/@codeSystemVersion	1019	2.39	mapped	Observation/cfdaf6f6-9705-53ca-833b-24f5009189f7#/code/coding/0/version	copy
amb-map-0744	/cda:ClinicalDocument[1]/cda:component[1]/cda:structuredBody[1]/cda:component[7]/cda:section[1]/cda:entry[1]/cda:observation[1]/cda:effectiveTime[1]/@value	1022	20230402	mapped	Observation/cfdaf6f6-9705-53ca-833b-24f5009189f7#/effectiveDateTime	CDA TS -> FHIR temporal value (minute precision padded with :00)
amb-map-0745	/cda:ClinicalDocument[1]/cda:component[1]/cda:structuredBody[1]/cda:component[7]/cda:section[1]/cda:entry[1]/cda:observation[1]/cda:value[1]/@xsi:type	1024	ST	technical		CDA structural/type/dictionary-label metadata; exact value in trace/source
amb-map-0746	/cda:ClinicalDocument[1]/cda:component[1]/cda:structuredBody[1]/cda:component[7]/cda:section[1]/cda:entry[1]/cda:observation[1]/cda:value[1]/text()	1024	Камеры не расширены. Толщина стенок в норме. Уплотнение створок АК, МК и ТК с регургитацией на МК 1 ст, на ТК 0-1 ст. Сократимость миокарда хорошая. Систолическая функция в норме. Диастолическая функция по 1 типу. Умеренная легочная гипертензия.	mapped	Observation/cfdaf6f6-9705-53ca-833b-24f5009189f7#/valueString	copy
amb-map-0747	/cda:ClinicalDocument[1]/cda:component[1]/cda:structuredBody[1]/cda:component[7]/cda:section[1]/cda:entry[1]/cda:observation[1]/cda:reference[1]/@typeCode	1026	REFR	technical		CDA structural/type/dictionary-label metadata; exact value in trace/source
amb-map-0748	/cda:ClinicalDocument[1]/cda:component[1]/cda:structuredBody[1]/cda:component[7]/cda:section[1]/cda:entry[1]/cda:observation[1]/cda:reference[1]/cda:externalDocument[1]/@classCode	1028	DOCCLIN	technical		CDA structural/type/dictionary-label metadata; exact value in trace/source
amb-map-0749	/cda:ClinicalDocument[1]/cda:component[1]/cda:structuredBody[1]/cda:component[7]/cda:section[1]/cda:entry[1]/cda:observation[1]/cda:reference[1]/cda:externalDocument[1]/@moodCode	1028	EVN	technical		CDA structural/type/dictionary-label metadata; exact value in trace/source
amb-map-0750	/cda:ClinicalDocument[1]/cda:component[1]/cda:structuredBody[1]/cda:component[7]/cda:section[1]/cda:entry[1]/cda:observation[1]/cda:reference[1]/cda:externalDocument[1]/cda:id[1]/@root	1030	1.2.643.5.1.13.13.12.2.77.7831.100.1.1.51	mapped	DocumentReference/9e061eb5-86ed-5843-9357-d137b98a62a4#/identifier/0/system	OID namespace -> URI
amb-map-0751	/cda:ClinicalDocument[1]/cda:component[1]/cda:structuredBody[1]/cda:component[7]/cda:section[1]/cda:entry[1]/cda:observation[1]/cda:reference[1]/cda:externalDocument[1]/cda:id[1]/@extension	1030	459481548	mapped	DocumentReference/9e061eb5-86ed-5843-9357-d137b98a62a4#/identifier/0/value	copy
amb-map-0752	/cda:ClinicalDocument[1]/cda:component[1]/cda:structuredBody[1]/cda:component[7]/cda:section[1]/cda:entry[1]/cda:observation[1]/cda:reference[1]/cda:externalDocument[1]/cda:id[2]/@root	1032	1.2.643.5.1.13.13.17.1.1	mapped	DocumentReference/9e061eb5-86ed-5843-9357-d137b98a62a4#/identifier/1/system	OID namespace -> URI
amb-map-0753	/cda:ClinicalDocument[1]/cda:component[1]/cda:structuredBody[1]/cda:component[7]/cda:section[1]/cda:entry[1]/cda:observation[1]/cda:reference[1]/cda:externalDocument[1]/cda:id[2]/@extension	1032	110.77.23.04.593034644	mapped	DocumentReference/9e061eb5-86ed-5843-9357-d137b98a62a4#/identifier/1/value	copy
amb-map-0754	/cda:ClinicalDocument[1]/cda:component[1]/cda:structuredBody[1]/cda:component[8]/cda:section[1]/cda:code[1]/@code	1044	RESLAB	mapped	Composition/202d52a8-af92-5ef3-9a7e-d83305a85264#/section/7/code/coding/0/code	copy
amb-map-0755	/cda:ClinicalDocument[1]/cda:component[1]/cda:structuredBody[1]/cda:component[8]/cda:section[1]/cda:code[1]/@codeSystem	1044	1.2.643.5.1.13.13.99.2.197	mapped	Composition/202d52a8-af92-5ef3-9a7e-d83305a85264#/section/7/code/coding/0/system	OID -> canonical RuCore URI or urn:oid
amb-map-0756	/cda:ClinicalDocument[1]/cda:component[1]/cda:structuredBody[1]/cda:component[8]/cda:section[1]/cda:code[1]/@codeSystemName	1044	Секции электронных медицинских документов	technical		CDA structural/type/dictionary-label metadata; exact value in trace/source
amb-map-0757	/cda:ClinicalDocument[1]/cda:component[1]/cda:structuredBody[1]/cda:component[8]/cda:section[1]/cda:code[1]/@displayName	1044	Результаты лабораторного исследования	mapped	Composition/202d52a8-af92-5ef3-9a7e-d83305a85264#/section/7/code/coding/0/display	copy
amb-map-0758	/cda:ClinicalDocument[1]/cda:component[1]/cda:structuredBody[1]/cda:component[8]/cda:section[1]/cda:code[1]/@codeSystemVersion	1044	4.20	mapped	Composition/202d52a8-af92-5ef3-9a7e-d83305a85264#/section/7/code/coding/0/version	copy
amb-map-0759	/cda:ClinicalDocument[1]/cda:component[1]/cda:structuredBody[1]/cda:component[8]/cda:section[1]/cda:title[1]/text()	1046	Результаты лабораторного исследования	mapped	Composition/202d52a8-af92-5ef3-9a7e-d83305a85264#/section/7/title	copy
amb-map-0760	/cda:ClinicalDocument[1]/cda:component[1]/cda:structuredBody[1]/cda:component[8]/cda:section[1]/cda:entry[1]/cda:observation[1]/@classCode	1050	OBS	technical		CDA structural/type/dictionary-label metadata; exact value in trace/source
amb-map-0761	/cda:ClinicalDocument[1]/cda:component[1]/cda:structuredBody[1]/cda:component[8]/cda:section[1]/cda:entry[1]/cda:observation[1]/@moodCode	1050	EVN	technical		CDA structural/type/dictionary-label metadata; exact value in trace/source
amb-map-0762	/cda:ClinicalDocument[1]/cda:component[1]/cda:structuredBody[1]/cda:component[8]/cda:section[1]/cda:entry[1]/cda:observation[1]/cda:code[1]/@code	1052	10022	mapped	Observation/b9f6e013-dc91-54a2-8e31-bfb79189b68b#/code/coding/0/code	copy
amb-map-0763	/cda:ClinicalDocument[1]/cda:component[1]/cda:structuredBody[1]/cda:component[8]/cda:section[1]/cda:entry[1]/cda:observation[1]/cda:code[1]/@codeSystem	1052	1.2.643.5.1.13.13.11.1437	mapped	Observation/b9f6e013-dc91-54a2-8e31-bfb79189b68b#/code/coding/0/system	OID -> canonical RuCore URI or urn:oid
amb-map-0764	/cda:ClinicalDocument[1]/cda:component[1]/cda:structuredBody[1]/cda:component[8]/cda:section[1]/cda:entry[1]/cda:observation[1]/cda:code[1]/@codeSystemName	1052	Федеральный справочник лабораторных исследований. Профили лабораторных исследований	technical		CDA structural/type/dictionary-label metadata; exact value in trace/source
amb-map-0765	/cda:ClinicalDocument[1]/cda:component[1]/cda:structuredBody[1]/cda:component[8]/cda:section[1]/cda:entry[1]/cda:observation[1]/cda:code[1]/@displayName	1052	Общий анализ крови (базовый)	mapped	Observation/b9f6e013-dc91-54a2-8e31-bfb79189b68b#/code/coding/0/display	copy
amb-map-0766	/cda:ClinicalDocument[1]/cda:component[1]/cda:structuredBody[1]/cda:component[8]/cda:section[1]/cda:entry[1]/cda:observation[1]/cda:code[1]/@codeSystemVersion	1052	3.42	mapped	Observation/b9f6e013-dc91-54a2-8e31-bfb79189b68b#/code/coding/0/version	copy
amb-map-0767	/cda:ClinicalDocument[1]/cda:component[1]/cda:structuredBody[1]/cda:component[8]/cda:section[1]/cda:entry[1]/cda:observation[1]/cda:code[1]/cda:originalText[1]/text()	1054	Отдельные лабораторные тесты	mapped	Observation/b9f6e013-dc91-54a2-8e31-bfb79189b68b#/code/text	copy
amb-map-0768	/cda:ClinicalDocument[1]/cda:component[1]/cda:structuredBody[1]/cda:component[8]/cda:section[1]/cda:entry[1]/cda:observation[1]/cda:effectiveTime[1]/@value	1058	20230402	mapped	Observation/b9f6e013-dc91-54a2-8e31-bfb79189b68b#/effectiveDateTime	CDA TS -> FHIR temporal value (minute precision padded with :00)
amb-map-0769	/cda:ClinicalDocument[1]/cda:component[1]/cda:structuredBody[1]/cda:component[8]/cda:section[1]/cda:entry[1]/cda:observation[1]/cda:value[1]/@xsi:type	1060	ST	technical		CDA structural/type/dictionary-label metadata; exact value in trace/source
amb-map-0770	/cda:ClinicalDocument[1]/cda:component[1]/cda:structuredBody[1]/cda:component[8]/cda:section[1]/cda:entry[1]/cda:observation[1]/cda:value[1]/text()	1060	Гемоглобин 12,7 (12,0 - 14,0) г/дл; Эритроциты 3,61 (3,90 - 4,70) 10^6/мкл; Ср. содержание гемоглобина в эритроците 35,1 (27,0 - 31,0) пг; Средний объем эритроцита 108,7 (80,0 - 100,0) фл; Ср. концентрация гемоглобина в эритроците 32,3 (30,0 - 38,0) г/дл; Гематокрит 39,2 (36,0 - 42,0) %; Тромбоциты 133 (180 - 320) 10^3/мкл; Средний объем тромбоцита 12,20 (7,40 - 12,00) фл; Лейкоциты 4,97 (4,00 - 9,00) 10^9/л; Нейтрофилы 39,70 (48,00 - 78,00) %; Эозинофилы 1,5 (0,5 - 5,0) %; Моноциты 12,3 (3,0 - 11,0) %; Лимфоциты 43,50 (19,00 - 37,00) %; Базофилы 0,5 (0,0 - 1,0) %; Нейтрофилы абс. 1,97 (2,00 - 7,50) 10^9/л; Эозинофилы абс. 0,07 (0,02 - 0,30) 10^9/л; Моноциты абс. 0,61 (0,09 - 0,60) 10^9/л; Лимфоциты абс. 2,16 (1,20 - 3,00) 10^9/л; Базофилы абс. 0,03 (0,00 - 0,07) 10^9/л; Скорость оседания эритроцитов по Вестергрену 17 (0 - 20) мм/ч.	mapped	Observation/b9f6e013-dc91-54a2-8e31-bfb79189b68b#/valueString	copy
amb-map-0771	/cda:ClinicalDocument[1]/cda:component[1]/cda:structuredBody[1]/cda:component[8]/cda:section[1]/cda:entry[1]/cda:observation[1]/cda:reference[1]/@typeCode	1063	REFR	technical		CDA structural/type/dictionary-label metadata; exact value in trace/source
amb-map-0772	/cda:ClinicalDocument[1]/cda:component[1]/cda:structuredBody[1]/cda:component[8]/cda:section[1]/cda:entry[1]/cda:observation[1]/cda:reference[1]/cda:externalDocument[1]/@classCode	1065	DOCCLIN	technical		CDA structural/type/dictionary-label metadata; exact value in trace/source
amb-map-0773	/cda:ClinicalDocument[1]/cda:component[1]/cda:structuredBody[1]/cda:component[8]/cda:section[1]/cda:entry[1]/cda:observation[1]/cda:reference[1]/cda:externalDocument[1]/@moodCode	1065	EVN	technical		CDA structural/type/dictionary-label metadata; exact value in trace/source
amb-map-0774	/cda:ClinicalDocument[1]/cda:component[1]/cda:structuredBody[1]/cda:component[8]/cda:section[1]/cda:entry[1]/cda:observation[1]/cda:reference[1]/cda:externalDocument[1]/cda:id[1]/@root	1067	1.2.643.5.1.13.13.12.2.77.7831.100.1.1.51	mapped	DocumentReference/dc1a1939-0ee5-5928-a3c5-e11a539f193d#/identifier/0/system	OID namespace -> URI
amb-map-0775	/cda:ClinicalDocument[1]/cda:component[1]/cda:structuredBody[1]/cda:component[8]/cda:section[1]/cda:entry[1]/cda:observation[1]/cda:reference[1]/cda:externalDocument[1]/cda:id[1]/@extension	1067	459481588	mapped	DocumentReference/dc1a1939-0ee5-5928-a3c5-e11a539f193d#/identifier/0/value	copy
amb-map-0776	/cda:ClinicalDocument[1]/cda:component[1]/cda:structuredBody[1]/cda:component[8]/cda:section[1]/cda:entry[1]/cda:observation[1]/cda:reference[1]/cda:externalDocument[1]/cda:id[2]/@root	1069	1.2.643.5.1.13.13.17.1.1	mapped	DocumentReference/dc1a1939-0ee5-5928-a3c5-e11a539f193d#/identifier/1/system	OID namespace -> URI
amb-map-0777	/cda:ClinicalDocument[1]/cda:component[1]/cda:structuredBody[1]/cda:component[8]/cda:section[1]/cda:entry[1]/cda:observation[1]/cda:reference[1]/cda:externalDocument[1]/cda:id[2]/@extension	1069	75.77.23.04.993024942	mapped	DocumentReference/dc1a1939-0ee5-5928-a3c5-e11a539f193d#/identifier/1/value	copy
amb-map-0778	/cda:ClinicalDocument[1]/cda:component[1]/cda:structuredBody[1]/cda:component[9]/cda:section[1]/cda:code[1]/@code	1085	DRUG	mapped	Composition/202d52a8-af92-5ef3-9a7e-d83305a85264#/section/8/code/coding/0/code	copy
amb-map-0779	/cda:ClinicalDocument[1]/cda:component[1]/cda:structuredBody[1]/cda:component[9]/cda:section[1]/cda:code[1]/@codeSystem	1085	1.2.643.5.1.13.13.99.2.197	mapped	Composition/202d52a8-af92-5ef3-9a7e-d83305a85264#/section/8/code/coding/0/system	OID -> canonical RuCore URI or urn:oid
amb-map-0780	/cda:ClinicalDocument[1]/cda:component[1]/cda:structuredBody[1]/cda:component[9]/cda:section[1]/cda:code[1]/@codeSystemName	1085	Секции электронных медицинских документов	technical		CDA structural/type/dictionary-label metadata; exact value in trace/source
amb-map-0781	/cda:ClinicalDocument[1]/cda:component[1]/cda:structuredBody[1]/cda:component[9]/cda:section[1]/cda:code[1]/@displayName	1085	Медикаментозное лечение	mapped	Composition/202d52a8-af92-5ef3-9a7e-d83305a85264#/section/8/code/coding/0/display	copy
amb-map-0782	/cda:ClinicalDocument[1]/cda:component[1]/cda:structuredBody[1]/cda:component[9]/cda:section[1]/cda:code[1]/@codeSystemVersion	1085	4.20	mapped	Composition/202d52a8-af92-5ef3-9a7e-d83305a85264#/section/8/code/coding/0/version	copy
amb-map-0783	/cda:ClinicalDocument[1]/cda:component[1]/cda:structuredBody[1]/cda:component[9]/cda:section[1]/cda:title[1]/text()	1087	Проведенное лечение	mapped	Composition/202d52a8-af92-5ef3-9a7e-d83305a85264#/section/8/title	copy
amb-map-0784	/cda:ClinicalDocument[1]/cda:component[1]/cda:structuredBody[1]/cda:component[9]/cda:section[1]/cda:entry[1]/cda:substanceAdministration[1]/@classCode	1091	SBADM	technical		CDA structural/type/dictionary-label metadata; exact value in trace/source
amb-map-0785	/cda:ClinicalDocument[1]/cda:component[1]/cda:structuredBody[1]/cda:component[9]/cda:section[1]/cda:entry[1]/cda:substanceAdministration[1]/@moodCode	1091	EVN	technical		CDA structural/type/dictionary-label metadata; exact value in trace/source
amb-map-0786	/cda:ClinicalDocument[1]/cda:component[1]/cda:structuredBody[1]/cda:component[9]/cda:section[1]/cda:entry[1]/cda:substanceAdministration[1]/cda:code[1]/@nullFlavor	1093	NI	report-only		GAP: no structured rule; source retained
amb-map-0787	/cda:ClinicalDocument[1]/cda:component[1]/cda:structuredBody[1]/cda:component[9]/cda:section[1]/cda:entry[1]/cda:substanceAdministration[1]/cda:effectiveTime[1]/@xsi:type	1096	IVL_TS	technical		CDA structural/type/dictionary-label metadata; exact value in trace/source
amb-map-0788	/cda:ClinicalDocument[1]/cda:component[1]/cda:structuredBody[1]/cda:component[9]/cda:section[1]/cda:entry[1]/cda:substanceAdministration[1]/cda:effectiveTime[1]/cda:low[1]/@value	1099	20230502	mapped	MedicationStatement/2e16883a-7324-5c1c-9ee1-67e1f24fe826#/effectivePeriod/start	CDA TS -> FHIR temporal value (minute precision padded with :00)
amb-map-0789	/cda:ClinicalDocument[1]/cda:component[1]/cda:structuredBody[1]/cda:component[9]/cda:section[1]/cda:entry[1]/cda:substanceAdministration[1]/cda:effectiveTime[1]/cda:high[1]/@value	1101	20230509	mapped	MedicationStatement/2e16883a-7324-5c1c-9ee1-67e1f24fe826#/effectivePeriod/end	CDA TS -> FHIR temporal value (minute precision padded with :00)
amb-map-0790	/cda:ClinicalDocument[1]/cda:component[1]/cda:structuredBody[1]/cda:component[9]/cda:section[1]/cda:entry[1]/cda:substanceAdministration[1]/cda:effectiveTime[2]/@xsi:type	1104	PIVL_TS	technical		CDA structural/type/dictionary-label metadata; exact value in trace/source
amb-map-0791	/cda:ClinicalDocument[1]/cda:component[1]/cda:structuredBody[1]/cda:component[9]/cda:section[1]/cda:entry[1]/cda:substanceAdministration[1]/cda:effectiveTime[2]/@institutionSpecified	1104	false	mapped	MedicationStatement/2e16883a-7324-5c1c-9ee1-67e1f24fe826#/dosage/0/timing/repeat/extension/0/valueBoolean	CDA institutionSpecified -> inverse timing-exact
amb-map-0792	/cda:ClinicalDocument[1]/cda:component[1]/cda:structuredBody[1]/cda:component[9]/cda:section[1]/cda:entry[1]/cda:substanceAdministration[1]/cda:effectiveTime[2]/cda:period[1]/@value	1106	12	mapped	MedicationStatement/2e16883a-7324-5c1c-9ee1-67e1f24fe826#/dosage/0/timing/repeat/period	CDA periodic interval
amb-map-0793	/cda:ClinicalDocument[1]/cda:component[1]/cda:structuredBody[1]/cda:component[9]/cda:section[1]/cda:entry[1]/cda:substanceAdministration[1]/cda:effectiveTime[2]/cda:period[1]/@unit	1106	h	mapped	MedicationStatement/2e16883a-7324-5c1c-9ee1-67e1f24fe826#/dosage/0/timing/repeat/periodUnit	copy
amb-map-0794	/cda:ClinicalDocument[1]/cda:component[1]/cda:structuredBody[1]/cda:component[9]/cda:section[1]/cda:entry[1]/cda:substanceAdministration[1]/cda:effectiveTime[2]/cda:period[1]/cda:translation[1]/@value	1108	12	report-only		GAP: no structured rule; source retained
amb-map-0795	/cda:ClinicalDocument[1]/cda:component[1]/cda:structuredBody[1]/cda:component[9]/cda:section[1]/cda:entry[1]/cda:substanceAdministration[1]/cda:effectiveTime[2]/cda:period[1]/cda:translation[1]/@code	1108	23	report-only		GAP: no structured rule; source retained
amb-map-0796	/cda:ClinicalDocument[1]/cda:component[1]/cda:structuredBody[1]/cda:component[9]/cda:section[1]/cda:entry[1]/cda:substanceAdministration[1]/cda:effectiveTime[2]/cda:period[1]/cda:translation[1]/@displayName	1108	ч	report-only		GAP: no structured rule; source retained
amb-map-0797	/cda:ClinicalDocument[1]/cda:component[1]/cda:structuredBody[1]/cda:component[9]/cda:section[1]/cda:entry[1]/cda:substanceAdministration[1]/cda:effectiveTime[2]/cda:period[1]/cda:translation[1]/@codeSystem	1108	1.2.643.5.1.13.13.11.1358	report-only		GAP: no structured rule; source retained
amb-map-0798	/cda:ClinicalDocument[1]/cda:component[1]/cda:structuredBody[1]/cda:component[9]/cda:section[1]/cda:entry[1]/cda:substanceAdministration[1]/cda:effectiveTime[2]/cda:period[1]/cda:translation[1]/@codeSystemName	1108	Единицы измерения	technical		CDA structural/type/dictionary-label metadata; exact value in trace/source
amb-map-0799	/cda:ClinicalDocument[1]/cda:component[1]/cda:structuredBody[1]/cda:component[9]/cda:section[1]/cda:entry[1]/cda:substanceAdministration[1]/cda:effectiveTime[2]/cda:period[1]/cda:translation[1]/@codeSystemVersion	1108	3.23	report-only		GAP: no structured rule; source retained
amb-map-0800	/cda:ClinicalDocument[1]/cda:component[1]/cda:structuredBody[1]/cda:component[9]/cda:section[1]/cda:entry[1]/cda:substanceAdministration[1]/cda:routeCode[1]/@code	1112	2	mapped	MedicationStatement/2e16883a-7324-5c1c-9ee1-67e1f24fe826#/dosage/0/route/coding/0/code	copy
amb-map-0801	/cda:ClinicalDocument[1]/cda:component[1]/cda:structuredBody[1]/cda:component[9]/cda:section[1]/cda:entry[1]/cda:substanceAdministration[1]/cda:routeCode[1]/@codeSystem	1112	1.2.643.5.1.13.13.11.1468	mapped	MedicationStatement/2e16883a-7324-5c1c-9ee1-67e1f24fe826#/dosage/0/route/coding/0/system	OID -> canonical RuCore URI or urn:oid
amb-map-0802	/cda:ClinicalDocument[1]/cda:component[1]/cda:structuredBody[1]/cda:component[9]/cda:section[1]/cda:entry[1]/cda:substanceAdministration[1]/cda:routeCode[1]/@codeSystemName	1112	Пути введения лекарственных препаратов, в том числе для льготного обеспечения граждан лекарственными средствами	technical		CDA structural/type/dictionary-label metadata; exact value in trace/source
amb-map-0803	/cda:ClinicalDocument[1]/cda:component[1]/cda:structuredBody[1]/cda:component[9]/cda:section[1]/cda:entry[1]/cda:substanceAdministration[1]/cda:routeCode[1]/@codeSystemVersion	1112	2.3	mapped	MedicationStatement/2e16883a-7324-5c1c-9ee1-67e1f24fe826#/dosage/0/route/coding/0/version	copy
amb-map-0804	/cda:ClinicalDocument[1]/cda:component[1]/cda:structuredBody[1]/cda:component[9]/cda:section[1]/cda:entry[1]/cda:substanceAdministration[1]/cda:routeCode[1]/@displayName	1112	Пероральный	mapped	MedicationStatement/2e16883a-7324-5c1c-9ee1-67e1f24fe826#/dosage/0/route/coding/0/display	copy
amb-map-0805	/cda:ClinicalDocument[1]/cda:component[1]/cda:structuredBody[1]/cda:component[9]/cda:section[1]/cda:entry[1]/cda:substanceAdministration[1]/cda:doseQuantity[1]/@value	1114	1	mapped	MedicationStatement/2e16883a-7324-5c1c-9ee1-67e1f24fe826#/dosage/0/doseAndRate/0/doseQuantity/extension/0/valueQuantity/value	decimal
amb-map-0806	/cda:ClinicalDocument[1]/cda:component[1]/cda:structuredBody[1]/cda:component[9]/cda:section[1]/cda:entry[1]/cda:substanceAdministration[1]/cda:doseQuantity[1]/@unit	1114	{таблетка}	mapped	MedicationStatement/2e16883a-7324-5c1c-9ee1-67e1f24fe826#/dosage/0/doseAndRate/0/doseQuantity/extension/0/valueQuantity/unit; MedicationStatement/2e16883a-7324-5c1c-9ee1-67e1f24fe826#/dosage/0/doseAndRate/0/doseQuantity/extension/0/valueQuantity/code	CDA PQ UCUM unit
amb-map-0807	/cda:ClinicalDocument[1]/cda:component[1]/cda:structuredBody[1]/cda:component[9]/cda:section[1]/cda:entry[1]/cda:substanceAdministration[1]/cda:doseQuantity[1]/cda:translation[1]/@value	1116	1	mapped	MedicationStatement/2e16883a-7324-5c1c-9ee1-67e1f24fe826#/dosage/0/doseAndRate/0/doseQuantity/value	translated quantity
amb-map-0808	/cda:ClinicalDocument[1]/cda:component[1]/cda:structuredBody[1]/cda:component[9]/cda:section[1]/cda:entry[1]/cda:substanceAdministration[1]/cda:doseQuantity[1]/cda:translation[1]/@code	1116	293	mapped	MedicationStatement/2e16883a-7324-5c1c-9ee1-67e1f24fe826#/dosage/0/doseAndRate/0/doseQuantity/code	copy
amb-map-0809	/cda:ClinicalDocument[1]/cda:component[1]/cda:structuredBody[1]/cda:component[9]/cda:section[1]/cda:entry[1]/cda:substanceAdministration[1]/cda:doseQuantity[1]/cda:translation[1]/@codeSystem	1116	1.2.643.5.1.13.13.11.1358	mapped	MedicationStatement/2e16883a-7324-5c1c-9ee1-67e1f24fe826#/dosage/0/doseAndRate/0/doseQuantity/system	original unit code system
amb-map-0810	/cda:ClinicalDocument[1]/cda:component[1]/cda:structuredBody[1]/cda:component[9]/cda:section[1]/cda:entry[1]/cda:substanceAdministration[1]/cda:doseQuantity[1]/cda:translation[1]/@codeSystemName	1116	Единицы измерения	technical		CDA structural/type/dictionary-label metadata; exact value in trace/source
amb-map-0811	/cda:ClinicalDocument[1]/cda:component[1]/cda:structuredBody[1]/cda:component[9]/cda:section[1]/cda:entry[1]/cda:substanceAdministration[1]/cda:doseQuantity[1]/cda:translation[1]/@displayName	1116	шт	mapped	MedicationStatement/2e16883a-7324-5c1c-9ee1-67e1f24fe826#/dosage/0/doseAndRate/0/doseQuantity/unit	copy
amb-map-0812	/cda:ClinicalDocument[1]/cda:component[1]/cda:structuredBody[1]/cda:component[9]/cda:section[1]/cda:entry[1]/cda:substanceAdministration[1]/cda:doseQuantity[1]/cda:translation[1]/@codeSystemVersion	1116	3.23	report-only		GAP: no structured rule; source retained
amb-map-0813	/cda:ClinicalDocument[1]/cda:component[1]/cda:structuredBody[1]/cda:component[9]/cda:section[1]/cda:entry[1]/cda:substanceAdministration[1]/cda:administrationUnitCode[1]/@codeSystem	1119	1.2.643.5.1.13.13.11.1466	mapped	Medication/8b71ab49-bb8c-585a-b542-1077b0bd6f3a#/doseForm/coding/0/system	OID -> canonical RuCore URI or urn:oid
amb-map-0814	/cda:ClinicalDocument[1]/cda:component[1]/cda:structuredBody[1]/cda:component[9]/cda:section[1]/cda:entry[1]/cda:substanceAdministration[1]/cda:administrationUnitCode[1]/@codeSystemName	1119	Лекарственные формы лекарственных препаратов, в том числе необходимых для льготного обеспечения граждан лекарственными средствами	technical		CDA structural/type/dictionary-label metadata; exact value in trace/source
amb-map-0815	/cda:ClinicalDocument[1]/cda:component[1]/cda:structuredBody[1]/cda:component[9]/cda:section[1]/cda:entry[1]/cda:substanceAdministration[1]/cda:administrationUnitCode[1]/@code	1119	1132	mapped	Medication/8b71ab49-bb8c-585a-b542-1077b0bd6f3a#/doseForm/coding/0/code	copy
amb-map-0816	/cda:ClinicalDocument[1]/cda:component[1]/cda:structuredBody[1]/cda:component[9]/cda:section[1]/cda:entry[1]/cda:substanceAdministration[1]/cda:administrationUnitCode[1]/@codeSystemVersion	1119	3.1	mapped	Medication/8b71ab49-bb8c-585a-b542-1077b0bd6f3a#/doseForm/coding/0/version	copy
amb-map-0817	/cda:ClinicalDocument[1]/cda:component[1]/cda:structuredBody[1]/cda:component[9]/cda:section[1]/cda:entry[1]/cda:substanceAdministration[1]/cda:administrationUnitCode[1]/@displayName	1119	Таблетки, покрытые оболочкой	mapped	Medication/8b71ab49-bb8c-585a-b542-1077b0bd6f3a#/doseForm/coding/0/display	copy
amb-map-0818	/cda:ClinicalDocument[1]/cda:component[1]/cda:structuredBody[1]/cda:component[9]/cda:section[1]/cda:entry[1]/cda:substanceAdministration[1]/cda:consumable[1]/@typeCode	1121	CSM	technical		CDA structural/type/dictionary-label metadata; exact value in trace/source
amb-map-0819	/cda:ClinicalDocument[1]/cda:component[1]/cda:structuredBody[1]/cda:component[9]/cda:section[1]/cda:entry[1]/cda:substanceAdministration[1]/cda:consumable[1]/cda:manufacturedProduct[1]/@classCode	1123	MANU	technical		CDA structural/type/dictionary-label metadata; exact value in trace/source
amb-map-0820	/cda:ClinicalDocument[1]/cda:component[1]/cda:structuredBody[1]/cda:component[9]/cda:section[1]/cda:entry[1]/cda:substanceAdministration[1]/cda:consumable[1]/cda:manufacturedProduct[1]/cda:manufacturedMaterial[1]/@classCode	1125	MMAT	technical		CDA structural/type/dictionary-label metadata; exact value in trace/source
amb-map-0821	/cda:ClinicalDocument[1]/cda:component[1]/cda:structuredBody[1]/cda:component[9]/cda:section[1]/cda:entry[1]/cda:substanceAdministration[1]/cda:consumable[1]/cda:manufacturedProduct[1]/cda:manufacturedMaterial[1]/@determinerCode	1125	KIND	technical		CDA structural/type/dictionary-label metadata; exact value in trace/source
amb-map-0822	/cda:ClinicalDocument[1]/cda:component[1]/cda:structuredBody[1]/cda:component[9]/cda:section[1]/cda:entry[1]/cda:substanceAdministration[1]/cda:consumable[1]/cda:manufacturedProduct[1]/cda:manufacturedMaterial[1]/cda:code[1]/@codeSystem	1127	1.2.643.5.1.13.13.99.2.611	mapped	MedicationStatement/2e16883a-7324-5c1c-9ee1-67e1f24fe826#/medication/concept/coding/0/system; Medication/8b71ab49-bb8c-585a-b542-1077b0bd6f3a#/code/coding/0/system	OID -> canonical RuCore URI or urn:oid
amb-map-0823	/cda:ClinicalDocument[1]/cda:component[1]/cda:structuredBody[1]/cda:component[9]/cda:section[1]/cda:entry[1]/cda:substanceAdministration[1]/cda:consumable[1]/cda:manufacturedProduct[1]/cda:manufacturedMaterial[1]/cda:code[1]/@codeSystemName	1127	Узлы СМНН. ЕСКЛП	technical		CDA structural/type/dictionary-label metadata; exact value in trace/source
amb-map-0824	/cda:ClinicalDocument[1]/cda:component[1]/cda:structuredBody[1]/cda:component[9]/cda:section[1]/cda:entry[1]/cda:substanceAdministration[1]/cda:consumable[1]/cda:manufacturedProduct[1]/cda:manufacturedMaterial[1]/cda:code[1]/@code	1127	21.20.10.144-000001-1-00021-0000000000000	mapped	MedicationStatement/2e16883a-7324-5c1c-9ee1-67e1f24fe826#/medication/concept/coding/0/code; Medication/8b71ab49-bb8c-585a-b542-1077b0bd6f3a#/code/coding/0/code	copy
amb-map-0825	/cda:ClinicalDocument[1]/cda:component[1]/cda:structuredBody[1]/cda:component[9]/cda:section[1]/cda:entry[1]/cda:substanceAdministration[1]/cda:consumable[1]/cda:manufacturedProduct[1]/cda:manufacturedMaterial[1]/cda:code[1]/@displayName	1127	БЕНДАЗОЛ,ТАБЛЕТКИ, 20 мг|шт. (таблетка)	mapped	MedicationStatement/2e16883a-7324-5c1c-9ee1-67e1f24fe826#/medication/concept/coding/0/display; Medication/8b71ab49-bb8c-585a-b542-1077b0bd6f3a#/code/coding/0/display	copy
amb-map-0826	/cda:ClinicalDocument[1]/cda:component[1]/cda:structuredBody[1]/cda:component[9]/cda:section[1]/cda:entry[1]/cda:substanceAdministration[1]/cda:consumable[1]/cda:manufacturedProduct[1]/cda:manufacturedMaterial[1]/cda:code[1]/@codeSystemVersion	1127	5.37	mapped	MedicationStatement/2e16883a-7324-5c1c-9ee1-67e1f24fe826#/medication/concept/coding/0/version; Medication/8b71ab49-bb8c-585a-b542-1077b0bd6f3a#/code/coding/0/version	copy
amb-map-0827	/cda:ClinicalDocument[1]/cda:component[1]/cda:structuredBody[1]/cda:component[9]/cda:section[1]/cda:entry[1]/cda:substanceAdministration[1]/cda:precondition[1]/@typeCode	1134	PRCN	technical		CDA structural/type/dictionary-label metadata; exact value in trace/source
amb-map-0828	/cda:ClinicalDocument[1]/cda:component[1]/cda:structuredBody[1]/cda:component[9]/cda:section[1]/cda:entry[1]/cda:substanceAdministration[1]/cda:precondition[1]/cda:criterion[1]/cda:code[1]/@code	1138	ASSERTION	report-only		GAP: no structured rule; source retained
amb-map-0829	/cda:ClinicalDocument[1]/cda:component[1]/cda:structuredBody[1]/cda:component[9]/cda:section[1]/cda:entry[1]/cda:substanceAdministration[1]/cda:precondition[1]/cda:criterion[1]/cda:code[1]/@codeSystem	1138	2.16.840.1.113883.5.4	report-only		GAP: no structured rule; source retained
amb-map-0830	/cda:ClinicalDocument[1]/cda:component[1]/cda:structuredBody[1]/cda:component[9]/cda:section[1]/cda:entry[1]/cda:substanceAdministration[1]/cda:precondition[1]/cda:criterion[1]/cda:value[1]/@xsi:type	1140	ST	technical		CDA structural/type/dictionary-label metadata; exact value in trace/source
amb-map-0831	/cda:ClinicalDocument[1]/cda:component[1]/cda:structuredBody[1]/cda:component[9]/cda:section[1]/cda:entry[1]/cda:substanceAdministration[1]/cda:precondition[1]/cda:criterion[1]/cda:value[1]/text()	1140	2 часа до или через 2 часа после приема пищи	mapped	MedicationStatement/2e16883a-7324-5c1c-9ee1-67e1f24fe826#/dosage/0/patientInstruction	copy
amb-map-0832	/cda:ClinicalDocument[1]/cda:component[1]/cda:structuredBody[1]/cda:component[10]/cda:section[1]/cda:code[1]/@code	1152	VITALPARAM	mapped	Composition/202d52a8-af92-5ef3-9a7e-d83305a85264#/section/9/code/coding/0/code; Observation/fd596cfa-67b6-5258-8b9b-ba1849d99c0a#/code/coding/0/code; Observation/8e95a4a6-842c-59b4-b839-ae02fafb225d#/code/coding/0/code; Observation/df55d47f-8095-594a-96e5-0b5d6876ac09#/code/coding/0/code; Observation/ec801d73-f05d-59ef-a63f-dce9c07946ed#/code/coding/0/code; Observation/f3d7e324-db15-5654-8727-972fdac97a9f#/code/coding/0/code	copy
amb-map-0833	/cda:ClinicalDocument[1]/cda:component[1]/cda:structuredBody[1]/cda:component[10]/cda:section[1]/cda:code[1]/@codeSystem	1152	1.2.643.5.1.13.13.99.2.197	mapped	Composition/202d52a8-af92-5ef3-9a7e-d83305a85264#/section/9/code/coding/0/system; Observation/fd596cfa-67b6-5258-8b9b-ba1849d99c0a#/code/coding/0/system; Observation/8e95a4a6-842c-59b4-b839-ae02fafb225d#/code/coding/0/system; Observation/df55d47f-8095-594a-96e5-0b5d6876ac09#/code/coding/0/system; Observation/ec801d73-f05d-59ef-a63f-dce9c07946ed#/code/coding/0/system; Observation/f3d7e324-db15-5654-8727-972fdac97a9f#/code/coding/0/system	OID -> canonical RuCore URI or urn:oid
amb-map-0834	/cda:ClinicalDocument[1]/cda:component[1]/cda:structuredBody[1]/cda:component[10]/cda:section[1]/cda:code[1]/@codeSystemName	1152	Секции электронных медицинских документов	technical		CDA structural/type/dictionary-label metadata; exact value in trace/source
amb-map-0835	/cda:ClinicalDocument[1]/cda:component[1]/cda:structuredBody[1]/cda:component[10]/cda:section[1]/cda:code[1]/@displayName	1152	Витальные параметры	mapped	Composition/202d52a8-af92-5ef3-9a7e-d83305a85264#/section/9/code/coding/0/display; Observation/fd596cfa-67b6-5258-8b9b-ba1849d99c0a#/code/coding/0/display; Observation/8e95a4a6-842c-59b4-b839-ae02fafb225d#/code/coding/0/display; Observation/df55d47f-8095-594a-96e5-0b5d6876ac09#/code/coding/0/display; Observation/ec801d73-f05d-59ef-a63f-dce9c07946ed#/code/coding/0/display; Observation/f3d7e324-db15-5654-8727-972fdac97a9f#/code/coding/0/display	copy
amb-map-0836	/cda:ClinicalDocument[1]/cda:component[1]/cda:structuredBody[1]/cda:component[10]/cda:section[1]/cda:code[1]/@codeSystemVersion	1152	4.20	mapped	Composition/202d52a8-af92-5ef3-9a7e-d83305a85264#/section/9/code/coding/0/version; Observation/fd596cfa-67b6-5258-8b9b-ba1849d99c0a#/code/coding/0/version; Observation/8e95a4a6-842c-59b4-b839-ae02fafb225d#/code/coding/0/version; Observation/df55d47f-8095-594a-96e5-0b5d6876ac09#/code/coding/0/version; Observation/ec801d73-f05d-59ef-a63f-dce9c07946ed#/code/coding/0/version; Observation/f3d7e324-db15-5654-8727-972fdac97a9f#/code/coding/0/version	copy
amb-map-0837	/cda:ClinicalDocument[1]/cda:component[1]/cda:structuredBody[1]/cda:component[10]/cda:section[1]/cda:title[1]/text()	1154	Витальные параметры	mapped	Composition/202d52a8-af92-5ef3-9a7e-d83305a85264#/section/9/title	copy
amb-map-0838	/cda:ClinicalDocument[1]/cda:component[1]/cda:structuredBody[1]/cda:component[10]/cda:section[1]/cda:entry[1]/cda:organizer[1]/@classCode	1158	CLUSTER	technical		CDA structural/type/dictionary-label metadata; exact value in trace/source
amb-map-0839	/cda:ClinicalDocument[1]/cda:component[1]/cda:structuredBody[1]/cda:component[10]/cda:section[1]/cda:entry[1]/cda:organizer[1]/@moodCode	1158	EVN	technical		CDA structural/type/dictionary-label metadata; exact value in trace/source
amb-map-0840	/cda:ClinicalDocument[1]/cda:component[1]/cda:structuredBody[1]/cda:component[10]/cda:section[1]/cda:entry[1]/cda:organizer[1]/cda:statusCode[1]/@code	1160	completed	technical		CDA organizer lifecycle has no exact Observation.status equivalent
amb-map-0841	/cda:ClinicalDocument[1]/cda:component[1]/cda:structuredBody[1]/cda:component[10]/cda:section[1]/cda:entry[1]/cda:organizer[1]/cda:effectiveTime[1]/@value	1162	202305021535+0300	mapped	Observation/fd596cfa-67b6-5258-8b9b-ba1849d99c0a#/effectiveDateTime; Observation/8455d26b-3b6a-5c5f-83b8-3199dbe8005e#/effectiveDateTime	CDA TS -> FHIR temporal value (minute precision padded with :00)
amb-map-0842	/cda:ClinicalDocument[1]/cda:component[1]/cda:structuredBody[1]/cda:component[10]/cda:section[1]/cda:entry[1]/cda:organizer[1]/cda:component[1]/@typeCode	1165	COMP	technical		CDA structural/type/dictionary-label metadata; exact value in trace/source
amb-map-0843	/cda:ClinicalDocument[1]/cda:component[1]/cda:structuredBody[1]/cda:component[10]/cda:section[1]/cda:entry[1]/cda:organizer[1]/cda:component[1]/cda:observation[1]/@classCode	1167	OBS	technical		CDA structural/type/dictionary-label metadata; exact value in trace/source
amb-map-0844	/cda:ClinicalDocument[1]/cda:component[1]/cda:structuredBody[1]/cda:component[10]/cda:section[1]/cda:entry[1]/cda:organizer[1]/cda:component[1]/cda:observation[1]/@moodCode	1167	EVN	technical		CDA structural/type/dictionary-label metadata; exact value in trace/source
amb-map-0845	/cda:ClinicalDocument[1]/cda:component[1]/cda:structuredBody[1]/cda:component[10]/cda:section[1]/cda:entry[1]/cda:organizer[1]/cda:component[1]/cda:observation[1]/cda:id[1]/@nullFlavor	1169	NI	transformed	Observation/8455d26b-3b6a-5c5f-83b8-3199dbe8005e#/id	CDA local key -> contextual deterministic resource id; original key in trace
amb-map-0846	/cda:ClinicalDocument[1]/cda:component[1]/cda:structuredBody[1]/cda:component[10]/cda:section[1]/cda:entry[1]/cda:organizer[1]/cda:component[1]/cda:observation[1]/cda:code[1]/@code	1171	5	mapped	Observation/8455d26b-3b6a-5c5f-83b8-3199dbe8005e#/code/coding/0/code	copy
amb-map-0847	/cda:ClinicalDocument[1]/cda:component[1]/cda:structuredBody[1]/cda:component[10]/cda:section[1]/cda:entry[1]/cda:organizer[1]/cda:component[1]/cda:observation[1]/cda:code[1]/@codeSystem	1171	1.2.643.5.1.13.13.99.2.262	mapped	Observation/8455d26b-3b6a-5c5f-83b8-3199dbe8005e#/code/coding/0/system	OID -> canonical RuCore URI or urn:oid
amb-map-0848	/cda:ClinicalDocument[1]/cda:component[1]/cda:structuredBody[1]/cda:component[10]/cda:section[1]/cda:entry[1]/cda:organizer[1]/cda:component[1]/cda:observation[1]/cda:code[1]/@codeSystemName	1171	Витальные параметры	technical		CDA structural/type/dictionary-label metadata; exact value in trace/source
amb-map-0849	/cda:ClinicalDocument[1]/cda:component[1]/cda:structuredBody[1]/cda:component[10]/cda:section[1]/cda:entry[1]/cda:organizer[1]/cda:component[1]/cda:observation[1]/cda:code[1]/@displayName	1171	Пульс	mapped	Observation/8455d26b-3b6a-5c5f-83b8-3199dbe8005e#/code/coding/0/display	copy
amb-map-0850	/cda:ClinicalDocument[1]/cda:component[1]/cda:structuredBody[1]/cda:component[10]/cda:section[1]/cda:entry[1]/cda:organizer[1]/cda:component[1]/cda:observation[1]/cda:code[1]/@codeSystemVersion	1171	8.4	mapped	Observation/8455d26b-3b6a-5c5f-83b8-3199dbe8005e#/code/coding/0/version	copy
amb-map-0851	/cda:ClinicalDocument[1]/cda:component[1]/cda:structuredBody[1]/cda:component[10]/cda:section[1]/cda:entry[1]/cda:organizer[1]/cda:component[1]/cda:observation[1]/cda:value[1]/@xsi:type	1173	PQ	technical		CDA structural/type/dictionary-label metadata; exact value in trace/source
amb-map-0852	/cda:ClinicalDocument[1]/cda:component[1]/cda:structuredBody[1]/cda:component[10]/cda:section[1]/cda:entry[1]/cda:organizer[1]/cda:component[1]/cda:observation[1]/cda:value[1]/@value	1173	100	mapped	Observation/8455d26b-3b6a-5c5f-83b8-3199dbe8005e#/valueQuantity/extension/0/valueQuantity/value	decimal
amb-map-0853	/cda:ClinicalDocument[1]/cda:component[1]/cda:structuredBody[1]/cda:component[10]/cda:section[1]/cda:entry[1]/cda:organizer[1]/cda:component[1]/cda:observation[1]/cda:value[1]/@unit	1173	U/s	mapped	Observation/8455d26b-3b6a-5c5f-83b8-3199dbe8005e#/valueQuantity/extension/0/valueQuantity/unit; Observation/8455d26b-3b6a-5c5f-83b8-3199dbe8005e#/valueQuantity/extension/0/valueQuantity/code	CDA PQ UCUM unit
amb-map-0854	/cda:ClinicalDocument[1]/cda:component[1]/cda:structuredBody[1]/cda:component[10]/cda:section[1]/cda:entry[1]/cda:organizer[1]/cda:component[1]/cda:observation[1]/cda:value[1]/cda:translation[1]/@value	1175	100	mapped	Observation/8455d26b-3b6a-5c5f-83b8-3199dbe8005e#/valueQuantity/value	translated quantity
amb-map-0855	/cda:ClinicalDocument[1]/cda:component[1]/cda:structuredBody[1]/cda:component[10]/cda:section[1]/cda:entry[1]/cda:organizer[1]/cda:component[1]/cda:observation[1]/cda:value[1]/cda:translation[1]/@code	1175	168	mapped	Observation/8455d26b-3b6a-5c5f-83b8-3199dbe8005e#/valueQuantity/code	copy
amb-map-0856	/cda:ClinicalDocument[1]/cda:component[1]/cda:structuredBody[1]/cda:component[10]/cda:section[1]/cda:entry[1]/cda:organizer[1]/cda:component[1]/cda:observation[1]/cda:value[1]/cda:translation[1]/@codeSystem	1175	1.2.643.5.1.13.13.11.1358	mapped	Observation/8455d26b-3b6a-5c5f-83b8-3199dbe8005e#/valueQuantity/system	original unit code system
amb-map-0857	/cda:ClinicalDocument[1]/cda:component[1]/cda:structuredBody[1]/cda:component[10]/cda:section[1]/cda:entry[1]/cda:organizer[1]/cda:component[1]/cda:observation[1]/cda:value[1]/cda:translation[1]/@codeSystemName	1175	Единицы измерения	technical		CDA structural/type/dictionary-label metadata; exact value in trace/source
amb-map-0858	/cda:ClinicalDocument[1]/cda:component[1]/cda:structuredBody[1]/cda:component[10]/cda:section[1]/cda:entry[1]/cda:organizer[1]/cda:component[1]/cda:observation[1]/cda:value[1]/cda:translation[1]/@displayName	1175	Ед/с	mapped	Observation/8455d26b-3b6a-5c5f-83b8-3199dbe8005e#/valueQuantity/unit	copy
amb-map-0859	/cda:ClinicalDocument[1]/cda:component[1]/cda:structuredBody[1]/cda:component[10]/cda:section[1]/cda:entry[1]/cda:organizer[1]/cda:component[1]/cda:observation[1]/cda:value[1]/cda:translation[1]/@codeSystemVersion	1175	3.23	report-only		GAP: no structured rule; source retained
amb-map-0860	/cda:ClinicalDocument[1]/cda:component[1]/cda:structuredBody[1]/cda:component[10]/cda:section[1]/cda:entry[1]/cda:organizer[1]/cda:component[1]/cda:observation[1]/cda:entryRelationship[1]/@typeCode	1178	COMP	transformed	Observation/8455d26b-3b6a-5c5f-83b8-3199dbe8005e#/hasMember/0	CDA COMP -> associated component observation; exact relation in trace
amb-map-0861	/cda:ClinicalDocument[1]/cda:component[1]/cda:structuredBody[1]/cda:component[10]/cda:section[1]/cda:entry[1]/cda:organizer[1]/cda:component[1]/cda:observation[1]/cda:entryRelationship[1]/cda:observation[1]/@classCode	1180	OBS	technical		CDA structural/type/dictionary-label metadata; exact value in trace/source
amb-map-0862	/cda:ClinicalDocument[1]/cda:component[1]/cda:structuredBody[1]/cda:component[10]/cda:section[1]/cda:entry[1]/cda:organizer[1]/cda:component[1]/cda:observation[1]/cda:entryRelationship[1]/cda:observation[1]/@moodCode	1180	EVN	technical		CDA structural/type/dictionary-label metadata; exact value in trace/source
amb-map-0863	/cda:ClinicalDocument[1]/cda:component[1]/cda:structuredBody[1]/cda:component[10]/cda:section[1]/cda:entry[1]/cda:organizer[1]/cda:component[1]/cda:observation[1]/cda:entryRelationship[1]/cda:observation[1]/cda:code[1]/@code	1182	6034	mapped	Observation/8ccc0003-648d-51d4-a76b-4421b7dfd2a7#/code/coding/0/code	copy
amb-map-0864	/cda:ClinicalDocument[1]/cda:component[1]/cda:structuredBody[1]/cda:component[10]/cda:section[1]/cda:entry[1]/cda:organizer[1]/cda:component[1]/cda:observation[1]/cda:entryRelationship[1]/cda:observation[1]/cda:code[1]/@codeSystem	1182	1.2.643.5.1.13.13.99.2.166	mapped	Observation/8ccc0003-648d-51d4-a76b-4421b7dfd2a7#/code/coding/0/system	OID -> canonical RuCore URI or urn:oid
amb-map-0865	/cda:ClinicalDocument[1]/cda:component[1]/cda:structuredBody[1]/cda:component[10]/cda:section[1]/cda:entry[1]/cda:organizer[1]/cda:component[1]/cda:observation[1]/cda:entryRelationship[1]/cda:observation[1]/cda:code[1]/@codeSystemName	1182	Кодируемые поля CDA документов	technical		CDA structural/type/dictionary-label metadata; exact value in trace/source
amb-map-0866	/cda:ClinicalDocument[1]/cda:component[1]/cda:structuredBody[1]/cda:component[10]/cda:section[1]/cda:entry[1]/cda:organizer[1]/cda:component[1]/cda:observation[1]/cda:entryRelationship[1]/cda:observation[1]/cda:code[1]/@displayName	1182	Латеральность	mapped	Observation/8ccc0003-648d-51d4-a76b-4421b7dfd2a7#/code/coding/0/display	copy
amb-map-0867	/cda:ClinicalDocument[1]/cda:component[1]/cda:structuredBody[1]/cda:component[10]/cda:section[1]/cda:entry[1]/cda:organizer[1]/cda:component[1]/cda:observation[1]/cda:entryRelationship[1]/cda:observation[1]/cda:code[1]/@codeSystemVersion	1182	5.27	mapped	Observation/8ccc0003-648d-51d4-a76b-4421b7dfd2a7#/code/coding/0/version	copy
amb-map-0868	/cda:ClinicalDocument[1]/cda:component[1]/cda:structuredBody[1]/cda:component[10]/cda:section[1]/cda:entry[1]/cda:organizer[1]/cda:component[1]/cda:observation[1]/cda:entryRelationship[1]/cda:observation[1]/cda:value[1]/@xsi:type	1184	CD	technical		CDA structural/type/dictionary-label metadata; exact value in trace/source
amb-map-0869	/cda:ClinicalDocument[1]/cda:component[1]/cda:structuredBody[1]/cda:component[10]/cda:section[1]/cda:entry[1]/cda:organizer[1]/cda:component[1]/cda:observation[1]/cda:entryRelationship[1]/cda:observation[1]/cda:value[1]/@nullFlavor	1184	NA	mapped	Observation/8ccc0003-648d-51d4-a76b-4421b7dfd2a7#/dataAbsentReason	CDA NullFlavor -> observation dataAbsentReason
amb-map-0870	/cda:ClinicalDocument[1]/cda:component[1]/cda:structuredBody[1]/cda:component[10]/cda:section[1]/cda:entry[2]/cda:organizer[1]/@classCode	1196	CLUSTER	technical		CDA structural/type/dictionary-label metadata; exact value in trace/source
amb-map-0871	/cda:ClinicalDocument[1]/cda:component[1]/cda:structuredBody[1]/cda:component[10]/cda:section[1]/cda:entry[2]/cda:organizer[1]/@moodCode	1196	EVN	technical		CDA structural/type/dictionary-label metadata; exact value in trace/source
amb-map-0872	/cda:ClinicalDocument[1]/cda:component[1]/cda:structuredBody[1]/cda:component[10]/cda:section[1]/cda:entry[2]/cda:organizer[1]/cda:statusCode[1]/@code	1198	completed	technical		CDA organizer lifecycle has no exact Observation.status equivalent
amb-map-0873	/cda:ClinicalDocument[1]/cda:component[1]/cda:structuredBody[1]/cda:component[10]/cda:section[1]/cda:entry[2]/cda:organizer[1]/cda:effectiveTime[1]/@value	1200	202305021535+0300	mapped	Observation/8e95a4a6-842c-59b4-b839-ae02fafb225d#/effectiveDateTime; Observation/9f8ccf0f-b4b1-5e45-abbd-f7e6f9d75915#/effectiveDateTime; Observation/0454d85f-8f6b-5cf8-9993-e6b9e2dd8ea2#/effectiveDateTime	CDA TS -> FHIR temporal value (minute precision padded with :00)
amb-map-0874	/cda:ClinicalDocument[1]/cda:component[1]/cda:structuredBody[1]/cda:component[10]/cda:section[1]/cda:entry[2]/cda:organizer[1]/cda:component[1]/@typeCode	1203	COMP	technical		CDA structural/type/dictionary-label metadata; exact value in trace/source
amb-map-0875	/cda:ClinicalDocument[1]/cda:component[1]/cda:structuredBody[1]/cda:component[10]/cda:section[1]/cda:entry[2]/cda:organizer[1]/cda:component[1]/cda:observation[1]/@classCode	1205	OBS	technical		CDA structural/type/dictionary-label metadata; exact value in trace/source
amb-map-0876	/cda:ClinicalDocument[1]/cda:component[1]/cda:structuredBody[1]/cda:component[10]/cda:section[1]/cda:entry[2]/cda:organizer[1]/cda:component[1]/cda:observation[1]/@moodCode	1205	EVN	technical		CDA structural/type/dictionary-label metadata; exact value in trace/source
amb-map-0877	/cda:ClinicalDocument[1]/cda:component[1]/cda:structuredBody[1]/cda:component[10]/cda:section[1]/cda:entry[2]/cda:organizer[1]/cda:component[1]/cda:observation[1]/cda:id[1]/@root	1207	1.2.643.5.1.13.13.12.2.70.7232.100.1.1.52	transformed	Observation/9f8ccf0f-b4b1-5e45-abbd-f7e6f9d75915#/id	CDA local key -> contextual deterministic resource id; original key in trace
amb-map-0878	/cda:ClinicalDocument[1]/cda:component[1]/cda:structuredBody[1]/cda:component[10]/cda:section[1]/cda:entry[2]/cda:organizer[1]/cda:component[1]/cda:observation[1]/cda:id[1]/@extension	1207	VITALPARAM1	transformed	Observation/9f8ccf0f-b4b1-5e45-abbd-f7e6f9d75915#/id	CDA local key -> contextual deterministic resource id; original key in trace
amb-map-0879	/cda:ClinicalDocument[1]/cda:component[1]/cda:structuredBody[1]/cda:component[10]/cda:section[1]/cda:entry[2]/cda:organizer[1]/cda:component[1]/cda:observation[1]/cda:code[1]/@codeSystem	1209	1.2.643.5.1.13.13.99.2.262	mapped	Observation/9f8ccf0f-b4b1-5e45-abbd-f7e6f9d75915#/code/coding/0/system	OID -> canonical RuCore URI or urn:oid
amb-map-0880	/cda:ClinicalDocument[1]/cda:component[1]/cda:structuredBody[1]/cda:component[10]/cda:section[1]/cda:entry[2]/cda:organizer[1]/cda:component[1]/cda:observation[1]/cda:code[1]/@codeSystemName	1209	Витальные параметры	technical		CDA structural/type/dictionary-label metadata; exact value in trace/source
amb-map-0881	/cda:ClinicalDocument[1]/cda:component[1]/cda:structuredBody[1]/cda:component[10]/cda:section[1]/cda:entry[2]/cda:organizer[1]/cda:component[1]/cda:observation[1]/cda:code[1]/@code	1209	3	mapped	Observation/9f8ccf0f-b4b1-5e45-abbd-f7e6f9d75915#/code/coding/0/code	copy
amb-map-0882	/cda:ClinicalDocument[1]/cda:component[1]/cda:structuredBody[1]/cda:component[10]/cda:section[1]/cda:entry[2]/cda:organizer[1]/cda:component[1]/cda:observation[1]/cda:code[1]/@codeSystemVersion	1209	8.4	mapped	Observation/9f8ccf0f-b4b1-5e45-abbd-f7e6f9d75915#/code/coding/0/version	copy
amb-map-0883	/cda:ClinicalDocument[1]/cda:component[1]/cda:structuredBody[1]/cda:component[10]/cda:section[1]/cda:entry[2]/cda:organizer[1]/cda:component[1]/cda:observation[1]/cda:code[1]/@displayName	1209	Артериальное давление систолическое	mapped	Observation/9f8ccf0f-b4b1-5e45-abbd-f7e6f9d75915#/code/coding/0/display	copy
amb-map-0884	/cda:ClinicalDocument[1]/cda:component[1]/cda:structuredBody[1]/cda:component[10]/cda:section[1]/cda:entry[2]/cda:organizer[1]/cda:component[1]/cda:observation[1]/cda:value[1]/@xsi:type	1211	PQ	technical		CDA structural/type/dictionary-label metadata; exact value in trace/source
amb-map-0885	/cda:ClinicalDocument[1]/cda:component[1]/cda:structuredBody[1]/cda:component[10]/cda:section[1]/cda:entry[2]/cda:organizer[1]/cda:component[1]/cda:observation[1]/cda:value[1]/@value	1211	140	mapped	Observation/9f8ccf0f-b4b1-5e45-abbd-f7e6f9d75915#/valueQuantity/extension/0/valueQuantity/value	decimal
amb-map-0886	/cda:ClinicalDocument[1]/cda:component[1]/cda:structuredBody[1]/cda:component[10]/cda:section[1]/cda:entry[2]/cda:organizer[1]/cda:component[1]/cda:observation[1]/cda:value[1]/@unit	1211	mm[Hg]	mapped	Observation/9f8ccf0f-b4b1-5e45-abbd-f7e6f9d75915#/valueQuantity/extension/0/valueQuantity/unit; Observation/9f8ccf0f-b4b1-5e45-abbd-f7e6f9d75915#/valueQuantity/extension/0/valueQuantity/code	CDA PQ UCUM unit
amb-map-0887	/cda:ClinicalDocument[1]/cda:component[1]/cda:structuredBody[1]/cda:component[10]/cda:section[1]/cda:entry[2]/cda:organizer[1]/cda:component[1]/cda:observation[1]/cda:value[1]/cda:translation[1]/@codeSystem	1213	1.2.643.5.1.13.13.11.1358	mapped	Observation/9f8ccf0f-b4b1-5e45-abbd-f7e6f9d75915#/valueQuantity/system	original unit code system
amb-map-0888	/cda:ClinicalDocument[1]/cda:component[1]/cda:structuredBody[1]/cda:component[10]/cda:section[1]/cda:entry[2]/cda:organizer[1]/cda:component[1]/cda:observation[1]/cda:value[1]/cda:translation[1]/@codeSystemName	1213	Единицы измерения	technical		CDA structural/type/dictionary-label metadata; exact value in trace/source
amb-map-0889	/cda:ClinicalDocument[1]/cda:component[1]/cda:structuredBody[1]/cda:component[10]/cda:section[1]/cda:entry[2]/cda:organizer[1]/cda:component[1]/cda:observation[1]/cda:value[1]/cda:translation[1]/@value	1213	140	mapped	Observation/9f8ccf0f-b4b1-5e45-abbd-f7e6f9d75915#/valueQuantity/value	translated quantity
amb-map-0890	/cda:ClinicalDocument[1]/cda:component[1]/cda:structuredBody[1]/cda:component[10]/cda:section[1]/cda:entry[2]/cda:organizer[1]/cda:component[1]/cda:observation[1]/cda:value[1]/cda:translation[1]/@code	1213	50	mapped	Observation/9f8ccf0f-b4b1-5e45-abbd-f7e6f9d75915#/valueQuantity/code	copy
amb-map-0891	/cda:ClinicalDocument[1]/cda:component[1]/cda:structuredBody[1]/cda:component[10]/cda:section[1]/cda:entry[2]/cda:organizer[1]/cda:component[1]/cda:observation[1]/cda:value[1]/cda:translation[1]/@displayName	1213	мм.рт.ст.	mapped	Observation/9f8ccf0f-b4b1-5e45-abbd-f7e6f9d75915#/valueQuantity/unit	copy
amb-map-0892	/cda:ClinicalDocument[1]/cda:component[1]/cda:structuredBody[1]/cda:component[10]/cda:section[1]/cda:entry[2]/cda:organizer[1]/cda:component[1]/cda:observation[1]/cda:value[1]/cda:translation[1]/@codeSystemVersion	1213	3.23	report-only		GAP: no structured rule; source retained
amb-map-0893	/cda:ClinicalDocument[1]/cda:component[1]/cda:structuredBody[1]/cda:component[10]/cda:section[1]/cda:entry[2]/cda:organizer[1]/cda:component[1]/cda:observation[1]/cda:entryRelationship[1]/@typeCode	1216	COMP	transformed	Observation/9f8ccf0f-b4b1-5e45-abbd-f7e6f9d75915#/hasMember/0	CDA COMP -> associated component observation; exact relation in trace
amb-map-0894	/cda:ClinicalDocument[1]/cda:component[1]/cda:structuredBody[1]/cda:component[10]/cda:section[1]/cda:entry[2]/cda:organizer[1]/cda:component[1]/cda:observation[1]/cda:entryRelationship[1]/cda:observation[1]/@classCode	1218	OBS	technical		CDA structural/type/dictionary-label metadata; exact value in trace/source
amb-map-0895	/cda:ClinicalDocument[1]/cda:component[1]/cda:structuredBody[1]/cda:component[10]/cda:section[1]/cda:entry[2]/cda:organizer[1]/cda:component[1]/cda:observation[1]/cda:entryRelationship[1]/cda:observation[1]/@moodCode	1218	EVN	technical		CDA structural/type/dictionary-label metadata; exact value in trace/source
amb-map-0896	/cda:ClinicalDocument[1]/cda:component[1]/cda:structuredBody[1]/cda:component[10]/cda:section[1]/cda:entry[2]/cda:organizer[1]/cda:component[1]/cda:observation[1]/cda:entryRelationship[1]/cda:observation[1]/cda:code[1]/@code	1220	6034	mapped	Observation/532375a0-e6f1-5e64-a179-804a83113b90#/code/coding/0/code	copy
amb-map-0897	/cda:ClinicalDocument[1]/cda:component[1]/cda:structuredBody[1]/cda:component[10]/cda:section[1]/cda:entry[2]/cda:organizer[1]/cda:component[1]/cda:observation[1]/cda:entryRelationship[1]/cda:observation[1]/cda:code[1]/@codeSystem	1220	1.2.643.5.1.13.13.99.2.166	mapped	Observation/532375a0-e6f1-5e64-a179-804a83113b90#/code/coding/0/system	OID -> canonical RuCore URI or urn:oid
amb-map-0898	/cda:ClinicalDocument[1]/cda:component[1]/cda:structuredBody[1]/cda:component[10]/cda:section[1]/cda:entry[2]/cda:organizer[1]/cda:component[1]/cda:observation[1]/cda:entryRelationship[1]/cda:observation[1]/cda:code[1]/@codeSystemName	1220	Кодируемые поля CDA документов	technical		CDA structural/type/dictionary-label metadata; exact value in trace/source
amb-map-0899	/cda:ClinicalDocument[1]/cda:component[1]/cda:structuredBody[1]/cda:component[10]/cda:section[1]/cda:entry[2]/cda:organizer[1]/cda:component[1]/cda:observation[1]/cda:entryRelationship[1]/cda:observation[1]/cda:code[1]/@displayName	1220	Латеральность	mapped	Observation/532375a0-e6f1-5e64-a179-804a83113b90#/code/coding/0/display	copy
amb-map-0900	/cda:ClinicalDocument[1]/cda:component[1]/cda:structuredBody[1]/cda:component[10]/cda:section[1]/cda:entry[2]/cda:organizer[1]/cda:component[1]/cda:observation[1]/cda:entryRelationship[1]/cda:observation[1]/cda:code[1]/@codeSystemVersion	1220	5.27	mapped	Observation/532375a0-e6f1-5e64-a179-804a83113b90#/code/coding/0/version	copy
amb-map-0901	/cda:ClinicalDocument[1]/cda:component[1]/cda:structuredBody[1]/cda:component[10]/cda:section[1]/cda:entry[2]/cda:organizer[1]/cda:component[1]/cda:observation[1]/cda:entryRelationship[1]/cda:observation[1]/cda:value[1]/@xsi:type	1222	CD	technical		CDA structural/type/dictionary-label metadata; exact value in trace/source
amb-map-0902	/cda:ClinicalDocument[1]/cda:component[1]/cda:structuredBody[1]/cda:component[10]/cda:section[1]/cda:entry[2]/cda:organizer[1]/cda:component[1]/cda:observation[1]/cda:entryRelationship[1]/cda:observation[1]/cda:value[1]/@nullFlavor	1222	NA	mapped	Observation/532375a0-e6f1-5e64-a179-804a83113b90#/dataAbsentReason	CDA NullFlavor -> observation dataAbsentReason
amb-map-0903	/cda:ClinicalDocument[1]/cda:component[1]/cda:structuredBody[1]/cda:component[10]/cda:section[1]/cda:entry[2]/cda:organizer[1]/cda:component[2]/@typeCode	1230	COMP	technical		CDA structural/type/dictionary-label metadata; exact value in trace/source
amb-map-0904	/cda:ClinicalDocument[1]/cda:component[1]/cda:structuredBody[1]/cda:component[10]/cda:section[1]/cda:entry[2]/cda:organizer[1]/cda:component[2]/cda:observation[1]/@classCode	1232	OBS	technical		CDA structural/type/dictionary-label metadata; exact value in trace/source
amb-map-0905	/cda:ClinicalDocument[1]/cda:component[1]/cda:structuredBody[1]/cda:component[10]/cda:section[1]/cda:entry[2]/cda:organizer[1]/cda:component[2]/cda:observation[1]/@moodCode	1232	EVN	technical		CDA structural/type/dictionary-label metadata; exact value in trace/source
amb-map-0906	/cda:ClinicalDocument[1]/cda:component[1]/cda:structuredBody[1]/cda:component[10]/cda:section[1]/cda:entry[2]/cda:organizer[1]/cda:component[2]/cda:observation[1]/cda:id[1]/@root	1234	1.2.643.5.1.13.13.12.2.70.7232.100.1.1.52	transformed	Observation/0454d85f-8f6b-5cf8-9993-e6b9e2dd8ea2#/id	CDA local key -> contextual deterministic resource id; original key in trace
amb-map-0907	/cda:ClinicalDocument[1]/cda:component[1]/cda:structuredBody[1]/cda:component[10]/cda:section[1]/cda:entry[2]/cda:organizer[1]/cda:component[2]/cda:observation[1]/cda:id[1]/@extension	1234	VITALPARAM2	transformed	Observation/0454d85f-8f6b-5cf8-9993-e6b9e2dd8ea2#/id	CDA local key -> contextual deterministic resource id; original key in trace
amb-map-0908	/cda:ClinicalDocument[1]/cda:component[1]/cda:structuredBody[1]/cda:component[10]/cda:section[1]/cda:entry[2]/cda:organizer[1]/cda:component[2]/cda:observation[1]/cda:code[1]/@code	1236	2	mapped	Observation/0454d85f-8f6b-5cf8-9993-e6b9e2dd8ea2#/code/coding/0/code	copy
amb-map-0909	/cda:ClinicalDocument[1]/cda:component[1]/cda:structuredBody[1]/cda:component[10]/cda:section[1]/cda:entry[2]/cda:organizer[1]/cda:component[2]/cda:observation[1]/cda:code[1]/@codeSystem	1236	1.2.643.5.1.13.13.99.2.262	mapped	Observation/0454d85f-8f6b-5cf8-9993-e6b9e2dd8ea2#/code/coding/0/system	OID -> canonical RuCore URI or urn:oid
amb-map-0910	/cda:ClinicalDocument[1]/cda:component[1]/cda:structuredBody[1]/cda:component[10]/cda:section[1]/cda:entry[2]/cda:organizer[1]/cda:component[2]/cda:observation[1]/cda:code[1]/@codeSystemName	1236	Витальные параметры	technical		CDA structural/type/dictionary-label metadata; exact value in trace/source
amb-map-0911	/cda:ClinicalDocument[1]/cda:component[1]/cda:structuredBody[1]/cda:component[10]/cda:section[1]/cda:entry[2]/cda:organizer[1]/cda:component[2]/cda:observation[1]/cda:code[1]/@displayName	1236	Артериальное давление диастолическое	mapped	Observation/0454d85f-8f6b-5cf8-9993-e6b9e2dd8ea2#/code/coding/0/display	copy
amb-map-0912	/cda:ClinicalDocument[1]/cda:component[1]/cda:structuredBody[1]/cda:component[10]/cda:section[1]/cda:entry[2]/cda:organizer[1]/cda:component[2]/cda:observation[1]/cda:code[1]/@codeSystemVersion	1236	8.4	mapped	Observation/0454d85f-8f6b-5cf8-9993-e6b9e2dd8ea2#/code/coding/0/version	copy
amb-map-0913	/cda:ClinicalDocument[1]/cda:component[1]/cda:structuredBody[1]/cda:component[10]/cda:section[1]/cda:entry[2]/cda:organizer[1]/cda:component[2]/cda:observation[1]/cda:value[1]/@xsi:type	1238	PQ	technical		CDA structural/type/dictionary-label metadata; exact value in trace/source
amb-map-0914	/cda:ClinicalDocument[1]/cda:component[1]/cda:structuredBody[1]/cda:component[10]/cda:section[1]/cda:entry[2]/cda:organizer[1]/cda:component[2]/cda:observation[1]/cda:value[1]/@value	1238	90	mapped	Observation/0454d85f-8f6b-5cf8-9993-e6b9e2dd8ea2#/valueQuantity/extension/0/valueQuantity/value	decimal
amb-map-0915	/cda:ClinicalDocument[1]/cda:component[1]/cda:structuredBody[1]/cda:component[10]/cda:section[1]/cda:entry[2]/cda:organizer[1]/cda:component[2]/cda:observation[1]/cda:value[1]/@unit	1238	mm[Hg]	mapped	Observation/0454d85f-8f6b-5cf8-9993-e6b9e2dd8ea2#/valueQuantity/extension/0/valueQuantity/unit; Observation/0454d85f-8f6b-5cf8-9993-e6b9e2dd8ea2#/valueQuantity/extension/0/valueQuantity/code	CDA PQ UCUM unit
amb-map-0916	/cda:ClinicalDocument[1]/cda:component[1]/cda:structuredBody[1]/cda:component[10]/cda:section[1]/cda:entry[2]/cda:organizer[1]/cda:component[2]/cda:observation[1]/cda:value[1]/cda:translation[1]/@codeSystem	1240	1.2.643.5.1.13.13.11.1358	mapped	Observation/0454d85f-8f6b-5cf8-9993-e6b9e2dd8ea2#/valueQuantity/system	original unit code system
amb-map-0917	/cda:ClinicalDocument[1]/cda:component[1]/cda:structuredBody[1]/cda:component[10]/cda:section[1]/cda:entry[2]/cda:organizer[1]/cda:component[2]/cda:observation[1]/cda:value[1]/cda:translation[1]/@codeSystemName	1240	Единицы измерения	technical		CDA structural/type/dictionary-label metadata; exact value in trace/source
amb-map-0918	/cda:ClinicalDocument[1]/cda:component[1]/cda:structuredBody[1]/cda:component[10]/cda:section[1]/cda:entry[2]/cda:organizer[1]/cda:component[2]/cda:observation[1]/cda:value[1]/cda:translation[1]/@value	1240	90	mapped	Observation/0454d85f-8f6b-5cf8-9993-e6b9e2dd8ea2#/valueQuantity/value	translated quantity
amb-map-0919	/cda:ClinicalDocument[1]/cda:component[1]/cda:structuredBody[1]/cda:component[10]/cda:section[1]/cda:entry[2]/cda:organizer[1]/cda:component[2]/cda:observation[1]/cda:value[1]/cda:translation[1]/@code	1240	50	mapped	Observation/0454d85f-8f6b-5cf8-9993-e6b9e2dd8ea2#/valueQuantity/code	copy
amb-map-0920	/cda:ClinicalDocument[1]/cda:component[1]/cda:structuredBody[1]/cda:component[10]/cda:section[1]/cda:entry[2]/cda:organizer[1]/cda:component[2]/cda:observation[1]/cda:value[1]/cda:translation[1]/@displayName	1240	мм.рт.ст.	mapped	Observation/0454d85f-8f6b-5cf8-9993-e6b9e2dd8ea2#/valueQuantity/unit	copy
amb-map-0921	/cda:ClinicalDocument[1]/cda:component[1]/cda:structuredBody[1]/cda:component[10]/cda:section[1]/cda:entry[2]/cda:organizer[1]/cda:component[2]/cda:observation[1]/cda:value[1]/cda:translation[1]/@codeSystemVersion	1240	3.23	report-only		GAP: no structured rule; source retained
amb-map-0922	/cda:ClinicalDocument[1]/cda:component[1]/cda:structuredBody[1]/cda:component[10]/cda:section[1]/cda:entry[2]/cda:organizer[1]/cda:component[2]/cda:observation[1]/cda:entryRelationship[1]/@typeCode	1243	COMP	transformed	Observation/0454d85f-8f6b-5cf8-9993-e6b9e2dd8ea2#/hasMember/0	CDA COMP -> associated component observation; exact relation in trace
amb-map-0923	/cda:ClinicalDocument[1]/cda:component[1]/cda:structuredBody[1]/cda:component[10]/cda:section[1]/cda:entry[2]/cda:organizer[1]/cda:component[2]/cda:observation[1]/cda:entryRelationship[1]/cda:observation[1]/@classCode	1245	OBS	technical		CDA structural/type/dictionary-label metadata; exact value in trace/source
amb-map-0924	/cda:ClinicalDocument[1]/cda:component[1]/cda:structuredBody[1]/cda:component[10]/cda:section[1]/cda:entry[2]/cda:organizer[1]/cda:component[2]/cda:observation[1]/cda:entryRelationship[1]/cda:observation[1]/@moodCode	1245	EVN	technical		CDA structural/type/dictionary-label metadata; exact value in trace/source
amb-map-0925	/cda:ClinicalDocument[1]/cda:component[1]/cda:structuredBody[1]/cda:component[10]/cda:section[1]/cda:entry[2]/cda:organizer[1]/cda:component[2]/cda:observation[1]/cda:entryRelationship[1]/cda:observation[1]/cda:code[1]/@code	1247	6034	mapped	Observation/ba5dc6b3-f535-5c49-ae4e-335c07375320#/code/coding/0/code	copy
amb-map-0926	/cda:ClinicalDocument[1]/cda:component[1]/cda:structuredBody[1]/cda:component[10]/cda:section[1]/cda:entry[2]/cda:organizer[1]/cda:component[2]/cda:observation[1]/cda:entryRelationship[1]/cda:observation[1]/cda:code[1]/@codeSystem	1247	1.2.643.5.1.13.13.99.2.166	mapped	Observation/ba5dc6b3-f535-5c49-ae4e-335c07375320#/code/coding/0/system	OID -> canonical RuCore URI or urn:oid
amb-map-0927	/cda:ClinicalDocument[1]/cda:component[1]/cda:structuredBody[1]/cda:component[10]/cda:section[1]/cda:entry[2]/cda:organizer[1]/cda:component[2]/cda:observation[1]/cda:entryRelationship[1]/cda:observation[1]/cda:code[1]/@codeSystemName	1247	Кодируемые поля CDA документов	technical		CDA structural/type/dictionary-label metadata; exact value in trace/source
amb-map-0928	/cda:ClinicalDocument[1]/cda:component[1]/cda:structuredBody[1]/cda:component[10]/cda:section[1]/cda:entry[2]/cda:organizer[1]/cda:component[2]/cda:observation[1]/cda:entryRelationship[1]/cda:observation[1]/cda:code[1]/@displayName	1247	Латеральность	mapped	Observation/ba5dc6b3-f535-5c49-ae4e-335c07375320#/code/coding/0/display	copy
amb-map-0929	/cda:ClinicalDocument[1]/cda:component[1]/cda:structuredBody[1]/cda:component[10]/cda:section[1]/cda:entry[2]/cda:organizer[1]/cda:component[2]/cda:observation[1]/cda:entryRelationship[1]/cda:observation[1]/cda:code[1]/@codeSystemVersion	1247	5.27	mapped	Observation/ba5dc6b3-f535-5c49-ae4e-335c07375320#/code/coding/0/version	copy
amb-map-0930	/cda:ClinicalDocument[1]/cda:component[1]/cda:structuredBody[1]/cda:component[10]/cda:section[1]/cda:entry[2]/cda:organizer[1]/cda:component[2]/cda:observation[1]/cda:entryRelationship[1]/cda:observation[1]/cda:value[1]/@xsi:type	1249	CD	technical		CDA structural/type/dictionary-label metadata; exact value in trace/source
amb-map-0931	/cda:ClinicalDocument[1]/cda:component[1]/cda:structuredBody[1]/cda:component[10]/cda:section[1]/cda:entry[2]/cda:organizer[1]/cda:component[2]/cda:observation[1]/cda:entryRelationship[1]/cda:observation[1]/cda:value[1]/@nullFlavor	1249	NA	mapped	Observation/ba5dc6b3-f535-5c49-ae4e-335c07375320#/dataAbsentReason	CDA NullFlavor -> observation dataAbsentReason
amb-map-0932	/cda:ClinicalDocument[1]/cda:component[1]/cda:structuredBody[1]/cda:component[10]/cda:section[1]/cda:entry[3]/cda:organizer[1]/@classCode	1261	CLUSTER	technical		CDA structural/type/dictionary-label metadata; exact value in trace/source
amb-map-0933	/cda:ClinicalDocument[1]/cda:component[1]/cda:structuredBody[1]/cda:component[10]/cda:section[1]/cda:entry[3]/cda:organizer[1]/@moodCode	1261	EVN	technical		CDA structural/type/dictionary-label metadata; exact value in trace/source
amb-map-0934	/cda:ClinicalDocument[1]/cda:component[1]/cda:structuredBody[1]/cda:component[10]/cda:section[1]/cda:entry[3]/cda:organizer[1]/cda:statusCode[1]/@code	1263	completed	technical		CDA organizer lifecycle has no exact Observation.status equivalent
amb-map-0935	/cda:ClinicalDocument[1]/cda:component[1]/cda:structuredBody[1]/cda:component[10]/cda:section[1]/cda:entry[3]/cda:organizer[1]/cda:effectiveTime[1]/@value	1265	202305021535+0300	mapped	Observation/df55d47f-8095-594a-96e5-0b5d6876ac09#/effectiveDateTime; Observation/3f32b1e8-6c00-53e7-bf52-32984b3a05f9#/effectiveDateTime	CDA TS -> FHIR temporal value (minute precision padded with :00)
amb-map-0936	/cda:ClinicalDocument[1]/cda:component[1]/cda:structuredBody[1]/cda:component[10]/cda:section[1]/cda:entry[3]/cda:organizer[1]/cda:component[1]/@typeCode	1268	COMP	technical		CDA structural/type/dictionary-label metadata; exact value in trace/source
amb-map-0937	/cda:ClinicalDocument[1]/cda:component[1]/cda:structuredBody[1]/cda:component[10]/cda:section[1]/cda:entry[3]/cda:organizer[1]/cda:component[1]/cda:observation[1]/@classCode	1270	OBS	technical		CDA structural/type/dictionary-label metadata; exact value in trace/source
amb-map-0938	/cda:ClinicalDocument[1]/cda:component[1]/cda:structuredBody[1]/cda:component[10]/cda:section[1]/cda:entry[3]/cda:organizer[1]/cda:component[1]/cda:observation[1]/@moodCode	1270	EVN	technical		CDA structural/type/dictionary-label metadata; exact value in trace/source
amb-map-0939	/cda:ClinicalDocument[1]/cda:component[1]/cda:structuredBody[1]/cda:component[10]/cda:section[1]/cda:entry[3]/cda:organizer[1]/cda:component[1]/cda:observation[1]/cda:id[1]/@root	1272	1.2.643.5.1.13.13.12.2.70.7232.100.1.1.52	transformed	Observation/3f32b1e8-6c00-53e7-bf52-32984b3a05f9#/id	CDA local key -> contextual deterministic resource id; original key in trace
amb-map-0940	/cda:ClinicalDocument[1]/cda:component[1]/cda:structuredBody[1]/cda:component[10]/cda:section[1]/cda:entry[3]/cda:organizer[1]/cda:component[1]/cda:observation[1]/cda:id[1]/@extension	1272	VITALPARAM3	transformed	Observation/3f32b1e8-6c00-53e7-bf52-32984b3a05f9#/id	CDA local key -> contextual deterministic resource id; original key in trace
amb-map-0941	/cda:ClinicalDocument[1]/cda:component[1]/cda:structuredBody[1]/cda:component[10]/cda:section[1]/cda:entry[3]/cda:organizer[1]/cda:component[1]/cda:observation[1]/cda:code[1]/@code	1274	10	mapped	Observation/3f32b1e8-6c00-53e7-bf52-32984b3a05f9#/code/coding/0/code	copy
amb-map-0942	/cda:ClinicalDocument[1]/cda:component[1]/cda:structuredBody[1]/cda:component[10]/cda:section[1]/cda:entry[3]/cda:organizer[1]/cda:component[1]/cda:observation[1]/cda:code[1]/@codeSystem	1274	1.2.643.5.1.13.13.99.2.262	mapped	Observation/3f32b1e8-6c00-53e7-bf52-32984b3a05f9#/code/coding/0/system	OID -> canonical RuCore URI or urn:oid
amb-map-0943	/cda:ClinicalDocument[1]/cda:component[1]/cda:structuredBody[1]/cda:component[10]/cda:section[1]/cda:entry[3]/cda:organizer[1]/cda:component[1]/cda:observation[1]/cda:code[1]/@codeSystemName	1274	Витальные параметры	technical		CDA structural/type/dictionary-label metadata; exact value in trace/source
amb-map-0944	/cda:ClinicalDocument[1]/cda:component[1]/cda:structuredBody[1]/cda:component[10]/cda:section[1]/cda:entry[3]/cda:organizer[1]/cda:component[1]/cda:observation[1]/cda:code[1]/@displayName	1274	Индекс массы тела	mapped	Observation/3f32b1e8-6c00-53e7-bf52-32984b3a05f9#/code/coding/0/display	copy
amb-map-0945	/cda:ClinicalDocument[1]/cda:component[1]/cda:structuredBody[1]/cda:component[10]/cda:section[1]/cda:entry[3]/cda:organizer[1]/cda:component[1]/cda:observation[1]/cda:code[1]/@codeSystemVersion	1274	8.4	mapped	Observation/3f32b1e8-6c00-53e7-bf52-32984b3a05f9#/code/coding/0/version	copy
amb-map-0946	/cda:ClinicalDocument[1]/cda:component[1]/cda:structuredBody[1]/cda:component[10]/cda:section[1]/cda:entry[3]/cda:organizer[1]/cda:component[1]/cda:observation[1]/cda:value[1]/@xsi:type	1276	PQ	technical		CDA structural/type/dictionary-label metadata; exact value in trace/source
amb-map-0947	/cda:ClinicalDocument[1]/cda:component[1]/cda:structuredBody[1]/cda:component[10]/cda:section[1]/cda:entry[3]/cda:organizer[1]/cda:component[1]/cda:observation[1]/cda:value[1]/@value	1276	21	mapped	Observation/3f32b1e8-6c00-53e7-bf52-32984b3a05f9#/valueQuantity/extension/0/valueQuantity/value	decimal
amb-map-0948	/cda:ClinicalDocument[1]/cda:component[1]/cda:structuredBody[1]/cda:component[10]/cda:section[1]/cda:entry[3]/cda:organizer[1]/cda:component[1]/cda:observation[1]/cda:value[1]/@unit	1276	kg/m^2	mapped	Observation/3f32b1e8-6c00-53e7-bf52-32984b3a05f9#/valueQuantity/extension/0/valueQuantity/unit	literal source unit; no silent UCUM repair
amb-map-0949	/cda:ClinicalDocument[1]/cda:component[1]/cda:structuredBody[1]/cda:component[10]/cda:section[1]/cda:entry[3]/cda:organizer[1]/cda:component[1]/cda:observation[1]/cda:value[1]/cda:translation[1]/@value	1278	21	mapped	Observation/3f32b1e8-6c00-53e7-bf52-32984b3a05f9#/valueQuantity/value	translated quantity
amb-map-0950	/cda:ClinicalDocument[1]/cda:component[1]/cda:structuredBody[1]/cda:component[10]/cda:section[1]/cda:entry[3]/cda:organizer[1]/cda:component[1]/cda:observation[1]/cda:value[1]/cda:translation[1]/@code	1278	532	mapped	Observation/3f32b1e8-6c00-53e7-bf52-32984b3a05f9#/valueQuantity/code	copy
amb-map-0951	/cda:ClinicalDocument[1]/cda:component[1]/cda:structuredBody[1]/cda:component[10]/cda:section[1]/cda:entry[3]/cda:organizer[1]/cda:component[1]/cda:observation[1]/cda:value[1]/cda:translation[1]/@displayName	1278	кг/м^2	mapped	Observation/3f32b1e8-6c00-53e7-bf52-32984b3a05f9#/valueQuantity/unit	copy
amb-map-0952	/cda:ClinicalDocument[1]/cda:component[1]/cda:structuredBody[1]/cda:component[10]/cda:section[1]/cda:entry[3]/cda:organizer[1]/cda:component[1]/cda:observation[1]/cda:value[1]/cda:translation[1]/@codeSystem	1278	1.2.643.5.1.13.13.11.1358	mapped	Observation/3f32b1e8-6c00-53e7-bf52-32984b3a05f9#/valueQuantity/system	original unit code system
amb-map-0953	/cda:ClinicalDocument[1]/cda:component[1]/cda:structuredBody[1]/cda:component[10]/cda:section[1]/cda:entry[3]/cda:organizer[1]/cda:component[1]/cda:observation[1]/cda:value[1]/cda:translation[1]/@codeSystemVersion	1278	3.23	report-only		GAP: no structured rule; source retained
amb-map-0954	/cda:ClinicalDocument[1]/cda:component[1]/cda:structuredBody[1]/cda:component[10]/cda:section[1]/cda:entry[3]/cda:organizer[1]/cda:component[1]/cda:observation[1]/cda:value[1]/cda:translation[1]/@codeSystemName	1278	Единицы измерения	technical		CDA structural/type/dictionary-label metadata; exact value in trace/source
amb-map-0955	/cda:ClinicalDocument[1]/cda:component[1]/cda:structuredBody[1]/cda:component[10]/cda:section[1]/cda:entry[3]/cda:organizer[1]/cda:component[1]/cda:observation[1]/cda:entryRelationship[1]/@typeCode	1281	COMP	transformed	Observation/3f32b1e8-6c00-53e7-bf52-32984b3a05f9#/hasMember/0	CDA COMP -> associated component observation; exact relation in trace
amb-map-0956	/cda:ClinicalDocument[1]/cda:component[1]/cda:structuredBody[1]/cda:component[10]/cda:section[1]/cda:entry[3]/cda:organizer[1]/cda:component[1]/cda:observation[1]/cda:entryRelationship[1]/cda:observation[1]/@classCode	1283	OBS	technical		CDA structural/type/dictionary-label metadata; exact value in trace/source
amb-map-0957	/cda:ClinicalDocument[1]/cda:component[1]/cda:structuredBody[1]/cda:component[10]/cda:section[1]/cda:entry[3]/cda:organizer[1]/cda:component[1]/cda:observation[1]/cda:entryRelationship[1]/cda:observation[1]/@moodCode	1283	EVN	technical		CDA structural/type/dictionary-label metadata; exact value in trace/source
amb-map-0958	/cda:ClinicalDocument[1]/cda:component[1]/cda:structuredBody[1]/cda:component[10]/cda:section[1]/cda:entry[3]/cda:organizer[1]/cda:component[1]/cda:observation[1]/cda:entryRelationship[1]/cda:observation[1]/cda:code[1]/@code	1285	6034	mapped	Observation/57af1805-bd81-536a-bbe8-8705345c04c8#/code/coding/0/code	copy
amb-map-0959	/cda:ClinicalDocument[1]/cda:component[1]/cda:structuredBody[1]/cda:component[10]/cda:section[1]/cda:entry[3]/cda:organizer[1]/cda:component[1]/cda:observation[1]/cda:entryRelationship[1]/cda:observation[1]/cda:code[1]/@codeSystem	1285	1.2.643.5.1.13.13.99.2.166	mapped	Observation/57af1805-bd81-536a-bbe8-8705345c04c8#/code/coding/0/system	OID -> canonical RuCore URI or urn:oid
amb-map-0960	/cda:ClinicalDocument[1]/cda:component[1]/cda:structuredBody[1]/cda:component[10]/cda:section[1]/cda:entry[3]/cda:organizer[1]/cda:component[1]/cda:observation[1]/cda:entryRelationship[1]/cda:observation[1]/cda:code[1]/@codeSystemName	1285	Кодируемые поля CDA документов	technical		CDA structural/type/dictionary-label metadata; exact value in trace/source
amb-map-0961	/cda:ClinicalDocument[1]/cda:component[1]/cda:structuredBody[1]/cda:component[10]/cda:section[1]/cda:entry[3]/cda:organizer[1]/cda:component[1]/cda:observation[1]/cda:entryRelationship[1]/cda:observation[1]/cda:code[1]/@displayName	1285	Латеральность	mapped	Observation/57af1805-bd81-536a-bbe8-8705345c04c8#/code/coding/0/display	copy
amb-map-0962	/cda:ClinicalDocument[1]/cda:component[1]/cda:structuredBody[1]/cda:component[10]/cda:section[1]/cda:entry[3]/cda:organizer[1]/cda:component[1]/cda:observation[1]/cda:entryRelationship[1]/cda:observation[1]/cda:code[1]/@codeSystemVersion	1285	5.27	mapped	Observation/57af1805-bd81-536a-bbe8-8705345c04c8#/code/coding/0/version	copy
amb-map-0963	/cda:ClinicalDocument[1]/cda:component[1]/cda:structuredBody[1]/cda:component[10]/cda:section[1]/cda:entry[3]/cda:organizer[1]/cda:component[1]/cda:observation[1]/cda:entryRelationship[1]/cda:observation[1]/cda:value[1]/@xsi:type	1287	CD	technical		CDA structural/type/dictionary-label metadata; exact value in trace/source
amb-map-0964	/cda:ClinicalDocument[1]/cda:component[1]/cda:structuredBody[1]/cda:component[10]/cda:section[1]/cda:entry[3]/cda:organizer[1]/cda:component[1]/cda:observation[1]/cda:entryRelationship[1]/cda:observation[1]/cda:value[1]/@nullFlavor	1287	NA	mapped	Observation/57af1805-bd81-536a-bbe8-8705345c04c8#/dataAbsentReason	CDA NullFlavor -> observation dataAbsentReason
amb-map-0965	/cda:ClinicalDocument[1]/cda:component[1]/cda:structuredBody[1]/cda:component[10]/cda:section[1]/cda:entry[4]/cda:organizer[1]/@classCode	1299	CLUSTER	technical		CDA structural/type/dictionary-label metadata; exact value in trace/source
amb-map-0966	/cda:ClinicalDocument[1]/cda:component[1]/cda:structuredBody[1]/cda:component[10]/cda:section[1]/cda:entry[4]/cda:organizer[1]/@moodCode	1299	EVN	technical		CDA structural/type/dictionary-label metadata; exact value in trace/source
amb-map-0967	/cda:ClinicalDocument[1]/cda:component[1]/cda:structuredBody[1]/cda:component[10]/cda:section[1]/cda:entry[4]/cda:organizer[1]/cda:statusCode[1]/@code	1301	completed	technical		CDA organizer lifecycle has no exact Observation.status equivalent
amb-map-0968	/cda:ClinicalDocument[1]/cda:component[1]/cda:structuredBody[1]/cda:component[10]/cda:section[1]/cda:entry[4]/cda:organizer[1]/cda:effectiveTime[1]/@value	1303	202305021535+0300	mapped	Observation/ec801d73-f05d-59ef-a63f-dce9c07946ed#/effectiveDateTime; Observation/c14319be-8461-56fe-9356-209db17df756#/effectiveDateTime	CDA TS -> FHIR temporal value (minute precision padded with :00)
amb-map-0969	/cda:ClinicalDocument[1]/cda:component[1]/cda:structuredBody[1]/cda:component[10]/cda:section[1]/cda:entry[4]/cda:organizer[1]/cda:component[1]/@typeCode	1306	COMP	technical		CDA structural/type/dictionary-label metadata; exact value in trace/source
amb-map-0970	/cda:ClinicalDocument[1]/cda:component[1]/cda:structuredBody[1]/cda:component[10]/cda:section[1]/cda:entry[4]/cda:organizer[1]/cda:component[1]/cda:observation[1]/@classCode	1308	OBS	technical		CDA structural/type/dictionary-label metadata; exact value in trace/source
amb-map-0971	/cda:ClinicalDocument[1]/cda:component[1]/cda:structuredBody[1]/cda:component[10]/cda:section[1]/cda:entry[4]/cda:organizer[1]/cda:component[1]/cda:observation[1]/@moodCode	1308	EVN	technical		CDA structural/type/dictionary-label metadata; exact value in trace/source
amb-map-0972	/cda:ClinicalDocument[1]/cda:component[1]/cda:structuredBody[1]/cda:component[10]/cda:section[1]/cda:entry[4]/cda:organizer[1]/cda:component[1]/cda:observation[1]/cda:id[1]/@root	1310	1.2.643.5.1.13.13.12.2.70.7232.100.1.1.52	transformed	Observation/c14319be-8461-56fe-9356-209db17df756#/id	CDA local key -> contextual deterministic resource id; original key in trace
amb-map-0973	/cda:ClinicalDocument[1]/cda:component[1]/cda:structuredBody[1]/cda:component[10]/cda:section[1]/cda:entry[4]/cda:organizer[1]/cda:component[1]/cda:observation[1]/cda:id[1]/@extension	1310	VITALPARAM4	transformed	Observation/c14319be-8461-56fe-9356-209db17df756#/id	CDA local key -> contextual deterministic resource id; original key in trace
amb-map-0974	/cda:ClinicalDocument[1]/cda:component[1]/cda:structuredBody[1]/cda:component[10]/cda:section[1]/cda:entry[4]/cda:organizer[1]/cda:component[1]/cda:observation[1]/cda:code[1]/@code	1312	57	mapped	Observation/c14319be-8461-56fe-9356-209db17df756#/code/coding/0/code	copy
amb-map-0975	/cda:ClinicalDocument[1]/cda:component[1]/cda:structuredBody[1]/cda:component[10]/cda:section[1]/cda:entry[4]/cda:organizer[1]/cda:component[1]/cda:observation[1]/cda:code[1]/@codeSystem	1312	1.2.643.5.1.13.13.99.2.262	mapped	Observation/c14319be-8461-56fe-9356-209db17df756#/code/coding/0/system	OID -> canonical RuCore URI or urn:oid
amb-map-0976	/cda:ClinicalDocument[1]/cda:component[1]/cda:structuredBody[1]/cda:component[10]/cda:section[1]/cda:entry[4]/cda:organizer[1]/cda:component[1]/cda:observation[1]/cda:code[1]/@codeSystemName	1312	Витальные параметры	technical		CDA structural/type/dictionary-label metadata; exact value in trace/source
amb-map-0977	/cda:ClinicalDocument[1]/cda:component[1]/cda:structuredBody[1]/cda:component[10]/cda:section[1]/cda:entry[4]/cda:organizer[1]/cda:component[1]/cda:observation[1]/cda:code[1]/@displayName	1312	Рост	mapped	Observation/c14319be-8461-56fe-9356-209db17df756#/code/coding/0/display	copy
amb-map-0978	/cda:ClinicalDocument[1]/cda:component[1]/cda:structuredBody[1]/cda:component[10]/cda:section[1]/cda:entry[4]/cda:organizer[1]/cda:component[1]/cda:observation[1]/cda:code[1]/@codeSystemVersion	1312	8.4	mapped	Observation/c14319be-8461-56fe-9356-209db17df756#/code/coding/0/version	copy
amb-map-0979	/cda:ClinicalDocument[1]/cda:component[1]/cda:structuredBody[1]/cda:component[10]/cda:section[1]/cda:entry[4]/cda:organizer[1]/cda:component[1]/cda:observation[1]/cda:value[1]/@xsi:type	1314	PQ	technical		CDA structural/type/dictionary-label metadata; exact value in trace/source
amb-map-0980	/cda:ClinicalDocument[1]/cda:component[1]/cda:structuredBody[1]/cda:component[10]/cda:section[1]/cda:entry[4]/cda:organizer[1]/cda:component[1]/cda:observation[1]/cda:value[1]/@value	1314	158	mapped	Observation/c14319be-8461-56fe-9356-209db17df756#/valueQuantity/extension/0/valueQuantity/value	decimal
amb-map-0981	/cda:ClinicalDocument[1]/cda:component[1]/cda:structuredBody[1]/cda:component[10]/cda:section[1]/cda:entry[4]/cda:organizer[1]/cda:component[1]/cda:observation[1]/cda:value[1]/@unit	1314	cm	mapped	Observation/c14319be-8461-56fe-9356-209db17df756#/valueQuantity/extension/0/valueQuantity/unit; Observation/c14319be-8461-56fe-9356-209db17df756#/valueQuantity/extension/0/valueQuantity/code	CDA PQ UCUM unit
amb-map-0982	/cda:ClinicalDocument[1]/cda:component[1]/cda:structuredBody[1]/cda:component[10]/cda:section[1]/cda:entry[4]/cda:organizer[1]/cda:component[1]/cda:observation[1]/cda:value[1]/cda:translation[1]/@value	1316	158	mapped	Observation/c14319be-8461-56fe-9356-209db17df756#/valueQuantity/value	translated quantity
amb-map-0983	/cda:ClinicalDocument[1]/cda:component[1]/cda:structuredBody[1]/cda:component[10]/cda:section[1]/cda:entry[4]/cda:organizer[1]/cda:component[1]/cda:observation[1]/cda:value[1]/cda:translation[1]/@code	1316	3	mapped	Observation/c14319be-8461-56fe-9356-209db17df756#/valueQuantity/code	copy
amb-map-0984	/cda:ClinicalDocument[1]/cda:component[1]/cda:structuredBody[1]/cda:component[10]/cda:section[1]/cda:entry[4]/cda:organizer[1]/cda:component[1]/cda:observation[1]/cda:value[1]/cda:translation[1]/@displayName	1316	см	mapped	Observation/c14319be-8461-56fe-9356-209db17df756#/valueQuantity/unit	copy
amb-map-0985	/cda:ClinicalDocument[1]/cda:component[1]/cda:structuredBody[1]/cda:component[10]/cda:section[1]/cda:entry[4]/cda:organizer[1]/cda:component[1]/cda:observation[1]/cda:value[1]/cda:translation[1]/@codeSystem	1316	1.2.643.5.1.13.13.11.1358	mapped	Observation/c14319be-8461-56fe-9356-209db17df756#/valueQuantity/system	original unit code system
amb-map-0986	/cda:ClinicalDocument[1]/cda:component[1]/cda:structuredBody[1]/cda:component[10]/cda:section[1]/cda:entry[4]/cda:organizer[1]/cda:component[1]/cda:observation[1]/cda:value[1]/cda:translation[1]/@codeSystemName	1316	Единицы измерения	technical		CDA structural/type/dictionary-label metadata; exact value in trace/source
amb-map-0987	/cda:ClinicalDocument[1]/cda:component[1]/cda:structuredBody[1]/cda:component[10]/cda:section[1]/cda:entry[4]/cda:organizer[1]/cda:component[1]/cda:observation[1]/cda:value[1]/cda:translation[1]/@codeSystemVersion	1316	3.23	report-only		GAP: no structured rule; source retained
amb-map-0988	/cda:ClinicalDocument[1]/cda:component[1]/cda:structuredBody[1]/cda:component[10]/cda:section[1]/cda:entry[4]/cda:organizer[1]/cda:component[1]/cda:observation[1]/cda:entryRelationship[1]/@typeCode	1319	COMP	transformed	Observation/c14319be-8461-56fe-9356-209db17df756#/hasMember/0	CDA COMP -> associated component observation; exact relation in trace
amb-map-0989	/cda:ClinicalDocument[1]/cda:component[1]/cda:structuredBody[1]/cda:component[10]/cda:section[1]/cda:entry[4]/cda:organizer[1]/cda:component[1]/cda:observation[1]/cda:entryRelationship[1]/cda:observation[1]/@classCode	1321	OBS	technical		CDA structural/type/dictionary-label metadata; exact value in trace/source
amb-map-0990	/cda:ClinicalDocument[1]/cda:component[1]/cda:structuredBody[1]/cda:component[10]/cda:section[1]/cda:entry[4]/cda:organizer[1]/cda:component[1]/cda:observation[1]/cda:entryRelationship[1]/cda:observation[1]/@moodCode	1321	EVN	technical		CDA structural/type/dictionary-label metadata; exact value in trace/source
amb-map-0991	/cda:ClinicalDocument[1]/cda:component[1]/cda:structuredBody[1]/cda:component[10]/cda:section[1]/cda:entry[4]/cda:organizer[1]/cda:component[1]/cda:observation[1]/cda:entryRelationship[1]/cda:observation[1]/cda:code[1]/@code	1323	6034	mapped	Observation/7313a8d1-6f52-5856-9b57-0fae7b64a279#/code/coding/0/code	copy
amb-map-0992	/cda:ClinicalDocument[1]/cda:component[1]/cda:structuredBody[1]/cda:component[10]/cda:section[1]/cda:entry[4]/cda:organizer[1]/cda:component[1]/cda:observation[1]/cda:entryRelationship[1]/cda:observation[1]/cda:code[1]/@codeSystem	1323	1.2.643.5.1.13.13.99.2.166	mapped	Observation/7313a8d1-6f52-5856-9b57-0fae7b64a279#/code/coding/0/system	OID -> canonical RuCore URI or urn:oid
amb-map-0993	/cda:ClinicalDocument[1]/cda:component[1]/cda:structuredBody[1]/cda:component[10]/cda:section[1]/cda:entry[4]/cda:organizer[1]/cda:component[1]/cda:observation[1]/cda:entryRelationship[1]/cda:observation[1]/cda:code[1]/@codeSystemName	1323	Кодируемые поля CDA документов	technical		CDA structural/type/dictionary-label metadata; exact value in trace/source
amb-map-0994	/cda:ClinicalDocument[1]/cda:component[1]/cda:structuredBody[1]/cda:component[10]/cda:section[1]/cda:entry[4]/cda:organizer[1]/cda:component[1]/cda:observation[1]/cda:entryRelationship[1]/cda:observation[1]/cda:code[1]/@displayName	1323	Латеральность	mapped	Observation/7313a8d1-6f52-5856-9b57-0fae7b64a279#/code/coding/0/display	copy
amb-map-0995	/cda:ClinicalDocument[1]/cda:component[1]/cda:structuredBody[1]/cda:component[10]/cda:section[1]/cda:entry[4]/cda:organizer[1]/cda:component[1]/cda:observation[1]/cda:entryRelationship[1]/cda:observation[1]/cda:code[1]/@codeSystemVersion	1323	5.27	mapped	Observation/7313a8d1-6f52-5856-9b57-0fae7b64a279#/code/coding/0/version	copy
amb-map-0996	/cda:ClinicalDocument[1]/cda:component[1]/cda:structuredBody[1]/cda:component[10]/cda:section[1]/cda:entry[4]/cda:organizer[1]/cda:component[1]/cda:observation[1]/cda:entryRelationship[1]/cda:observation[1]/cda:value[1]/@xsi:type	1325	CD	technical		CDA structural/type/dictionary-label metadata; exact value in trace/source
amb-map-0997	/cda:ClinicalDocument[1]/cda:component[1]/cda:structuredBody[1]/cda:component[10]/cda:section[1]/cda:entry[4]/cda:organizer[1]/cda:component[1]/cda:observation[1]/cda:entryRelationship[1]/cda:observation[1]/cda:value[1]/@nullFlavor	1325	NA	mapped	Observation/7313a8d1-6f52-5856-9b57-0fae7b64a279#/dataAbsentReason	CDA NullFlavor -> observation dataAbsentReason
amb-map-0998	/cda:ClinicalDocument[1]/cda:component[1]/cda:structuredBody[1]/cda:component[10]/cda:section[1]/cda:entry[5]/cda:organizer[1]/@classCode	1337	CLUSTER	technical		CDA structural/type/dictionary-label metadata; exact value in trace/source
amb-map-0999	/cda:ClinicalDocument[1]/cda:component[1]/cda:structuredBody[1]/cda:component[10]/cda:section[1]/cda:entry[5]/cda:organizer[1]/@moodCode	1337	EVN	technical		CDA structural/type/dictionary-label metadata; exact value in trace/source
amb-map-1000	/cda:ClinicalDocument[1]/cda:component[1]/cda:structuredBody[1]/cda:component[10]/cda:section[1]/cda:entry[5]/cda:organizer[1]/cda:statusCode[1]/@code	1339	completed	technical		CDA organizer lifecycle has no exact Observation.status equivalent
amb-map-1001	/cda:ClinicalDocument[1]/cda:component[1]/cda:structuredBody[1]/cda:component[10]/cda:section[1]/cda:entry[5]/cda:organizer[1]/cda:effectiveTime[1]/@value	1341	202305021535+0300	mapped	Observation/f3d7e324-db15-5654-8727-972fdac97a9f#/effectiveDateTime; Observation/a5da3a95-171e-5dd6-b725-a7bd83f39f97#/effectiveDateTime	CDA TS -> FHIR temporal value (minute precision padded with :00)
amb-map-1002	/cda:ClinicalDocument[1]/cda:component[1]/cda:structuredBody[1]/cda:component[10]/cda:section[1]/cda:entry[5]/cda:organizer[1]/cda:component[1]/@typeCode	1344	COMP	technical		CDA structural/type/dictionary-label metadata; exact value in trace/source
amb-map-1003	/cda:ClinicalDocument[1]/cda:component[1]/cda:structuredBody[1]/cda:component[10]/cda:section[1]/cda:entry[5]/cda:organizer[1]/cda:component[1]/cda:observation[1]/@classCode	1346	OBS	technical		CDA structural/type/dictionary-label metadata; exact value in trace/source
amb-map-1004	/cda:ClinicalDocument[1]/cda:component[1]/cda:structuredBody[1]/cda:component[10]/cda:section[1]/cda:entry[5]/cda:organizer[1]/cda:component[1]/cda:observation[1]/@moodCode	1346	EVN	technical		CDA structural/type/dictionary-label metadata; exact value in trace/source
amb-map-1005	/cda:ClinicalDocument[1]/cda:component[1]/cda:structuredBody[1]/cda:component[10]/cda:section[1]/cda:entry[5]/cda:organizer[1]/cda:component[1]/cda:observation[1]/cda:id[1]/@root	1348	1.2.643.5.1.13.13.12.2.70.7232.100.1.1.52	transformed	Observation/a5da3a95-171e-5dd6-b725-a7bd83f39f97#/id	CDA local key -> contextual deterministic resource id; original key in trace
amb-map-1006	/cda:ClinicalDocument[1]/cda:component[1]/cda:structuredBody[1]/cda:component[10]/cda:section[1]/cda:entry[5]/cda:organizer[1]/cda:component[1]/cda:observation[1]/cda:id[1]/@extension	1348	VITALPARAM5	transformed	Observation/a5da3a95-171e-5dd6-b725-a7bd83f39f97#/id	CDA local key -> contextual deterministic resource id; original key in trace
amb-map-1007	/cda:ClinicalDocument[1]/cda:component[1]/cda:structuredBody[1]/cda:component[10]/cda:section[1]/cda:entry[5]/cda:organizer[1]/cda:component[1]/cda:observation[1]/cda:code[1]/@code	1350	50	mapped	Observation/a5da3a95-171e-5dd6-b725-a7bd83f39f97#/code/coding/0/code	copy
amb-map-1008	/cda:ClinicalDocument[1]/cda:component[1]/cda:structuredBody[1]/cda:component[10]/cda:section[1]/cda:entry[5]/cda:organizer[1]/cda:component[1]/cda:observation[1]/cda:code[1]/@codeSystem	1350	1.2.643.5.1.13.13.99.2.262	mapped	Observation/a5da3a95-171e-5dd6-b725-a7bd83f39f97#/code/coding/0/system	OID -> canonical RuCore URI or urn:oid
amb-map-1009	/cda:ClinicalDocument[1]/cda:component[1]/cda:structuredBody[1]/cda:component[10]/cda:section[1]/cda:entry[5]/cda:organizer[1]/cda:component[1]/cda:observation[1]/cda:code[1]/@codeSystemName	1350	Витальные параметры	technical		CDA structural/type/dictionary-label metadata; exact value in trace/source
amb-map-1010	/cda:ClinicalDocument[1]/cda:component[1]/cda:structuredBody[1]/cda:component[10]/cda:section[1]/cda:entry[5]/cda:organizer[1]/cda:component[1]/cda:observation[1]/cda:code[1]/@displayName	1350	Масса тела	mapped	Observation/a5da3a95-171e-5dd6-b725-a7bd83f39f97#/code/coding/0/display	copy
amb-map-1011	/cda:ClinicalDocument[1]/cda:component[1]/cda:structuredBody[1]/cda:component[10]/cda:section[1]/cda:entry[5]/cda:organizer[1]/cda:component[1]/cda:observation[1]/cda:code[1]/@codeSystemVersion	1350	8.4	mapped	Observation/a5da3a95-171e-5dd6-b725-a7bd83f39f97#/code/coding/0/version	copy
amb-map-1012	/cda:ClinicalDocument[1]/cda:component[1]/cda:structuredBody[1]/cda:component[10]/cda:section[1]/cda:entry[5]/cda:organizer[1]/cda:component[1]/cda:observation[1]/cda:value[1]/@xsi:type	1352	PQ	technical		CDA structural/type/dictionary-label metadata; exact value in trace/source
amb-map-1013	/cda:ClinicalDocument[1]/cda:component[1]/cda:structuredBody[1]/cda:component[10]/cda:section[1]/cda:entry[5]/cda:organizer[1]/cda:component[1]/cda:observation[1]/cda:value[1]/@value	1352	53	mapped	Observation/a5da3a95-171e-5dd6-b725-a7bd83f39f97#/valueQuantity/extension/0/valueQuantity/value	decimal
amb-map-1014	/cda:ClinicalDocument[1]/cda:component[1]/cda:structuredBody[1]/cda:component[10]/cda:section[1]/cda:entry[5]/cda:organizer[1]/cda:component[1]/cda:observation[1]/cda:value[1]/@unit	1352	kg	mapped	Observation/a5da3a95-171e-5dd6-b725-a7bd83f39f97#/valueQuantity/extension/0/valueQuantity/unit; Observation/a5da3a95-171e-5dd6-b725-a7bd83f39f97#/valueQuantity/extension/0/valueQuantity/code	CDA PQ UCUM unit
amb-map-1015	/cda:ClinicalDocument[1]/cda:component[1]/cda:structuredBody[1]/cda:component[10]/cda:section[1]/cda:entry[5]/cda:organizer[1]/cda:component[1]/cda:observation[1]/cda:value[1]/cda:translation[1]/@value	1354	53	mapped	Observation/a5da3a95-171e-5dd6-b725-a7bd83f39f97#/valueQuantity/value	translated quantity
amb-map-1016	/cda:ClinicalDocument[1]/cda:component[1]/cda:structuredBody[1]/cda:component[10]/cda:section[1]/cda:entry[5]/cda:organizer[1]/cda:component[1]/cda:observation[1]/cda:value[1]/cda:translation[1]/@code	1354	9	mapped	Observation/a5da3a95-171e-5dd6-b725-a7bd83f39f97#/valueQuantity/code	copy
amb-map-1017	/cda:ClinicalDocument[1]/cda:component[1]/cda:structuredBody[1]/cda:component[10]/cda:section[1]/cda:entry[5]/cda:organizer[1]/cda:component[1]/cda:observation[1]/cda:value[1]/cda:translation[1]/@displayName	1354	кг	mapped	Observation/a5da3a95-171e-5dd6-b725-a7bd83f39f97#/valueQuantity/unit	copy
amb-map-1018	/cda:ClinicalDocument[1]/cda:component[1]/cda:structuredBody[1]/cda:component[10]/cda:section[1]/cda:entry[5]/cda:organizer[1]/cda:component[1]/cda:observation[1]/cda:value[1]/cda:translation[1]/@codeSystem	1354	1.2.643.5.1.13.13.11.1358	mapped	Observation/a5da3a95-171e-5dd6-b725-a7bd83f39f97#/valueQuantity/system	original unit code system
amb-map-1019	/cda:ClinicalDocument[1]/cda:component[1]/cda:structuredBody[1]/cda:component[10]/cda:section[1]/cda:entry[5]/cda:organizer[1]/cda:component[1]/cda:observation[1]/cda:value[1]/cda:translation[1]/@codeSystemName	1354	Единицы измерения	technical		CDA structural/type/dictionary-label metadata; exact value in trace/source
amb-map-1020	/cda:ClinicalDocument[1]/cda:component[1]/cda:structuredBody[1]/cda:component[10]/cda:section[1]/cda:entry[5]/cda:organizer[1]/cda:component[1]/cda:observation[1]/cda:value[1]/cda:translation[1]/@codeSystemVersion	1354	3.23	report-only		GAP: no structured rule; source retained
amb-map-1021	/cda:ClinicalDocument[1]/cda:component[1]/cda:structuredBody[1]/cda:component[10]/cda:section[1]/cda:entry[5]/cda:organizer[1]/cda:component[1]/cda:observation[1]/cda:entryRelationship[1]/@typeCode	1357	COMP	transformed	Observation/a5da3a95-171e-5dd6-b725-a7bd83f39f97#/hasMember/0	CDA COMP -> associated component observation; exact relation in trace
amb-map-1022	/cda:ClinicalDocument[1]/cda:component[1]/cda:structuredBody[1]/cda:component[10]/cda:section[1]/cda:entry[5]/cda:organizer[1]/cda:component[1]/cda:observation[1]/cda:entryRelationship[1]/cda:observation[1]/@classCode	1359	OBS	technical		CDA structural/type/dictionary-label metadata; exact value in trace/source
amb-map-1023	/cda:ClinicalDocument[1]/cda:component[1]/cda:structuredBody[1]/cda:component[10]/cda:section[1]/cda:entry[5]/cda:organizer[1]/cda:component[1]/cda:observation[1]/cda:entryRelationship[1]/cda:observation[1]/@moodCode	1359	EVN	technical		CDA structural/type/dictionary-label metadata; exact value in trace/source
amb-map-1024	/cda:ClinicalDocument[1]/cda:component[1]/cda:structuredBody[1]/cda:component[10]/cda:section[1]/cda:entry[5]/cda:organizer[1]/cda:component[1]/cda:observation[1]/cda:entryRelationship[1]/cda:observation[1]/cda:code[1]/@code	1361	6034	mapped	Observation/a17dfebe-d230-5207-9284-427332c0913c#/code/coding/0/code	copy
amb-map-1025	/cda:ClinicalDocument[1]/cda:component[1]/cda:structuredBody[1]/cda:component[10]/cda:section[1]/cda:entry[5]/cda:organizer[1]/cda:component[1]/cda:observation[1]/cda:entryRelationship[1]/cda:observation[1]/cda:code[1]/@codeSystem	1361	1.2.643.5.1.13.13.99.2.166	mapped	Observation/a17dfebe-d230-5207-9284-427332c0913c#/code/coding/0/system	OID -> canonical RuCore URI or urn:oid
amb-map-1026	/cda:ClinicalDocument[1]/cda:component[1]/cda:structuredBody[1]/cda:component[10]/cda:section[1]/cda:entry[5]/cda:organizer[1]/cda:component[1]/cda:observation[1]/cda:entryRelationship[1]/cda:observation[1]/cda:code[1]/@codeSystemName	1361	Кодируемые поля CDA документов	technical		CDA structural/type/dictionary-label metadata; exact value in trace/source
amb-map-1027	/cda:ClinicalDocument[1]/cda:component[1]/cda:structuredBody[1]/cda:component[10]/cda:section[1]/cda:entry[5]/cda:organizer[1]/cda:component[1]/cda:observation[1]/cda:entryRelationship[1]/cda:observation[1]/cda:code[1]/@displayName	1361	Латеральность	mapped	Observation/a17dfebe-d230-5207-9284-427332c0913c#/code/coding/0/display	copy
amb-map-1028	/cda:ClinicalDocument[1]/cda:component[1]/cda:structuredBody[1]/cda:component[10]/cda:section[1]/cda:entry[5]/cda:organizer[1]/cda:component[1]/cda:observation[1]/cda:entryRelationship[1]/cda:observation[1]/cda:code[1]/@codeSystemVersion	1361	5.27	mapped	Observation/a17dfebe-d230-5207-9284-427332c0913c#/code/coding/0/version	copy
amb-map-1029	/cda:ClinicalDocument[1]/cda:component[1]/cda:structuredBody[1]/cda:component[10]/cda:section[1]/cda:entry[5]/cda:organizer[1]/cda:component[1]/cda:observation[1]/cda:entryRelationship[1]/cda:observation[1]/cda:value[1]/@xsi:type	1363	CD	technical		CDA structural/type/dictionary-label metadata; exact value in trace/source
amb-map-1030	/cda:ClinicalDocument[1]/cda:component[1]/cda:structuredBody[1]/cda:component[10]/cda:section[1]/cda:entry[5]/cda:organizer[1]/cda:component[1]/cda:observation[1]/cda:entryRelationship[1]/cda:observation[1]/cda:value[1]/@nullFlavor	1363	NA	mapped	Observation/a17dfebe-d230-5207-9284-427332c0913c#/dataAbsentReason	CDA NullFlavor -> observation dataAbsentReason
amb-map-1031	/cda:ClinicalDocument[1]/cda:component[1]/cda:structuredBody[1]/cda:component[11]/cda:section[1]/cda:code[1]/@code	1379	SCORES	mapped	Composition/202d52a8-af92-5ef3-9a7e-d83305a85264#/section/10/code/coding/0/code	copy
amb-map-1032	/cda:ClinicalDocument[1]/cda:component[1]/cda:structuredBody[1]/cda:component[11]/cda:section[1]/cda:code[1]/@codeSystem	1379	1.2.643.5.1.13.13.99.2.197	mapped	Composition/202d52a8-af92-5ef3-9a7e-d83305a85264#/section/10/code/coding/0/system	OID -> canonical RuCore URI or urn:oid
amb-map-1033	/cda:ClinicalDocument[1]/cda:component[1]/cda:structuredBody[1]/cda:component[11]/cda:section[1]/cda:code[1]/@codeSystemName	1379	Секции электронных медицинских документов	technical		CDA structural/type/dictionary-label metadata; exact value in trace/source
amb-map-1034	/cda:ClinicalDocument[1]/cda:component[1]/cda:structuredBody[1]/cda:component[11]/cda:section[1]/cda:code[1]/@displayName	1379	Объективизированная оценка состояния пациента	mapped	Composition/202d52a8-af92-5ef3-9a7e-d83305a85264#/section/10/code/coding/0/display	copy
amb-map-1035	/cda:ClinicalDocument[1]/cda:component[1]/cda:structuredBody[1]/cda:component[11]/cda:section[1]/cda:code[1]/@codeSystemVersion	1379	4.20	mapped	Composition/202d52a8-af92-5ef3-9a7e-d83305a85264#/section/10/code/coding/0/version	copy
amb-map-1036	/cda:ClinicalDocument[1]/cda:component[1]/cda:structuredBody[1]/cda:component[11]/cda:section[1]/cda:title[1]/text()	1381	Сведения о результатах расчета прогностических шкал	mapped	Composition/202d52a8-af92-5ef3-9a7e-d83305a85264#/section/10/title	copy
amb-map-1037	/cda:ClinicalDocument[1]/cda:component[1]/cda:structuredBody[1]/cda:component[11]/cda:section[1]/cda:entry[1]/cda:observation[1]/@classCode	1385	OBS	technical		CDA structural/type/dictionary-label metadata; exact value in trace/source
amb-map-1038	/cda:ClinicalDocument[1]/cda:component[1]/cda:structuredBody[1]/cda:component[11]/cda:section[1]/cda:entry[1]/cda:observation[1]/@moodCode	1385	EVN	technical		CDA structural/type/dictionary-label metadata; exact value in trace/source
amb-map-1039	/cda:ClinicalDocument[1]/cda:component[1]/cda:structuredBody[1]/cda:component[11]/cda:section[1]/cda:entry[1]/cda:observation[1]/cda:code[1]/@codeSystem	1387	1.2.643.5.1.13.13.11.1514	mapped	Observation/a215061a-a666-5c74-9140-6b9e3b585986#/code/coding/0/system	OID -> canonical RuCore URI or urn:oid
amb-map-1040	/cda:ClinicalDocument[1]/cda:component[1]/cda:structuredBody[1]/cda:component[11]/cda:section[1]/cda:entry[1]/cda:observation[1]/cda:code[1]/@codeSystemName	1387	Перечень клинических шкал и опросников	technical		CDA structural/type/dictionary-label metadata; exact value in trace/source
amb-map-1041	/cda:ClinicalDocument[1]/cda:component[1]/cda:structuredBody[1]/cda:component[11]/cda:section[1]/cda:entry[1]/cda:observation[1]/cda:code[1]/@code	1387	19	mapped	Observation/a215061a-a666-5c74-9140-6b9e3b585986#/code/coding/0/code	copy
amb-map-1042	/cda:ClinicalDocument[1]/cda:component[1]/cda:structuredBody[1]/cda:component[11]/cda:section[1]/cda:entry[1]/cda:observation[1]/cda:code[1]/@displayName	1387	Шкала оценки риска смерти от сердечно-сосудистых заболеваний в ближайшие 10 лет жизни (Systematic Coronary Risk Evaluation, SCORE)	mapped	Observation/a215061a-a666-5c74-9140-6b9e3b585986#/code/coding/0/display	copy
amb-map-1043	/cda:ClinicalDocument[1]/cda:component[1]/cda:structuredBody[1]/cda:component[11]/cda:section[1]/cda:entry[1]/cda:observation[1]/cda:code[1]/@codeSystemVersion	1387	4.12	mapped	Observation/a215061a-a666-5c74-9140-6b9e3b585986#/code/coding/0/version	copy
amb-map-1044	/cda:ClinicalDocument[1]/cda:component[1]/cda:structuredBody[1]/cda:component[11]/cda:section[1]/cda:entry[1]/cda:observation[1]/cda:effectiveTime[1]/@value	1389	202305021530+0300	mapped	Observation/a215061a-a666-5c74-9140-6b9e3b585986#/effectiveDateTime	CDA TS -> FHIR temporal value (minute precision padded with :00)
amb-map-1045	/cda:ClinicalDocument[1]/cda:component[1]/cda:structuredBody[1]/cda:component[11]/cda:section[1]/cda:entry[1]/cda:observation[1]/cda:value[1]/@xsi:type	1391	PQ	technical		CDA structural/type/dictionary-label metadata; exact value in trace/source
amb-map-1046	/cda:ClinicalDocument[1]/cda:component[1]/cda:structuredBody[1]/cda:component[11]/cda:section[1]/cda:entry[1]/cda:observation[1]/cda:value[1]/@value	1391	11.14	mapped	Observation/a215061a-a666-5c74-9140-6b9e3b585986#/valueQuantity/extension/0/valueQuantity/value	decimal
amb-map-1047	/cda:ClinicalDocument[1]/cda:component[1]/cda:structuredBody[1]/cda:component[11]/cda:section[1]/cda:entry[1]/cda:observation[1]/cda:value[1]/@unit	1391	%	mapped	Observation/a215061a-a666-5c74-9140-6b9e3b585986#/valueQuantity/extension/0/valueQuantity/unit; Observation/a215061a-a666-5c74-9140-6b9e3b585986#/valueQuantity/extension/0/valueQuantity/code	CDA PQ UCUM unit
amb-map-1048	/cda:ClinicalDocument[1]/cda:component[1]/cda:structuredBody[1]/cda:component[11]/cda:section[1]/cda:entry[1]/cda:observation[1]/cda:value[1]/cda:translation[1]/@codeSystem	1393	1.2.643.5.1.13.13.11.1358	mapped	Observation/a215061a-a666-5c74-9140-6b9e3b585986#/valueQuantity/system	original unit code system
amb-map-1049	/cda:ClinicalDocument[1]/cda:component[1]/cda:structuredBody[1]/cda:component[11]/cda:section[1]/cda:entry[1]/cda:observation[1]/cda:value[1]/cda:translation[1]/@codeSystemName	1393	Единицы измерения	technical		CDA structural/type/dictionary-label metadata; exact value in trace/source
amb-map-1050	/cda:ClinicalDocument[1]/cda:component[1]/cda:structuredBody[1]/cda:component[11]/cda:section[1]/cda:entry[1]/cda:observation[1]/cda:value[1]/cda:translation[1]/@value	1393	11.14	mapped	Observation/a215061a-a666-5c74-9140-6b9e3b585986#/valueQuantity/value	translated quantity
amb-map-1051	/cda:ClinicalDocument[1]/cda:component[1]/cda:structuredBody[1]/cda:component[11]/cda:section[1]/cda:entry[1]/cda:observation[1]/cda:value[1]/cda:translation[1]/@code	1393	53	mapped	Observation/a215061a-a666-5c74-9140-6b9e3b585986#/valueQuantity/code	copy
amb-map-1052	/cda:ClinicalDocument[1]/cda:component[1]/cda:structuredBody[1]/cda:component[11]/cda:section[1]/cda:entry[1]/cda:observation[1]/cda:value[1]/cda:translation[1]/@codeSystemVersion	1393	3.23	report-only		GAP: no structured rule; source retained
amb-map-1053	/cda:ClinicalDocument[1]/cda:component[1]/cda:structuredBody[1]/cda:component[11]/cda:section[1]/cda:entry[1]/cda:observation[1]/cda:value[1]/cda:translation[1]/@displayName	1393	%	mapped	Observation/a215061a-a666-5c74-9140-6b9e3b585986#/valueQuantity/unit	copy
amb-map-1054	/cda:ClinicalDocument[1]/cda:component[1]/cda:structuredBody[1]/cda:component[11]/cda:section[1]/cda:entry[1]/cda:observation[1]/cda:performer[1]/cda:assignedEntity[1]/cda:id[1]/@root	1400	1.2.643.5.1.13.13.12.2.77.7831.100.1.1.70	mapped	PractitionerRole/6232e0c5-5f65-5792-bc70-4dc6aafdcdf1#/identifier/0/system	OID namespace -> URI
amb-map-1055	/cda:ClinicalDocument[1]/cda:component[1]/cda:structuredBody[1]/cda:component[11]/cda:section[1]/cda:entry[1]/cda:observation[1]/cda:performer[1]/cda:assignedEntity[1]/cda:id[1]/@extension	1400	542174	mapped	PractitionerRole/6232e0c5-5f65-5792-bc70-4dc6aafdcdf1#/identifier/0/value	copy
amb-map-1056	/cda:ClinicalDocument[1]/cda:component[1]/cda:structuredBody[1]/cda:component[11]/cda:section[1]/cda:entry[1]/cda:observation[1]/cda:performer[1]/cda:assignedEntity[1]/cda:code[1]/@code	1402	34	mapped	PractitionerRole/6232e0c5-5f65-5792-bc70-4dc6aafdcdf1#/code/0/coding/0/code; PractitionerRole/6232e0c5-5f65-5792-bc70-4dc6aafdcdf1#/code/0/coding/1/code	retain original NSI coding alongside canonical RuCore coding
amb-map-1057	/cda:ClinicalDocument[1]/cda:component[1]/cda:structuredBody[1]/cda:component[11]/cda:section[1]/cda:entry[1]/cda:observation[1]/cda:performer[1]/cda:assignedEntity[1]/cda:code[1]/@codeSystem	1402	1.2.643.5.1.13.13.11.1002	mapped	PractitionerRole/6232e0c5-5f65-5792-bc70-4dc6aafdcdf1#/code/0/coding/0/system; PractitionerRole/6232e0c5-5f65-5792-bc70-4dc6aafdcdf1#/code/0/coding/1/system	retain original NSI coding alongside canonical RuCore coding
amb-map-1058	/cda:ClinicalDocument[1]/cda:component[1]/cda:structuredBody[1]/cda:component[11]/cda:section[1]/cda:entry[1]/cda:observation[1]/cda:performer[1]/cda:assignedEntity[1]/cda:code[1]/@codeSystemName	1402	Должности медицинских и фармацевтических работников	technical		CDA structural/type/dictionary-label metadata; exact value in trace/source
amb-map-1059	/cda:ClinicalDocument[1]/cda:component[1]/cda:structuredBody[1]/cda:component[11]/cda:section[1]/cda:entry[1]/cda:observation[1]/cda:performer[1]/cda:assignedEntity[1]/cda:code[1]/@displayName	1402	Врач-кардиолог	mapped	PractitionerRole/6232e0c5-5f65-5792-bc70-4dc6aafdcdf1#/code/0/coding/0/display; PractitionerRole/6232e0c5-5f65-5792-bc70-4dc6aafdcdf1#/code/0/coding/1/display	retain original NSI coding alongside canonical RuCore coding
amb-map-1060	/cda:ClinicalDocument[1]/cda:component[1]/cda:structuredBody[1]/cda:component[11]/cda:section[1]/cda:entry[1]/cda:observation[1]/cda:performer[1]/cda:assignedEntity[1]/cda:code[1]/@codeSystemVersion	1402	9.3	mapped	PractitionerRole/6232e0c5-5f65-5792-bc70-4dc6aafdcdf1#/code/0/coding/1/version	NSI edition belongs to source OID coding
amb-map-1061	/cda:ClinicalDocument[1]/cda:component[1]/cda:structuredBody[1]/cda:component[11]/cda:section[1]/cda:entry[1]/cda:observation[1]/cda:performer[1]/cda:assignedEntity[1]/cda:telecom[1]/@value	1404	mailto:smirrova@mail.ru	mapped	PractitionerRole/6232e0c5-5f65-5792-bc70-4dc6aafdcdf1#/contact/0/telecom/0/value; PractitionerRole/6232e0c5-5f65-5792-bc70-4dc6aafdcdf1#/contact/0/telecom/0/system	URI scheme -> ContactPoint.system
amb-map-1062	/cda:ClinicalDocument[1]/cda:component[1]/cda:structuredBody[1]/cda:component[11]/cda:section[1]/cda:entry[1]/cda:observation[1]/cda:performer[1]/cda:assignedEntity[1]/cda:assignedPerson[1]/cda:name[1]/cda:family[1]/text()	1410	Смирнов	mapped	Practitioner/2a0e6637-bafd-50b6-910e-48257d63abd4#/name/0/family	copy
amb-map-1063	/cda:ClinicalDocument[1]/cda:component[1]/cda:structuredBody[1]/cda:component[11]/cda:section[1]/cda:entry[1]/cda:observation[1]/cda:performer[1]/cda:assignedEntity[1]/cda:assignedPerson[1]/cda:name[1]/cda:given[1]/text()	1412	Александр	mapped	Practitioner/2a0e6637-bafd-50b6-910e-48257d63abd4#/name/0/given/0	copy
amb-map-1064	/cda:ClinicalDocument[1]/cda:component[1]/cda:structuredBody[1]/cda:component[11]/cda:section[1]/cda:entry[1]/cda:observation[1]/cda:performer[1]/cda:assignedEntity[1]/cda:assignedPerson[1]/cda:name[1]/identity:Patronymic[1]/text()	1414	Игоревич	mapped	Practitioner/2a0e6637-bafd-50b6-910e-48257d63abd4#/name/0/given/1	copy
amb-map-1065	/cda:ClinicalDocument[1]/cda:component[1]/cda:structuredBody[1]/cda:component[11]/cda:section[1]/cda:entry[1]/cda:observation[1]/cda:entryRelationship[1]/@typeCode	1420	COMP	transformed	Observation/a215061a-a666-5c74-9140-6b9e3b585986#/hasMember/0	CDA COMP -> associated component observation; exact relation in trace
amb-map-1066	/cda:ClinicalDocument[1]/cda:component[1]/cda:structuredBody[1]/cda:component[11]/cda:section[1]/cda:entry[1]/cda:observation[1]/cda:entryRelationship[1]/cda:observation[1]/@classCode	1422	OBS	technical		CDA structural/type/dictionary-label metadata; exact value in trace/source
amb-map-1067	/cda:ClinicalDocument[1]/cda:component[1]/cda:structuredBody[1]/cda:component[11]/cda:section[1]/cda:entry[1]/cda:observation[1]/cda:entryRelationship[1]/cda:observation[1]/@moodCode	1422	EVN	technical		CDA structural/type/dictionary-label metadata; exact value in trace/source
amb-map-1068	/cda:ClinicalDocument[1]/cda:component[1]/cda:structuredBody[1]/cda:component[11]/cda:section[1]/cda:entry[1]/cda:observation[1]/cda:entryRelationship[1]/cda:observation[1]/cda:id[1]/@root	1424	1.2.643.5.1.13.13.12.2.77.7831.100.1.1.52	transformed	Observation/482e3b9c-4990-5c4a-9c23-476ba5e6565f#/id	CDA local key -> contextual deterministic resource id; original key in trace
amb-map-1069	/cda:ClinicalDocument[1]/cda:component[1]/cda:structuredBody[1]/cda:component[11]/cda:section[1]/cda:entry[1]/cda:observation[1]/cda:entryRelationship[1]/cda:observation[1]/cda:id[1]/@extension	1424	SCORES2-1	transformed	Observation/482e3b9c-4990-5c4a-9c23-476ba5e6565f#/id	CDA local key -> contextual deterministic resource id; original key in trace
amb-map-1070	/cda:ClinicalDocument[1]/cda:component[1]/cda:structuredBody[1]/cda:component[11]/cda:section[1]/cda:entry[1]/cda:observation[1]/cda:entryRelationship[1]/cda:observation[1]/cda:code[1]/@code	1426	8020	mapped	Observation/482e3b9c-4990-5c4a-9c23-476ba5e6565f#/code/coding/0/code	copy
amb-map-1071	/cda:ClinicalDocument[1]/cda:component[1]/cda:structuredBody[1]/cda:component[11]/cda:section[1]/cda:entry[1]/cda:observation[1]/cda:entryRelationship[1]/cda:observation[1]/cda:code[1]/@codeSystem	1426	1.2.643.5.1.13.13.99.2.166	mapped	Observation/482e3b9c-4990-5c4a-9c23-476ba5e6565f#/code/coding/0/system	OID -> canonical RuCore URI or urn:oid
amb-map-1072	/cda:ClinicalDocument[1]/cda:component[1]/cda:structuredBody[1]/cda:component[11]/cda:section[1]/cda:entry[1]/cda:observation[1]/cda:entryRelationship[1]/cda:observation[1]/cda:code[1]/@codeSystemName	1426	Кодируемые поля CDA документов	technical		CDA structural/type/dictionary-label metadata; exact value in trace/source
amb-map-1073	/cda:ClinicalDocument[1]/cda:component[1]/cda:structuredBody[1]/cda:component[11]/cda:section[1]/cda:entry[1]/cda:observation[1]/cda:entryRelationship[1]/cda:observation[1]/cda:code[1]/@displayName	1426	Параметры клинической шкалы и опросников	mapped	Observation/482e3b9c-4990-5c4a-9c23-476ba5e6565f#/code/coding/0/display	copy
amb-map-1074	/cda:ClinicalDocument[1]/cda:component[1]/cda:structuredBody[1]/cda:component[11]/cda:section[1]/cda:entry[1]/cda:observation[1]/cda:entryRelationship[1]/cda:observation[1]/cda:code[1]/@codeSystemVersion	1426	5.27	mapped	Observation/482e3b9c-4990-5c4a-9c23-476ba5e6565f#/code/coding/0/version	copy
amb-map-1075	/cda:ClinicalDocument[1]/cda:component[1]/cda:structuredBody[1]/cda:component[11]/cda:section[1]/cda:entry[1]/cda:observation[1]/cda:entryRelationship[1]/cda:observation[1]/cda:effectiveTime[1]/@value	1428	202305021530+0300	mapped	Observation/482e3b9c-4990-5c4a-9c23-476ba5e6565f#/effectiveDateTime	CDA TS -> FHIR temporal value (minute precision padded with :00)
amb-map-1076	/cda:ClinicalDocument[1]/cda:component[1]/cda:structuredBody[1]/cda:component[11]/cda:section[1]/cda:entry[1]/cda:observation[1]/cda:entryRelationship[1]/cda:observation[1]/cda:value[1]/@xsi:type	1430	CD	technical		CDA structural/type/dictionary-label metadata; exact value in trace/source
amb-map-1077	/cda:ClinicalDocument[1]/cda:component[1]/cda:structuredBody[1]/cda:component[11]/cda:section[1]/cda:entry[1]/cda:observation[1]/cda:entryRelationship[1]/cda:observation[1]/cda:value[1]/@codeSystem	1430	1.2.643.5.1.13.13.11.1515	mapped	Observation/482e3b9c-4990-5c4a-9c23-476ba5e6565f#/valueCodeableConcept/coding/0/system	OID -> canonical RuCore URI or urn:oid
amb-map-1078	/cda:ClinicalDocument[1]/cda:component[1]/cda:structuredBody[1]/cda:component[11]/cda:section[1]/cda:entry[1]/cda:observation[1]/cda:entryRelationship[1]/cda:observation[1]/cda:value[1]/@codeSystemName	1430	Параметры клинических шкал и опросников	technical		CDA structural/type/dictionary-label metadata; exact value in trace/source
amb-map-1079	/cda:ClinicalDocument[1]/cda:component[1]/cda:structuredBody[1]/cda:component[11]/cda:section[1]/cda:entry[1]/cda:observation[1]/cda:entryRelationship[1]/cda:observation[1]/cda:value[1]/@code	1430	19101	mapped	Observation/482e3b9c-4990-5c4a-9c23-476ba5e6565f#/valueCodeableConcept/coding/0/code	copy
amb-map-1080	/cda:ClinicalDocument[1]/cda:component[1]/cda:structuredBody[1]/cda:component[11]/cda:section[1]/cda:entry[1]/cda:observation[1]/cda:entryRelationship[1]/cda:observation[1]/cda:value[1]/@codeSystemVersion	1430	5.9	mapped	Observation/482e3b9c-4990-5c4a-9c23-476ba5e6565f#/valueCodeableConcept/coding/0/version	copy
amb-map-1081	/cda:ClinicalDocument[1]/cda:component[1]/cda:structuredBody[1]/cda:component[11]/cda:section[1]/cda:entry[1]/cda:observation[1]/cda:entryRelationship[1]/cda:observation[1]/cda:value[1]/@displayName	1430	Мужской	mapped	Observation/482e3b9c-4990-5c4a-9c23-476ba5e6565f#/valueCodeableConcept/coding/0/display	copy
amb-map-1082	/cda:ClinicalDocument[1]/cda:component[1]/cda:structuredBody[1]/cda:component[11]/cda:section[1]/cda:entry[1]/cda:observation[1]/cda:entryRelationship[2]/@typeCode	1434	COMP	transformed	Observation/a215061a-a666-5c74-9140-6b9e3b585986#/hasMember/1	CDA COMP -> associated component observation; exact relation in trace
amb-map-1083	/cda:ClinicalDocument[1]/cda:component[1]/cda:structuredBody[1]/cda:component[11]/cda:section[1]/cda:entry[1]/cda:observation[1]/cda:entryRelationship[2]/cda:observation[1]/@classCode	1436	OBS	technical		CDA structural/type/dictionary-label metadata; exact value in trace/source
amb-map-1084	/cda:ClinicalDocument[1]/cda:component[1]/cda:structuredBody[1]/cda:component[11]/cda:section[1]/cda:entry[1]/cda:observation[1]/cda:entryRelationship[2]/cda:observation[1]/@moodCode	1436	EVN	technical		CDA structural/type/dictionary-label metadata; exact value in trace/source
amb-map-1085	/cda:ClinicalDocument[1]/cda:component[1]/cda:structuredBody[1]/cda:component[11]/cda:section[1]/cda:entry[1]/cda:observation[1]/cda:entryRelationship[2]/cda:observation[1]/cda:id[1]/@root	1438	1.2.643.5.1.13.13.12.2.77.7831.100.1.1.52	transformed	Observation/8ededf46-737f-529b-a720-a0bb61e63335#/id	CDA local key -> contextual deterministic resource id; original key in trace
amb-map-1086	/cda:ClinicalDocument[1]/cda:component[1]/cda:structuredBody[1]/cda:component[11]/cda:section[1]/cda:entry[1]/cda:observation[1]/cda:entryRelationship[2]/cda:observation[1]/cda:id[1]/@extension	1438	SCORES2-2	transformed	Observation/8ededf46-737f-529b-a720-a0bb61e63335#/id	CDA local key -> contextual deterministic resource id; original key in trace
amb-map-1087	/cda:ClinicalDocument[1]/cda:component[1]/cda:structuredBody[1]/cda:component[11]/cda:section[1]/cda:entry[1]/cda:observation[1]/cda:entryRelationship[2]/cda:observation[1]/cda:code[1]/@code	1440	8020	mapped	Observation/8ededf46-737f-529b-a720-a0bb61e63335#/code/coding/0/code	copy
amb-map-1088	/cda:ClinicalDocument[1]/cda:component[1]/cda:structuredBody[1]/cda:component[11]/cda:section[1]/cda:entry[1]/cda:observation[1]/cda:entryRelationship[2]/cda:observation[1]/cda:code[1]/@codeSystem	1440	1.2.643.5.1.13.13.99.2.166	mapped	Observation/8ededf46-737f-529b-a720-a0bb61e63335#/code/coding/0/system	OID -> canonical RuCore URI or urn:oid
amb-map-1089	/cda:ClinicalDocument[1]/cda:component[1]/cda:structuredBody[1]/cda:component[11]/cda:section[1]/cda:entry[1]/cda:observation[1]/cda:entryRelationship[2]/cda:observation[1]/cda:code[1]/@codeSystemName	1440	Кодируемые поля CDA документов	technical		CDA structural/type/dictionary-label metadata; exact value in trace/source
amb-map-1090	/cda:ClinicalDocument[1]/cda:component[1]/cda:structuredBody[1]/cda:component[11]/cda:section[1]/cda:entry[1]/cda:observation[1]/cda:entryRelationship[2]/cda:observation[1]/cda:code[1]/@displayName	1440	Параметры клинической шкалы и опросников	mapped	Observation/8ededf46-737f-529b-a720-a0bb61e63335#/code/coding/0/display	copy
amb-map-1091	/cda:ClinicalDocument[1]/cda:component[1]/cda:structuredBody[1]/cda:component[11]/cda:section[1]/cda:entry[1]/cda:observation[1]/cda:entryRelationship[2]/cda:observation[1]/cda:code[1]/@codeSystemVersion	1440	5.27	mapped	Observation/8ededf46-737f-529b-a720-a0bb61e63335#/code/coding/0/version	copy
amb-map-1092	/cda:ClinicalDocument[1]/cda:component[1]/cda:structuredBody[1]/cda:component[11]/cda:section[1]/cda:entry[1]/cda:observation[1]/cda:entryRelationship[2]/cda:observation[1]/cda:effectiveTime[1]/@value	1442	202305021530+0300	mapped	Observation/8ededf46-737f-529b-a720-a0bb61e63335#/effectiveDateTime	CDA TS -> FHIR temporal value (minute precision padded with :00)
amb-map-1093	/cda:ClinicalDocument[1]/cda:component[1]/cda:structuredBody[1]/cda:component[11]/cda:section[1]/cda:entry[1]/cda:observation[1]/cda:entryRelationship[2]/cda:observation[1]/cda:value[1]/@xsi:type	1444	CD	technical		CDA structural/type/dictionary-label metadata; exact value in trace/source
amb-map-1094	/cda:ClinicalDocument[1]/cda:component[1]/cda:structuredBody[1]/cda:component[11]/cda:section[1]/cda:entry[1]/cda:observation[1]/cda:entryRelationship[2]/cda:observation[1]/cda:value[1]/@codeSystem	1444	1.2.643.5.1.13.13.11.1515	mapped	Observation/8ededf46-737f-529b-a720-a0bb61e63335#/valueCodeableConcept/coding/0/system	OID -> canonical RuCore URI or urn:oid
amb-map-1095	/cda:ClinicalDocument[1]/cda:component[1]/cda:structuredBody[1]/cda:component[11]/cda:section[1]/cda:entry[1]/cda:observation[1]/cda:entryRelationship[2]/cda:observation[1]/cda:value[1]/@codeSystemName	1444	Параметры клинических шкал и опросников	technical		CDA structural/type/dictionary-label metadata; exact value in trace/source
amb-map-1096	/cda:ClinicalDocument[1]/cda:component[1]/cda:structuredBody[1]/cda:component[11]/cda:section[1]/cda:entry[1]/cda:observation[1]/cda:entryRelationship[2]/cda:observation[1]/cda:value[1]/@code	1444	19205	mapped	Observation/8ededf46-737f-529b-a720-a0bb61e63335#/valueCodeableConcept/coding/0/code	copy
amb-map-1097	/cda:ClinicalDocument[1]/cda:component[1]/cda:structuredBody[1]/cda:component[11]/cda:section[1]/cda:entry[1]/cda:observation[1]/cda:entryRelationship[2]/cda:observation[1]/cda:value[1]/@codeSystemVersion	1444	5.9	mapped	Observation/8ededf46-737f-529b-a720-a0bb61e63335#/valueCodeableConcept/coding/0/version	copy
amb-map-1098	/cda:ClinicalDocument[1]/cda:component[1]/cda:structuredBody[1]/cda:component[11]/cda:section[1]/cda:entry[1]/cda:observation[1]/cda:entryRelationship[2]/cda:observation[1]/cda:value[1]/@displayName	1444	65	mapped	Observation/8ededf46-737f-529b-a720-a0bb61e63335#/valueCodeableConcept/coding/0/display	copy
amb-map-1099	/cda:ClinicalDocument[1]/cda:component[1]/cda:structuredBody[1]/cda:component[11]/cda:section[1]/cda:entry[1]/cda:observation[1]/cda:entryRelationship[3]/@typeCode	1448	COMP	transformed	Observation/a215061a-a666-5c74-9140-6b9e3b585986#/hasMember/2	CDA COMP -> associated component observation; exact relation in trace
amb-map-1100	/cda:ClinicalDocument[1]/cda:component[1]/cda:structuredBody[1]/cda:component[11]/cda:section[1]/cda:entry[1]/cda:observation[1]/cda:entryRelationship[3]/cda:observation[1]/@classCode	1450	OBS	technical		CDA structural/type/dictionary-label metadata; exact value in trace/source
amb-map-1101	/cda:ClinicalDocument[1]/cda:component[1]/cda:structuredBody[1]/cda:component[11]/cda:section[1]/cda:entry[1]/cda:observation[1]/cda:entryRelationship[3]/cda:observation[1]/@moodCode	1450	EVN	technical		CDA structural/type/dictionary-label metadata; exact value in trace/source
amb-map-1102	/cda:ClinicalDocument[1]/cda:component[1]/cda:structuredBody[1]/cda:component[11]/cda:section[1]/cda:entry[1]/cda:observation[1]/cda:entryRelationship[3]/cda:observation[1]/cda:id[1]/@root	1452	1.2.643.5.1.13.13.12.2.77.7831.100.1.1.52	transformed	Observation/68465b45-2814-5edc-9048-df043ebea17d#/id	CDA local key -> contextual deterministic resource id; original key in trace
amb-map-1103	/cda:ClinicalDocument[1]/cda:component[1]/cda:structuredBody[1]/cda:component[11]/cda:section[1]/cda:entry[1]/cda:observation[1]/cda:entryRelationship[3]/cda:observation[1]/cda:id[1]/@extension	1452	VITALPARAM1	transformed	Observation/68465b45-2814-5edc-9048-df043ebea17d#/id	CDA local key -> contextual deterministic resource id; original key in trace
amb-map-1104	/cda:ClinicalDocument[1]/cda:component[1]/cda:structuredBody[1]/cda:component[11]/cda:section[1]/cda:entry[1]/cda:observation[1]/cda:entryRelationship[3]/cda:observation[1]/cda:code[1]/@code	1454	8020	mapped	Observation/68465b45-2814-5edc-9048-df043ebea17d#/code/coding/0/code	copy
amb-map-1105	/cda:ClinicalDocument[1]/cda:component[1]/cda:structuredBody[1]/cda:component[11]/cda:section[1]/cda:entry[1]/cda:observation[1]/cda:entryRelationship[3]/cda:observation[1]/cda:code[1]/@codeSystem	1454	1.2.643.5.1.13.13.99.2.166	mapped	Observation/68465b45-2814-5edc-9048-df043ebea17d#/code/coding/0/system	OID -> canonical RuCore URI or urn:oid
amb-map-1106	/cda:ClinicalDocument[1]/cda:component[1]/cda:structuredBody[1]/cda:component[11]/cda:section[1]/cda:entry[1]/cda:observation[1]/cda:entryRelationship[3]/cda:observation[1]/cda:code[1]/@codeSystemName	1454	Кодируемые поля CDA документов	technical		CDA structural/type/dictionary-label metadata; exact value in trace/source
amb-map-1107	/cda:ClinicalDocument[1]/cda:component[1]/cda:structuredBody[1]/cda:component[11]/cda:section[1]/cda:entry[1]/cda:observation[1]/cda:entryRelationship[3]/cda:observation[1]/cda:code[1]/@displayName	1454	Параметры клинической шкалы и опросников	mapped	Observation/68465b45-2814-5edc-9048-df043ebea17d#/code/coding/0/display	copy
amb-map-1108	/cda:ClinicalDocument[1]/cda:component[1]/cda:structuredBody[1]/cda:component[11]/cda:section[1]/cda:entry[1]/cda:observation[1]/cda:entryRelationship[3]/cda:observation[1]/cda:code[1]/@codeSystemVersion	1454	5.27	mapped	Observation/68465b45-2814-5edc-9048-df043ebea17d#/code/coding/0/version	copy
amb-map-1109	/cda:ClinicalDocument[1]/cda:component[1]/cda:structuredBody[1]/cda:component[11]/cda:section[1]/cda:entry[1]/cda:observation[1]/cda:entryRelationship[3]/cda:observation[1]/cda:effectiveTime[1]/@value	1456	202301201430+0700	mapped	Observation/68465b45-2814-5edc-9048-df043ebea17d#/effectiveDateTime	CDA TS -> FHIR temporal value (minute precision padded with :00)
amb-map-1110	/cda:ClinicalDocument[1]/cda:component[1]/cda:structuredBody[1]/cda:component[11]/cda:section[1]/cda:entry[1]/cda:observation[1]/cda:entryRelationship[3]/cda:observation[1]/cda:value[1]/@xsi:type	1458	CD	technical		CDA structural/type/dictionary-label metadata; exact value in trace/source
amb-map-1111	/cda:ClinicalDocument[1]/cda:component[1]/cda:structuredBody[1]/cda:component[11]/cda:section[1]/cda:entry[1]/cda:observation[1]/cda:entryRelationship[3]/cda:observation[1]/cda:value[1]/@codeSystem	1458	1.2.643.5.1.13.13.11.1515	mapped	Observation/68465b45-2814-5edc-9048-df043ebea17d#/valueCodeableConcept/coding/0/system	OID -> canonical RuCore URI or urn:oid
amb-map-1112	/cda:ClinicalDocument[1]/cda:component[1]/cda:structuredBody[1]/cda:component[11]/cda:section[1]/cda:entry[1]/cda:observation[1]/cda:entryRelationship[3]/cda:observation[1]/cda:value[1]/@codeSystemName	1458	Параметры клинических шкал и опросников	technical		CDA structural/type/dictionary-label metadata; exact value in trace/source
amb-map-1113	/cda:ClinicalDocument[1]/cda:component[1]/cda:structuredBody[1]/cda:component[11]/cda:section[1]/cda:entry[1]/cda:observation[1]/cda:entryRelationship[3]/cda:observation[1]/cda:value[1]/@code	1458	19302	mapped	Observation/68465b45-2814-5edc-9048-df043ebea17d#/valueCodeableConcept/coding/0/code	copy
amb-map-1114	/cda:ClinicalDocument[1]/cda:component[1]/cda:structuredBody[1]/cda:component[11]/cda:section[1]/cda:entry[1]/cda:observation[1]/cda:entryRelationship[3]/cda:observation[1]/cda:value[1]/@codeSystemVersion	1458	5.9	mapped	Observation/68465b45-2814-5edc-9048-df043ebea17d#/valueCodeableConcept/coding/0/version	copy
amb-map-1115	/cda:ClinicalDocument[1]/cda:component[1]/cda:structuredBody[1]/cda:component[11]/cda:section[1]/cda:entry[1]/cda:observation[1]/cda:entryRelationship[3]/cda:observation[1]/cda:value[1]/@displayName	1458	140	mapped	Observation/68465b45-2814-5edc-9048-df043ebea17d#/valueCodeableConcept/coding/0/display	copy
amb-map-1116	/cda:ClinicalDocument[1]/cda:component[1]/cda:structuredBody[1]/cda:component[11]/cda:section[1]/cda:entry[1]/cda:observation[1]/cda:entryRelationship[4]/@typeCode	1462	COMP	transformed	Observation/a215061a-a666-5c74-9140-6b9e3b585986#/hasMember/3	CDA COMP -> associated component observation; exact relation in trace
amb-map-1117	/cda:ClinicalDocument[1]/cda:component[1]/cda:structuredBody[1]/cda:component[11]/cda:section[1]/cda:entry[1]/cda:observation[1]/cda:entryRelationship[4]/cda:observation[1]/@classCode	1464	OBS	technical		CDA structural/type/dictionary-label metadata; exact value in trace/source
amb-map-1118	/cda:ClinicalDocument[1]/cda:component[1]/cda:structuredBody[1]/cda:component[11]/cda:section[1]/cda:entry[1]/cda:observation[1]/cda:entryRelationship[4]/cda:observation[1]/@moodCode	1464	EVN	technical		CDA structural/type/dictionary-label metadata; exact value in trace/source
amb-map-1119	/cda:ClinicalDocument[1]/cda:component[1]/cda:structuredBody[1]/cda:component[11]/cda:section[1]/cda:entry[1]/cda:observation[1]/cda:entryRelationship[4]/cda:observation[1]/cda:id[1]/@root	1466	1.2.643.5.1.13.13.12.2.77.7831.100.1.1.52	transformed	Observation/171ebcb6-7e52-54e6-91b3-f0aba724a0ef#/id	CDA local key -> contextual deterministic resource id; original key in trace
amb-map-1120	/cda:ClinicalDocument[1]/cda:component[1]/cda:structuredBody[1]/cda:component[11]/cda:section[1]/cda:entry[1]/cda:observation[1]/cda:entryRelationship[4]/cda:observation[1]/cda:id[1]/@extension	1466	SCORES2-3	transformed	Observation/171ebcb6-7e52-54e6-91b3-f0aba724a0ef#/id	CDA local key -> contextual deterministic resource id; original key in trace
amb-map-1121	/cda:ClinicalDocument[1]/cda:component[1]/cda:structuredBody[1]/cda:component[11]/cda:section[1]/cda:entry[1]/cda:observation[1]/cda:entryRelationship[4]/cda:observation[1]/cda:code[1]/@code	1468	8020	mapped	Observation/171ebcb6-7e52-54e6-91b3-f0aba724a0ef#/code/coding/0/code	copy
amb-map-1122	/cda:ClinicalDocument[1]/cda:component[1]/cda:structuredBody[1]/cda:component[11]/cda:section[1]/cda:entry[1]/cda:observation[1]/cda:entryRelationship[4]/cda:observation[1]/cda:code[1]/@codeSystem	1468	1.2.643.5.1.13.13.99.2.166	mapped	Observation/171ebcb6-7e52-54e6-91b3-f0aba724a0ef#/code/coding/0/system	OID -> canonical RuCore URI or urn:oid
amb-map-1123	/cda:ClinicalDocument[1]/cda:component[1]/cda:structuredBody[1]/cda:component[11]/cda:section[1]/cda:entry[1]/cda:observation[1]/cda:entryRelationship[4]/cda:observation[1]/cda:code[1]/@codeSystemName	1468	Кодируемые поля CDA документов	technical		CDA structural/type/dictionary-label metadata; exact value in trace/source
amb-map-1124	/cda:ClinicalDocument[1]/cda:component[1]/cda:structuredBody[1]/cda:component[11]/cda:section[1]/cda:entry[1]/cda:observation[1]/cda:entryRelationship[4]/cda:observation[1]/cda:code[1]/@displayName	1468	Параметры клинической шкалы и опросников	mapped	Observation/171ebcb6-7e52-54e6-91b3-f0aba724a0ef#/code/coding/0/display	copy
amb-map-1125	/cda:ClinicalDocument[1]/cda:component[1]/cda:structuredBody[1]/cda:component[11]/cda:section[1]/cda:entry[1]/cda:observation[1]/cda:entryRelationship[4]/cda:observation[1]/cda:code[1]/@codeSystemVersion	1468	5.27	mapped	Observation/171ebcb6-7e52-54e6-91b3-f0aba724a0ef#/code/coding/0/version	copy
amb-map-1126	/cda:ClinicalDocument[1]/cda:component[1]/cda:structuredBody[1]/cda:component[11]/cda:section[1]/cda:entry[1]/cda:observation[1]/cda:entryRelationship[4]/cda:observation[1]/cda:effectiveTime[1]/@value	1470	202305021530+0300	mapped	Observation/171ebcb6-7e52-54e6-91b3-f0aba724a0ef#/effectiveDateTime	CDA TS -> FHIR temporal value (minute precision padded with :00)
amb-map-1127	/cda:ClinicalDocument[1]/cda:component[1]/cda:structuredBody[1]/cda:component[11]/cda:section[1]/cda:entry[1]/cda:observation[1]/cda:entryRelationship[4]/cda:observation[1]/cda:value[1]/@xsi:type	1472	CD	technical		CDA structural/type/dictionary-label metadata; exact value in trace/source
amb-map-1128	/cda:ClinicalDocument[1]/cda:component[1]/cda:structuredBody[1]/cda:component[11]/cda:section[1]/cda:entry[1]/cda:observation[1]/cda:entryRelationship[4]/cda:observation[1]/cda:value[1]/@codeSystem	1472	1.2.643.5.1.13.13.11.1515	mapped	Observation/171ebcb6-7e52-54e6-91b3-f0aba724a0ef#/valueCodeableConcept/coding/0/system	OID -> canonical RuCore URI or urn:oid
amb-map-1129	/cda:ClinicalDocument[1]/cda:component[1]/cda:structuredBody[1]/cda:component[11]/cda:section[1]/cda:entry[1]/cda:observation[1]/cda:entryRelationship[4]/cda:observation[1]/cda:value[1]/@codeSystemName	1472	Параметры клинических шкал и опросников	technical		CDA structural/type/dictionary-label metadata; exact value in trace/source
amb-map-1130	/cda:ClinicalDocument[1]/cda:component[1]/cda:structuredBody[1]/cda:component[11]/cda:section[1]/cda:entry[1]/cda:observation[1]/cda:entryRelationship[4]/cda:observation[1]/cda:value[1]/@code	1472	19404	mapped	Observation/171ebcb6-7e52-54e6-91b3-f0aba724a0ef#/valueCodeableConcept/coding/0/code	copy
amb-map-1131	/cda:ClinicalDocument[1]/cda:component[1]/cda:structuredBody[1]/cda:component[11]/cda:section[1]/cda:entry[1]/cda:observation[1]/cda:entryRelationship[4]/cda:observation[1]/cda:value[1]/@codeSystemVersion	1472	5.9	mapped	Observation/171ebcb6-7e52-54e6-91b3-f0aba724a0ef#/valueCodeableConcept/coding/0/version	copy
amb-map-1132	/cda:ClinicalDocument[1]/cda:component[1]/cda:structuredBody[1]/cda:component[11]/cda:section[1]/cda:entry[1]/cda:observation[1]/cda:entryRelationship[4]/cda:observation[1]/cda:value[1]/@displayName	1472	7	mapped	Observation/171ebcb6-7e52-54e6-91b3-f0aba724a0ef#/valueCodeableConcept/coding/0/display	copy
amb-map-1133	/cda:ClinicalDocument[1]/cda:component[1]/cda:structuredBody[1]/cda:component[11]/cda:section[1]/cda:entry[1]/cda:observation[1]/cda:entryRelationship[5]/@typeCode	1476	COMP	transformed	Observation/a215061a-a666-5c74-9140-6b9e3b585986#/hasMember/4	CDA COMP -> associated component observation; exact relation in trace
amb-map-1134	/cda:ClinicalDocument[1]/cda:component[1]/cda:structuredBody[1]/cda:component[11]/cda:section[1]/cda:entry[1]/cda:observation[1]/cda:entryRelationship[5]/cda:observation[1]/@classCode	1478	OBS	technical		CDA structural/type/dictionary-label metadata; exact value in trace/source
amb-map-1135	/cda:ClinicalDocument[1]/cda:component[1]/cda:structuredBody[1]/cda:component[11]/cda:section[1]/cda:entry[1]/cda:observation[1]/cda:entryRelationship[5]/cda:observation[1]/@moodCode	1478	EVN	technical		CDA structural/type/dictionary-label metadata; exact value in trace/source
amb-map-1136	/cda:ClinicalDocument[1]/cda:component[1]/cda:structuredBody[1]/cda:component[11]/cda:section[1]/cda:entry[1]/cda:observation[1]/cda:entryRelationship[5]/cda:observation[1]/cda:id[1]/@root	1480	1.2.643.5.1.13.13.12.2.77.7831.100.1.1.52	transformed	Observation/58de5951-113b-5fcc-945d-f461845aba76#/id	CDA local key -> contextual deterministic resource id; original key in trace
amb-map-1137	/cda:ClinicalDocument[1]/cda:component[1]/cda:structuredBody[1]/cda:component[11]/cda:section[1]/cda:entry[1]/cda:observation[1]/cda:entryRelationship[5]/cda:observation[1]/cda:id[1]/@extension	1480	SCORES2-4	transformed	Observation/58de5951-113b-5fcc-945d-f461845aba76#/id	CDA local key -> contextual deterministic resource id; original key in trace
amb-map-1138	/cda:ClinicalDocument[1]/cda:component[1]/cda:structuredBody[1]/cda:component[11]/cda:section[1]/cda:entry[1]/cda:observation[1]/cda:entryRelationship[5]/cda:observation[1]/cda:code[1]/@code	1482	8020	mapped	Observation/58de5951-113b-5fcc-945d-f461845aba76#/code/coding/0/code	copy
amb-map-1139	/cda:ClinicalDocument[1]/cda:component[1]/cda:structuredBody[1]/cda:component[11]/cda:section[1]/cda:entry[1]/cda:observation[1]/cda:entryRelationship[5]/cda:observation[1]/cda:code[1]/@codeSystem	1482	1.2.643.5.1.13.13.99.2.166	mapped	Observation/58de5951-113b-5fcc-945d-f461845aba76#/code/coding/0/system	OID -> canonical RuCore URI or urn:oid
amb-map-1140	/cda:ClinicalDocument[1]/cda:component[1]/cda:structuredBody[1]/cda:component[11]/cda:section[1]/cda:entry[1]/cda:observation[1]/cda:entryRelationship[5]/cda:observation[1]/cda:code[1]/@codeSystemName	1482	Кодируемые поля CDA документов	technical		CDA structural/type/dictionary-label metadata; exact value in trace/source
amb-map-1141	/cda:ClinicalDocument[1]/cda:component[1]/cda:structuredBody[1]/cda:component[11]/cda:section[1]/cda:entry[1]/cda:observation[1]/cda:entryRelationship[5]/cda:observation[1]/cda:code[1]/@displayName	1482	Параметры клинической шкалы и опросников	mapped	Observation/58de5951-113b-5fcc-945d-f461845aba76#/code/coding/0/display	copy
amb-map-1142	/cda:ClinicalDocument[1]/cda:component[1]/cda:structuredBody[1]/cda:component[11]/cda:section[1]/cda:entry[1]/cda:observation[1]/cda:entryRelationship[5]/cda:observation[1]/cda:code[1]/@codeSystemVersion	1482	5.27	mapped	Observation/58de5951-113b-5fcc-945d-f461845aba76#/code/coding/0/version	copy
amb-map-1143	/cda:ClinicalDocument[1]/cda:component[1]/cda:structuredBody[1]/cda:component[11]/cda:section[1]/cda:entry[1]/cda:observation[1]/cda:entryRelationship[5]/cda:observation[1]/cda:effectiveTime[1]/@value	1484	202305021530+0300	mapped	Observation/58de5951-113b-5fcc-945d-f461845aba76#/effectiveDateTime	CDA TS -> FHIR temporal value (minute precision padded with :00)
amb-map-1144	/cda:ClinicalDocument[1]/cda:component[1]/cda:structuredBody[1]/cda:component[11]/cda:section[1]/cda:entry[1]/cda:observation[1]/cda:entryRelationship[5]/cda:observation[1]/cda:value[1]/@xsi:type	1486	CD	technical		CDA structural/type/dictionary-label metadata; exact value in trace/source
amb-map-1145	/cda:ClinicalDocument[1]/cda:component[1]/cda:structuredBody[1]/cda:component[11]/cda:section[1]/cda:entry[1]/cda:observation[1]/cda:entryRelationship[5]/cda:observation[1]/cda:value[1]/@codeSystem	1486	1.2.643.5.1.13.13.11.1515	mapped	Observation/58de5951-113b-5fcc-945d-f461845aba76#/valueCodeableConcept/coding/0/system	OID -> canonical RuCore URI or urn:oid
amb-map-1146	/cda:ClinicalDocument[1]/cda:component[1]/cda:structuredBody[1]/cda:component[11]/cda:section[1]/cda:entry[1]/cda:observation[1]/cda:entryRelationship[5]/cda:observation[1]/cda:value[1]/@codeSystemName	1486	Параметры клинических шкал и опросников	technical		CDA structural/type/dictionary-label metadata; exact value in trace/source
amb-map-1147	/cda:ClinicalDocument[1]/cda:component[1]/cda:structuredBody[1]/cda:component[11]/cda:section[1]/cda:entry[1]/cda:observation[1]/cda:entryRelationship[5]/cda:observation[1]/cda:value[1]/@code	1486	19501	mapped	Observation/58de5951-113b-5fcc-945d-f461845aba76#/valueCodeableConcept/coding/0/code	copy
amb-map-1148	/cda:ClinicalDocument[1]/cda:component[1]/cda:structuredBody[1]/cda:component[11]/cda:section[1]/cda:entry[1]/cda:observation[1]/cda:entryRelationship[5]/cda:observation[1]/cda:value[1]/@codeSystemVersion	1486	5.9	mapped	Observation/58de5951-113b-5fcc-945d-f461845aba76#/valueCodeableConcept/coding/0/version	copy
amb-map-1149	/cda:ClinicalDocument[1]/cda:component[1]/cda:structuredBody[1]/cda:component[11]/cda:section[1]/cda:entry[1]/cda:observation[1]/cda:entryRelationship[5]/cda:observation[1]/cda:value[1]/@displayName	1486	Некурящие	mapped	Observation/58de5951-113b-5fcc-945d-f461845aba76#/valueCodeableConcept/coding/0/display	copy
amb-map-1150	/cda:ClinicalDocument[1]/cda:component[1]/cda:structuredBody[1]/cda:component[11]/cda:section[1]/cda:entry[1]/cda:observation[1]/cda:entryRelationship[6]/@typeCode	1490	COMP	transformed	Observation/a215061a-a666-5c74-9140-6b9e3b585986#/hasMember/5	CDA COMP -> associated component observation; exact relation in trace
amb-map-1151	/cda:ClinicalDocument[1]/cda:component[1]/cda:structuredBody[1]/cda:component[11]/cda:section[1]/cda:entry[1]/cda:observation[1]/cda:entryRelationship[6]/cda:observation[1]/@classCode	1492	OBS	technical		CDA structural/type/dictionary-label metadata; exact value in trace/source
amb-map-1152	/cda:ClinicalDocument[1]/cda:component[1]/cda:structuredBody[1]/cda:component[11]/cda:section[1]/cda:entry[1]/cda:observation[1]/cda:entryRelationship[6]/cda:observation[1]/@moodCode	1492	EVN	technical		CDA structural/type/dictionary-label metadata; exact value in trace/source
amb-map-1153	/cda:ClinicalDocument[1]/cda:component[1]/cda:structuredBody[1]/cda:component[11]/cda:section[1]/cda:entry[1]/cda:observation[1]/cda:entryRelationship[6]/cda:observation[1]/cda:code[1]/@code	1494	8019	mapped	Observation/c53785f8-2bec-56e2-8977-3bf90a50d22f#/code/coding/0/code	copy
amb-map-1154	/cda:ClinicalDocument[1]/cda:component[1]/cda:structuredBody[1]/cda:component[11]/cda:section[1]/cda:entry[1]/cda:observation[1]/cda:entryRelationship[6]/cda:observation[1]/cda:code[1]/@codeSystem	1494	1.2.643.5.1.13.13.99.2.166	mapped	Observation/c53785f8-2bec-56e2-8977-3bf90a50d22f#/code/coding/0/system	OID -> canonical RuCore URI or urn:oid
amb-map-1155	/cda:ClinicalDocument[1]/cda:component[1]/cda:structuredBody[1]/cda:component[11]/cda:section[1]/cda:entry[1]/cda:observation[1]/cda:entryRelationship[6]/cda:observation[1]/cda:code[1]/@codeSystemName	1494	Кодируемые поля CDA документов	technical		CDA structural/type/dictionary-label metadata; exact value in trace/source
amb-map-1156	/cda:ClinicalDocument[1]/cda:component[1]/cda:structuredBody[1]/cda:component[11]/cda:section[1]/cda:entry[1]/cda:observation[1]/cda:entryRelationship[6]/cda:observation[1]/cda:code[1]/@displayName	1494	Интерпретация результатов расчета клинической шкалы или опросника	mapped	Observation/c53785f8-2bec-56e2-8977-3bf90a50d22f#/code/coding/0/display	copy
amb-map-1157	/cda:ClinicalDocument[1]/cda:component[1]/cda:structuredBody[1]/cda:component[11]/cda:section[1]/cda:entry[1]/cda:observation[1]/cda:entryRelationship[6]/cda:observation[1]/cda:code[1]/@codeSystemVersion	1494	5.27	mapped	Observation/c53785f8-2bec-56e2-8977-3bf90a50d22f#/code/coding/0/version	copy
amb-map-1158	/cda:ClinicalDocument[1]/cda:component[1]/cda:structuredBody[1]/cda:component[11]/cda:section[1]/cda:entry[1]/cda:observation[1]/cda:entryRelationship[6]/cda:observation[1]/cda:value[1]/@xsi:type	1497	CD	technical		CDA structural/type/dictionary-label metadata; exact value in trace/source
amb-map-1159	/cda:ClinicalDocument[1]/cda:component[1]/cda:structuredBody[1]/cda:component[11]/cda:section[1]/cda:entry[1]/cda:observation[1]/cda:entryRelationship[6]/cda:observation[1]/cda:value[1]/@codeSystem	1497	1.2.643.5.1.13.13.11.1516	mapped	Observation/c53785f8-2bec-56e2-8977-3bf90a50d22f#/valueCodeableConcept/coding/0/system	OID -> canonical RuCore URI or urn:oid
amb-map-1160	/cda:ClinicalDocument[1]/cda:component[1]/cda:structuredBody[1]/cda:component[11]/cda:section[1]/cda:entry[1]/cda:observation[1]/cda:entryRelationship[6]/cda:observation[1]/cda:value[1]/@codeSystemName	1497	Интерпретация результатов оценки по клиническим шкалам и опросникам	technical		CDA structural/type/dictionary-label metadata; exact value in trace/source
amb-map-1161	/cda:ClinicalDocument[1]/cda:component[1]/cda:structuredBody[1]/cda:component[11]/cda:section[1]/cda:entry[1]/cda:observation[1]/cda:entryRelationship[6]/cda:observation[1]/cda:value[1]/@code	1497	803	mapped	Observation/c53785f8-2bec-56e2-8977-3bf90a50d22f#/valueCodeableConcept/coding/0/code	copy
amb-map-1162	/cda:ClinicalDocument[1]/cda:component[1]/cda:structuredBody[1]/cda:component[11]/cda:section[1]/cda:entry[1]/cda:observation[1]/cda:entryRelationship[6]/cda:observation[1]/cda:value[1]/@codeSystemVersion	1497	5.5	mapped	Observation/c53785f8-2bec-56e2-8977-3bf90a50d22f#/valueCodeableConcept/coding/0/version	copy
amb-map-1163	/cda:ClinicalDocument[1]/cda:component[1]/cda:structuredBody[1]/cda:component[11]/cda:section[1]/cda:entry[1]/cda:observation[1]/cda:entryRelationship[6]/cda:observation[1]/cda:value[1]/@displayName	1497	Высокий риск	mapped	Observation/c53785f8-2bec-56e2-8977-3bf90a50d22f#/valueCodeableConcept/coding/0/display	copy
amb-map-1164	/cda:ClinicalDocument[1]/cda:component[1]/cda:structuredBody[1]/cda:component[12]/cda:section[1]/cda:code[1]/@code	1509	DGN	mapped	Composition/202d52a8-af92-5ef3-9a7e-d83305a85264#/section/11/code/coding/0/code	copy
amb-map-1165	/cda:ClinicalDocument[1]/cda:component[1]/cda:structuredBody[1]/cda:component[12]/cda:section[1]/cda:code[1]/@codeSystem	1509	1.2.643.5.1.13.13.99.2.197	mapped	Composition/202d52a8-af92-5ef3-9a7e-d83305a85264#/section/11/code/coding/0/system	OID -> canonical RuCore URI or urn:oid
amb-map-1166	/cda:ClinicalDocument[1]/cda:component[1]/cda:structuredBody[1]/cda:component[12]/cda:section[1]/cda:code[1]/@codeSystemName	1509	Секции электронных медицинских документов	technical		CDA structural/type/dictionary-label metadata; exact value in trace/source
amb-map-1167	/cda:ClinicalDocument[1]/cda:component[1]/cda:structuredBody[1]/cda:component[12]/cda:section[1]/cda:code[1]/@displayName	1509	Диагнозы	mapped	Composition/202d52a8-af92-5ef3-9a7e-d83305a85264#/section/11/code/coding/0/display	copy
amb-map-1168	/cda:ClinicalDocument[1]/cda:component[1]/cda:structuredBody[1]/cda:component[12]/cda:section[1]/cda:code[1]/@codeSystemVersion	1509	4.20	mapped	Composition/202d52a8-af92-5ef3-9a7e-d83305a85264#/section/11/code/coding/0/version	copy
amb-map-1169	/cda:ClinicalDocument[1]/cda:component[1]/cda:structuredBody[1]/cda:component[12]/cda:section[1]/cda:title[1]/text()	1511	Диагноз	mapped	Composition/202d52a8-af92-5ef3-9a7e-d83305a85264#/section/11/title	copy
amb-map-1170	/cda:ClinicalDocument[1]/cda:component[1]/cda:structuredBody[1]/cda:component[12]/cda:section[1]/cda:entry[1]/cda:observation[1]/@classCode	1515	OBS	technical		CDA structural/type/dictionary-label metadata; exact value in trace/source
amb-map-1171	/cda:ClinicalDocument[1]/cda:component[1]/cda:structuredBody[1]/cda:component[12]/cda:section[1]/cda:entry[1]/cda:observation[1]/@moodCode	1515	EVN	technical		CDA structural/type/dictionary-label metadata; exact value in trace/source
amb-map-1172	/cda:ClinicalDocument[1]/cda:component[1]/cda:structuredBody[1]/cda:component[12]/cda:section[1]/cda:entry[1]/cda:observation[1]/cda:code[1]/@code	1517	1	mapped	Encounter/55c69e53-bab0-50e5-9280-036b4aa7cae9#/diagnosis/0/use/0/coding/0/code	copy
amb-map-1173	/cda:ClinicalDocument[1]/cda:component[1]/cda:structuredBody[1]/cda:component[12]/cda:section[1]/cda:entry[1]/cda:observation[1]/cda:code[1]/@codeSystem	1517	1.2.643.5.1.13.13.11.1077	mapped	Encounter/55c69e53-bab0-50e5-9280-036b4aa7cae9#/diagnosis/0/use/0/coding/0/system	OID -> canonical RuCore URI or urn:oid
amb-map-1174	/cda:ClinicalDocument[1]/cda:component[1]/cda:structuredBody[1]/cda:component[12]/cda:section[1]/cda:entry[1]/cda:observation[1]/cda:code[1]/@codeSystemName	1517	Виды нозологических единиц диагноза	technical		CDA structural/type/dictionary-label metadata; exact value in trace/source
amb-map-1175	/cda:ClinicalDocument[1]/cda:component[1]/cda:structuredBody[1]/cda:component[12]/cda:section[1]/cda:entry[1]/cda:observation[1]/cda:code[1]/@displayName	1517	Основное заболевание	mapped	Encounter/55c69e53-bab0-50e5-9280-036b4aa7cae9#/diagnosis/0/use/0/coding/0/display	copy
amb-map-1176	/cda:ClinicalDocument[1]/cda:component[1]/cda:structuredBody[1]/cda:component[12]/cda:section[1]/cda:entry[1]/cda:observation[1]/cda:code[1]/@codeSystemVersion	1517	2.1	mapped	Encounter/55c69e53-bab0-50e5-9280-036b4aa7cae9#/diagnosis/0/use/0/coding/0/version	Preserve NSI version when normalizing an alias of the same system
amb-map-1177	/cda:ClinicalDocument[1]/cda:component[1]/cda:structuredBody[1]/cda:component[12]/cda:section[1]/cda:entry[1]/cda:observation[1]/cda:text[1]/text()	1519	I11.9 ГБ II стадии. Неконтролируемая АГ. Нарушенная гликемия натощак. Дислипидемия. ГЛЖ. Риск 3 (высокий)	mapped	Condition/cbace82d-f1d6-5829-963e-3cb269315d49#/code/text	copy
amb-map-1178	/cda:ClinicalDocument[1]/cda:component[1]/cda:structuredBody[1]/cda:component[12]/cda:section[1]/cda:entry[1]/cda:observation[1]/cda:effectiveTime[1]/@value	1521	20230502	mapped	Condition/cbace82d-f1d6-5829-963e-3cb269315d49#/recordedDate	CDA TS -> FHIR temporal value (minute precision padded with :00)
amb-map-1179	/cda:ClinicalDocument[1]/cda:component[1]/cda:structuredBody[1]/cda:component[12]/cda:section[1]/cda:entry[1]/cda:observation[1]/cda:value[1]/@xsi:type	1523	CD	technical		CDA structural/type/dictionary-label metadata; exact value in trace/source
amb-map-1180	/cda:ClinicalDocument[1]/cda:component[1]/cda:structuredBody[1]/cda:component[12]/cda:section[1]/cda:entry[1]/cda:observation[1]/cda:value[1]/@codeSystem	1523	1.2.643.5.1.13.13.11.1005	mapped	Condition/cbace82d-f1d6-5829-963e-3cb269315d49#/code/coding/0/system	OID -> canonical RuCore URI or urn:oid
amb-map-1181	/cda:ClinicalDocument[1]/cda:component[1]/cda:structuredBody[1]/cda:component[12]/cda:section[1]/cda:entry[1]/cda:observation[1]/cda:value[1]/@codeSystemName	1523	Международная статистическая классификация болезней и проблем, связанных со здоровьем (10-й пересмотр)	technical		CDA structural/type/dictionary-label metadata; exact value in trace/source
amb-map-1182	/cda:ClinicalDocument[1]/cda:component[1]/cda:structuredBody[1]/cda:component[12]/cda:section[1]/cda:entry[1]/cda:observation[1]/cda:value[1]/@code	1523	I11.9	mapped	Condition/cbace82d-f1d6-5829-963e-3cb269315d49#/code/coding/0/code	copy
amb-map-1183	/cda:ClinicalDocument[1]/cda:component[1]/cda:structuredBody[1]/cda:component[12]/cda:section[1]/cda:entry[1]/cda:observation[1]/cda:value[1]/@codeSystemVersion	1523	2.24	mapped	Condition/cbace82d-f1d6-5829-963e-3cb269315d49#/code/coding/0/version	copy
amb-map-1184	/cda:ClinicalDocument[1]/cda:component[1]/cda:structuredBody[1]/cda:component[12]/cda:section[1]/cda:entry[1]/cda:observation[1]/cda:value[1]/@displayName	1523	Гипертензивная [гипертоническая] болезнь с преимущественным поражением сердца без (застойной) сердечной недостаточности	mapped	Condition/cbace82d-f1d6-5829-963e-3cb269315d49#/code/coding/0/display	copy
amb-map-1185	/cda:ClinicalDocument[1]/cda:component[1]/cda:structuredBody[1]/cda:component[12]/cda:section[1]/cda:entry[1]/cda:observation[1]/cda:entryRelationship[1]/@typeCode	1525	COMP	technical		CDA structural/type/dictionary-label metadata; exact value in trace/source
amb-map-1186	/cda:ClinicalDocument[1]/cda:component[1]/cda:structuredBody[1]/cda:component[12]/cda:section[1]/cda:entry[1]/cda:observation[1]/cda:entryRelationship[1]/cda:observation[1]/@classCode	1527	OBS	technical		CDA structural/type/dictionary-label metadata; exact value in trace/source
amb-map-1187	/cda:ClinicalDocument[1]/cda:component[1]/cda:structuredBody[1]/cda:component[12]/cda:section[1]/cda:entry[1]/cda:observation[1]/cda:entryRelationship[1]/cda:observation[1]/@moodCode	1527	EVN	technical		CDA structural/type/dictionary-label metadata; exact value in trace/source
amb-map-1188	/cda:ClinicalDocument[1]/cda:component[1]/cda:structuredBody[1]/cda:component[12]/cda:section[1]/cda:entry[1]/cda:observation[1]/cda:entryRelationship[1]/cda:observation[1]/cda:code[1]/@code	1529	7026	technical	Encounter/55c69e53-bab0-50e5-9280-036b4aa7cae9#/diagnosis/0/use/1	field discriminator: diagnosis justification
amb-map-1189	/cda:ClinicalDocument[1]/cda:component[1]/cda:structuredBody[1]/cda:component[12]/cda:section[1]/cda:entry[1]/cda:observation[1]/cda:entryRelationship[1]/cda:observation[1]/cda:code[1]/@codeSystem	1529	1.2.643.5.1.13.13.99.2.166	technical	Encounter/55c69e53-bab0-50e5-9280-036b4aa7cae9#/diagnosis/0/use/1	field discriminator: diagnosis justification
amb-map-1190	/cda:ClinicalDocument[1]/cda:component[1]/cda:structuredBody[1]/cda:component[12]/cda:section[1]/cda:entry[1]/cda:observation[1]/cda:entryRelationship[1]/cda:observation[1]/cda:code[1]/@codeSystemName	1529	Кодируемые поля CDA документов	technical	Encounter/55c69e53-bab0-50e5-9280-036b4aa7cae9#/diagnosis/0/use/1	field discriminator: diagnosis justification
amb-map-1191	/cda:ClinicalDocument[1]/cda:component[1]/cda:structuredBody[1]/cda:component[12]/cda:section[1]/cda:entry[1]/cda:observation[1]/cda:entryRelationship[1]/cda:observation[1]/cda:code[1]/@displayName	1529	Степень обоснованности диагноза	technical	Encounter/55c69e53-bab0-50e5-9280-036b4aa7cae9#/diagnosis/0/use/1	field discriminator: diagnosis justification
amb-map-1192	/cda:ClinicalDocument[1]/cda:component[1]/cda:structuredBody[1]/cda:component[12]/cda:section[1]/cda:entry[1]/cda:observation[1]/cda:entryRelationship[1]/cda:observation[1]/cda:code[1]/@codeSystemVersion	1529	5.27	technical	Encounter/55c69e53-bab0-50e5-9280-036b4aa7cae9#/diagnosis/0/use/1	field discriminator: diagnosis justification
amb-map-1193	/cda:ClinicalDocument[1]/cda:component[1]/cda:structuredBody[1]/cda:component[12]/cda:section[1]/cda:entry[1]/cda:observation[1]/cda:entryRelationship[1]/cda:observation[1]/cda:value[1]/@xsi:type	1531	CD	technical		CDA structural/type/dictionary-label metadata; exact value in trace/source
amb-map-1194	/cda:ClinicalDocument[1]/cda:component[1]/cda:structuredBody[1]/cda:component[12]/cda:section[1]/cda:entry[1]/cda:observation[1]/cda:entryRelationship[1]/cda:observation[1]/cda:value[1]/@code	1531	3	mapped	Encounter/55c69e53-bab0-50e5-9280-036b4aa7cae9#/diagnosis/0/use/1/coding/0/code	copy
amb-map-1195	/cda:ClinicalDocument[1]/cda:component[1]/cda:structuredBody[1]/cda:component[12]/cda:section[1]/cda:entry[1]/cda:observation[1]/cda:entryRelationship[1]/cda:observation[1]/cda:value[1]/@codeSystem	1531	1.2.643.5.1.13.13.99.2.795	mapped	Encounter/55c69e53-bab0-50e5-9280-036b4aa7cae9#/diagnosis/0/use/1/coding/0/system	OID -> canonical RuCore URI or urn:oid
amb-map-1196	/cda:ClinicalDocument[1]/cda:component[1]/cda:structuredBody[1]/cda:component[12]/cda:section[1]/cda:entry[1]/cda:observation[1]/cda:entryRelationship[1]/cda:observation[1]/cda:value[1]/@codeSystemName	1531	Степень обоснованности диагноза	technical		CDA structural/type/dictionary-label metadata; exact value in trace/source
amb-map-1197	/cda:ClinicalDocument[1]/cda:component[1]/cda:structuredBody[1]/cda:component[12]/cda:section[1]/cda:entry[1]/cda:observation[1]/cda:entryRelationship[1]/cda:observation[1]/cda:value[1]/@displayName	1531	Заключительный клинический диагноз	mapped	Encounter/55c69e53-bab0-50e5-9280-036b4aa7cae9#/diagnosis/0/use/1/coding/0/display	copy
amb-map-1198	/cda:ClinicalDocument[1]/cda:component[1]/cda:structuredBody[1]/cda:component[12]/cda:section[1]/cda:entry[1]/cda:observation[1]/cda:entryRelationship[1]/cda:observation[1]/cda:value[1]/@codeSystemVersion	1531	3.1	mapped	Encounter/55c69e53-bab0-50e5-9280-036b4aa7cae9#/diagnosis/0/use/1/coding/0/version	Preserve NSI version when normalizing an alias of the same system
amb-map-1199	/cda:ClinicalDocument[1]/cda:component[1]/cda:structuredBody[1]/cda:component[12]/cda:section[1]/cda:entry[1]/cda:observation[1]/cda:entryRelationship[2]/@typeCode	1535	COMP	technical		CDA structural/type/dictionary-label metadata; exact value in trace/source
amb-map-1200	/cda:ClinicalDocument[1]/cda:component[1]/cda:structuredBody[1]/cda:component[12]/cda:section[1]/cda:entry[1]/cda:observation[1]/cda:entryRelationship[2]/cda:observation[1]/@classCode	1537	OBS	technical		CDA structural/type/dictionary-label metadata; exact value in trace/source
amb-map-1201	/cda:ClinicalDocument[1]/cda:component[1]/cda:structuredBody[1]/cda:component[12]/cda:section[1]/cda:entry[1]/cda:observation[1]/cda:entryRelationship[2]/cda:observation[1]/@moodCode	1537	EVN	technical		CDA structural/type/dictionary-label metadata; exact value in trace/source
amb-map-1202	/cda:ClinicalDocument[1]/cda:component[1]/cda:structuredBody[1]/cda:component[12]/cda:section[1]/cda:entry[1]/cda:observation[1]/cda:entryRelationship[2]/cda:observation[1]/cda:code[1]/@code	1539	12014	mapped	Observation/e45165bb-251f-52f7-9363-45672a2cf927#/code/coding/0/code	copy
amb-map-1203	/cda:ClinicalDocument[1]/cda:component[1]/cda:structuredBody[1]/cda:component[12]/cda:section[1]/cda:entry[1]/cda:observation[1]/cda:entryRelationship[2]/cda:observation[1]/cda:code[1]/@codeSystem	1539	1.2.643.5.1.13.13.99.2.166	mapped	Observation/e45165bb-251f-52f7-9363-45672a2cf927#/code/coding/0/system	OID -> canonical RuCore URI or urn:oid
amb-map-1204	/cda:ClinicalDocument[1]/cda:component[1]/cda:structuredBody[1]/cda:component[12]/cda:section[1]/cda:entry[1]/cda:observation[1]/cda:entryRelationship[2]/cda:observation[1]/cda:code[1]/@codeSystemName	1539	Кодируемые поля CDA документов	technical		CDA structural/type/dictionary-label metadata; exact value in trace/source
amb-map-1205	/cda:ClinicalDocument[1]/cda:component[1]/cda:structuredBody[1]/cda:component[12]/cda:section[1]/cda:entry[1]/cda:observation[1]/cda:entryRelationship[2]/cda:observation[1]/cda:code[1]/@displayName	1539	Характер заболевания	mapped	Observation/e45165bb-251f-52f7-9363-45672a2cf927#/code/coding/0/display	copy
amb-map-1206	/cda:ClinicalDocument[1]/cda:component[1]/cda:structuredBody[1]/cda:component[12]/cda:section[1]/cda:entry[1]/cda:observation[1]/cda:entryRelationship[2]/cda:observation[1]/cda:code[1]/@codeSystemVersion	1539	5.27	mapped	Observation/e45165bb-251f-52f7-9363-45672a2cf927#/code/coding/0/version	copy
amb-map-1207	/cda:ClinicalDocument[1]/cda:component[1]/cda:structuredBody[1]/cda:component[12]/cda:section[1]/cda:entry[1]/cda:observation[1]/cda:entryRelationship[2]/cda:observation[1]/cda:value[1]/@xsi:type	1541	CD	technical		CDA structural/type/dictionary-label metadata; exact value in trace/source
amb-map-1208	/cda:ClinicalDocument[1]/cda:component[1]/cda:structuredBody[1]/cda:component[12]/cda:section[1]/cda:entry[1]/cda:observation[1]/cda:entryRelationship[2]/cda:observation[1]/cda:value[1]/@nullFlavor	1541	NI	mapped	Observation/e45165bb-251f-52f7-9363-45672a2cf927#/dataAbsentReason	CDA NullFlavor -> observation dataAbsentReason
amb-map-1209	/cda:ClinicalDocument[1]/cda:component[1]/cda:structuredBody[1]/cda:component[12]/cda:section[1]/cda:entry[2]/cda:observation[1]/@classCode	1552	OBS	technical		CDA structural/type/dictionary-label metadata; exact value in trace/source
amb-map-1210	/cda:ClinicalDocument[1]/cda:component[1]/cda:structuredBody[1]/cda:component[12]/cda:section[1]/cda:entry[2]/cda:observation[1]/@moodCode	1552	EVN	technical		CDA structural/type/dictionary-label metadata; exact value in trace/source
amb-map-1211	/cda:ClinicalDocument[1]/cda:component[1]/cda:structuredBody[1]/cda:component[12]/cda:section[1]/cda:entry[2]/cda:observation[1]/cda:code[1]/@codeSystem	1554	1.2.643.5.1.13.13.11.1077	mapped	Encounter/55c69e53-bab0-50e5-9280-036b4aa7cae9#/diagnosis/1/use/0/coding/0/system	OID -> canonical RuCore URI or urn:oid
amb-map-1212	/cda:ClinicalDocument[1]/cda:component[1]/cda:structuredBody[1]/cda:component[12]/cda:section[1]/cda:entry[2]/cda:observation[1]/cda:code[1]/@codeSystemName	1554	Виды нозологических единиц диагноза	technical		CDA structural/type/dictionary-label metadata; exact value in trace/source
amb-map-1213	/cda:ClinicalDocument[1]/cda:component[1]/cda:structuredBody[1]/cda:component[12]/cda:section[1]/cda:entry[2]/cda:observation[1]/cda:code[1]/@code	1554	2	mapped	Encounter/55c69e53-bab0-50e5-9280-036b4aa7cae9#/diagnosis/1/use/0/coding/0/code	copy
amb-map-1214	/cda:ClinicalDocument[1]/cda:component[1]/cda:structuredBody[1]/cda:component[12]/cda:section[1]/cda:entry[2]/cda:observation[1]/cda:code[1]/@codeSystemVersion	1554	2.1	mapped	Encounter/55c69e53-bab0-50e5-9280-036b4aa7cae9#/diagnosis/1/use/0/coding/0/version	Preserve NSI version when normalizing an alias of the same system
amb-map-1215	/cda:ClinicalDocument[1]/cda:component[1]/cda:structuredBody[1]/cda:component[12]/cda:section[1]/cda:entry[2]/cda:observation[1]/cda:code[1]/@displayName	1554	Осложнение основного заболевания	mapped	Encounter/55c69e53-bab0-50e5-9280-036b4aa7cae9#/diagnosis/1/use/0/coding/0/display	copy
amb-map-1216	/cda:ClinicalDocument[1]/cda:component[1]/cda:structuredBody[1]/cda:component[12]/cda:section[1]/cda:entry[2]/cda:observation[1]/cda:text[1]/text()	1556	H35.0 Гипертоническая ретинопатия	mapped	Condition/aa76add7-6f0a-53ab-95a8-05cf15815dc6#/code/text	copy
amb-map-1217	/cda:ClinicalDocument[1]/cda:component[1]/cda:structuredBody[1]/cda:component[12]/cda:section[1]/cda:entry[2]/cda:observation[1]/cda:effectiveTime[1]/@value	1558	20230502	mapped	Condition/aa76add7-6f0a-53ab-95a8-05cf15815dc6#/recordedDate	CDA TS -> FHIR temporal value (minute precision padded with :00)
amb-map-1218	/cda:ClinicalDocument[1]/cda:component[1]/cda:structuredBody[1]/cda:component[12]/cda:section[1]/cda:entry[2]/cda:observation[1]/cda:value[1]/@xsi:type	1560	CD	technical		CDA structural/type/dictionary-label metadata; exact value in trace/source
amb-map-1219	/cda:ClinicalDocument[1]/cda:component[1]/cda:structuredBody[1]/cda:component[12]/cda:section[1]/cda:entry[2]/cda:observation[1]/cda:value[1]/@codeSystem	1560	1.2.643.5.1.13.13.11.1005	mapped	Condition/aa76add7-6f0a-53ab-95a8-05cf15815dc6#/code/coding/0/system	OID -> canonical RuCore URI or urn:oid
amb-map-1220	/cda:ClinicalDocument[1]/cda:component[1]/cda:structuredBody[1]/cda:component[12]/cda:section[1]/cda:entry[2]/cda:observation[1]/cda:value[1]/@codeSystemName	1560	Международная статистическая классификация болезней и проблем, связанных со здоровьем (10-й пересмотр)	technical		CDA structural/type/dictionary-label metadata; exact value in trace/source
amb-map-1221	/cda:ClinicalDocument[1]/cda:component[1]/cda:structuredBody[1]/cda:component[12]/cda:section[1]/cda:entry[2]/cda:observation[1]/cda:value[1]/@code	1560	H35.0	mapped	Condition/aa76add7-6f0a-53ab-95a8-05cf15815dc6#/code/coding/0/code	copy
amb-map-1222	/cda:ClinicalDocument[1]/cda:component[1]/cda:structuredBody[1]/cda:component[12]/cda:section[1]/cda:entry[2]/cda:observation[1]/cda:value[1]/@codeSystemVersion	1560	2.24	mapped	Condition/aa76add7-6f0a-53ab-95a8-05cf15815dc6#/code/coding/0/version	copy
amb-map-1223	/cda:ClinicalDocument[1]/cda:component[1]/cda:structuredBody[1]/cda:component[12]/cda:section[1]/cda:entry[2]/cda:observation[1]/cda:value[1]/@displayName	1560	Фоновая ретинопатия и ретинальные сосудистые изменения	mapped	Condition/aa76add7-6f0a-53ab-95a8-05cf15815dc6#/code/coding/0/display	copy
amb-map-1224	/cda:ClinicalDocument[1]/cda:component[1]/cda:structuredBody[1]/cda:component[12]/cda:section[1]/cda:entry[2]/cda:observation[1]/cda:entryRelationship[1]/@typeCode	1562	COMP	technical		CDA structural/type/dictionary-label metadata; exact value in trace/source
amb-map-1225	/cda:ClinicalDocument[1]/cda:component[1]/cda:structuredBody[1]/cda:component[12]/cda:section[1]/cda:entry[2]/cda:observation[1]/cda:entryRelationship[1]/cda:observation[1]/@classCode	1564	OBS	technical		CDA structural/type/dictionary-label metadata; exact value in trace/source
amb-map-1226	/cda:ClinicalDocument[1]/cda:component[1]/cda:structuredBody[1]/cda:component[12]/cda:section[1]/cda:entry[2]/cda:observation[1]/cda:entryRelationship[1]/cda:observation[1]/@moodCode	1564	EVN	technical		CDA structural/type/dictionary-label metadata; exact value in trace/source
amb-map-1227	/cda:ClinicalDocument[1]/cda:component[1]/cda:structuredBody[1]/cda:component[12]/cda:section[1]/cda:entry[2]/cda:observation[1]/cda:entryRelationship[1]/cda:observation[1]/cda:code[1]/@code	1566	7026	technical	Encounter/55c69e53-bab0-50e5-9280-036b4aa7cae9#/diagnosis/1/use/1	field discriminator: diagnosis justification
amb-map-1228	/cda:ClinicalDocument[1]/cda:component[1]/cda:structuredBody[1]/cda:component[12]/cda:section[1]/cda:entry[2]/cda:observation[1]/cda:entryRelationship[1]/cda:observation[1]/cda:code[1]/@codeSystem	1566	1.2.643.5.1.13.13.99.2.166	technical	Encounter/55c69e53-bab0-50e5-9280-036b4aa7cae9#/diagnosis/1/use/1	field discriminator: diagnosis justification
amb-map-1229	/cda:ClinicalDocument[1]/cda:component[1]/cda:structuredBody[1]/cda:component[12]/cda:section[1]/cda:entry[2]/cda:observation[1]/cda:entryRelationship[1]/cda:observation[1]/cda:code[1]/@codeSystemName	1566	Кодируемые поля CDA документов	technical	Encounter/55c69e53-bab0-50e5-9280-036b4aa7cae9#/diagnosis/1/use/1	field discriminator: diagnosis justification
amb-map-1230	/cda:ClinicalDocument[1]/cda:component[1]/cda:structuredBody[1]/cda:component[12]/cda:section[1]/cda:entry[2]/cda:observation[1]/cda:entryRelationship[1]/cda:observation[1]/cda:code[1]/@displayName	1566	Степень обоснованности диагноза	technical	Encounter/55c69e53-bab0-50e5-9280-036b4aa7cae9#/diagnosis/1/use/1	field discriminator: diagnosis justification
amb-map-1231	/cda:ClinicalDocument[1]/cda:component[1]/cda:structuredBody[1]/cda:component[12]/cda:section[1]/cda:entry[2]/cda:observation[1]/cda:entryRelationship[1]/cda:observation[1]/cda:code[1]/@codeSystemVersion	1566	5.27	technical	Encounter/55c69e53-bab0-50e5-9280-036b4aa7cae9#/diagnosis/1/use/1	field discriminator: diagnosis justification
amb-map-1232	/cda:ClinicalDocument[1]/cda:component[1]/cda:structuredBody[1]/cda:component[12]/cda:section[1]/cda:entry[2]/cda:observation[1]/cda:entryRelationship[1]/cda:observation[1]/cda:value[1]/@xsi:type	1568	CD	technical		CDA structural/type/dictionary-label metadata; exact value in trace/source
amb-map-1233	/cda:ClinicalDocument[1]/cda:component[1]/cda:structuredBody[1]/cda:component[12]/cda:section[1]/cda:entry[2]/cda:observation[1]/cda:entryRelationship[1]/cda:observation[1]/cda:value[1]/@code	1568	3	mapped	Encounter/55c69e53-bab0-50e5-9280-036b4aa7cae9#/diagnosis/1/use/1/coding/0/code	copy
amb-map-1234	/cda:ClinicalDocument[1]/cda:component[1]/cda:structuredBody[1]/cda:component[12]/cda:section[1]/cda:entry[2]/cda:observation[1]/cda:entryRelationship[1]/cda:observation[1]/cda:value[1]/@codeSystem	1568	1.2.643.5.1.13.13.99.2.795	mapped	Encounter/55c69e53-bab0-50e5-9280-036b4aa7cae9#/diagnosis/1/use/1/coding/0/system	OID -> canonical RuCore URI or urn:oid
amb-map-1235	/cda:ClinicalDocument[1]/cda:component[1]/cda:structuredBody[1]/cda:component[12]/cda:section[1]/cda:entry[2]/cda:observation[1]/cda:entryRelationship[1]/cda:observation[1]/cda:value[1]/@codeSystemName	1568	Степень обоснованности диагноза	technical		CDA structural/type/dictionary-label metadata; exact value in trace/source
amb-map-1236	/cda:ClinicalDocument[1]/cda:component[1]/cda:structuredBody[1]/cda:component[12]/cda:section[1]/cda:entry[2]/cda:observation[1]/cda:entryRelationship[1]/cda:observation[1]/cda:value[1]/@displayName	1568	Заключительный клинический диагноз	mapped	Encounter/55c69e53-bab0-50e5-9280-036b4aa7cae9#/diagnosis/1/use/1/coding/0/display	copy
amb-map-1237	/cda:ClinicalDocument[1]/cda:component[1]/cda:structuredBody[1]/cda:component[12]/cda:section[1]/cda:entry[2]/cda:observation[1]/cda:entryRelationship[1]/cda:observation[1]/cda:value[1]/@codeSystemVersion	1568	3.1	mapped	Encounter/55c69e53-bab0-50e5-9280-036b4aa7cae9#/diagnosis/1/use/1/coding/0/version	Preserve NSI version when normalizing an alias of the same system
amb-map-1238	/cda:ClinicalDocument[1]/cda:component[1]/cda:structuredBody[1]/cda:component[12]/cda:section[1]/cda:entry[2]/cda:observation[1]/cda:entryRelationship[2]/@typeCode	1572	COMP	technical		CDA structural/type/dictionary-label metadata; exact value in trace/source
amb-map-1239	/cda:ClinicalDocument[1]/cda:component[1]/cda:structuredBody[1]/cda:component[12]/cda:section[1]/cda:entry[2]/cda:observation[1]/cda:entryRelationship[2]/cda:observation[1]/@classCode	1574	OBS	technical		CDA structural/type/dictionary-label metadata; exact value in trace/source
amb-map-1240	/cda:ClinicalDocument[1]/cda:component[1]/cda:structuredBody[1]/cda:component[12]/cda:section[1]/cda:entry[2]/cda:observation[1]/cda:entryRelationship[2]/cda:observation[1]/@moodCode	1574	EVN	technical		CDA structural/type/dictionary-label metadata; exact value in trace/source
amb-map-1241	/cda:ClinicalDocument[1]/cda:component[1]/cda:structuredBody[1]/cda:component[12]/cda:section[1]/cda:entry[2]/cda:observation[1]/cda:entryRelationship[2]/cda:observation[1]/cda:code[1]/@code	1576	12014	mapped	Observation/d857e8be-6b1a-5bf7-9050-16695c1f675f#/code/coding/0/code	copy
amb-map-1242	/cda:ClinicalDocument[1]/cda:component[1]/cda:structuredBody[1]/cda:component[12]/cda:section[1]/cda:entry[2]/cda:observation[1]/cda:entryRelationship[2]/cda:observation[1]/cda:code[1]/@codeSystem	1576	1.2.643.5.1.13.13.99.2.166	mapped	Observation/d857e8be-6b1a-5bf7-9050-16695c1f675f#/code/coding/0/system	OID -> canonical RuCore URI or urn:oid
amb-map-1243	/cda:ClinicalDocument[1]/cda:component[1]/cda:structuredBody[1]/cda:component[12]/cda:section[1]/cda:entry[2]/cda:observation[1]/cda:entryRelationship[2]/cda:observation[1]/cda:code[1]/@codeSystemName	1576	Кодируемые поля CDA документов	technical		CDA structural/type/dictionary-label metadata; exact value in trace/source
amb-map-1244	/cda:ClinicalDocument[1]/cda:component[1]/cda:structuredBody[1]/cda:component[12]/cda:section[1]/cda:entry[2]/cda:observation[1]/cda:entryRelationship[2]/cda:observation[1]/cda:code[1]/@displayName	1576	Характер заболевания	mapped	Observation/d857e8be-6b1a-5bf7-9050-16695c1f675f#/code/coding/0/display	copy
amb-map-1245	/cda:ClinicalDocument[1]/cda:component[1]/cda:structuredBody[1]/cda:component[12]/cda:section[1]/cda:entry[2]/cda:observation[1]/cda:entryRelationship[2]/cda:observation[1]/cda:code[1]/@codeSystemVersion	1576	5.27	mapped	Observation/d857e8be-6b1a-5bf7-9050-16695c1f675f#/code/coding/0/version	copy
amb-map-1246	/cda:ClinicalDocument[1]/cda:component[1]/cda:structuredBody[1]/cda:component[12]/cda:section[1]/cda:entry[2]/cda:observation[1]/cda:entryRelationship[2]/cda:observation[1]/cda:value[1]/@xsi:type	1578	CD	technical		CDA structural/type/dictionary-label metadata; exact value in trace/source
amb-map-1247	/cda:ClinicalDocument[1]/cda:component[1]/cda:structuredBody[1]/cda:component[12]/cda:section[1]/cda:entry[2]/cda:observation[1]/cda:entryRelationship[2]/cda:observation[1]/cda:value[1]/@code	1578	1	mapped	Observation/d857e8be-6b1a-5bf7-9050-16695c1f675f#/valueCodeableConcept/coding/0/code	copy
amb-map-1248	/cda:ClinicalDocument[1]/cda:component[1]/cda:structuredBody[1]/cda:component[12]/cda:section[1]/cda:entry[2]/cda:observation[1]/cda:entryRelationship[2]/cda:observation[1]/cda:value[1]/@codeSystem	1578	1.2.643.5.1.13.13.11.1049	mapped	Observation/d857e8be-6b1a-5bf7-9050-16695c1f675f#/valueCodeableConcept/coding/0/system	OID -> canonical RuCore URI or urn:oid
amb-map-1249	/cda:ClinicalDocument[1]/cda:component[1]/cda:structuredBody[1]/cda:component[12]/cda:section[1]/cda:entry[2]/cda:observation[1]/cda:entryRelationship[2]/cda:observation[1]/cda:value[1]/@codeSystemName	1578	Характер заболевания	technical		CDA structural/type/dictionary-label metadata; exact value in trace/source
amb-map-1250	/cda:ClinicalDocument[1]/cda:component[1]/cda:structuredBody[1]/cda:component[12]/cda:section[1]/cda:entry[2]/cda:observation[1]/cda:entryRelationship[2]/cda:observation[1]/cda:value[1]/@displayName	1578	Впервые в жизни установленное хроническое	mapped	Observation/d857e8be-6b1a-5bf7-9050-16695c1f675f#/valueCodeableConcept/coding/0/display	copy
amb-map-1251	/cda:ClinicalDocument[1]/cda:component[1]/cda:structuredBody[1]/cda:component[12]/cda:section[1]/cda:entry[2]/cda:observation[1]/cda:entryRelationship[2]/cda:observation[1]/cda:value[1]/@codeSystemVersion	1578	3.1	mapped	Observation/d857e8be-6b1a-5bf7-9050-16695c1f675f#/valueCodeableConcept/coding/0/version	copy
amb-map-1252	/cda:ClinicalDocument[1]/cda:component[1]/cda:structuredBody[1]/cda:component[13]/cda:section[1]/cda:code[1]/@code	1593	REGIME	mapped	Composition/202d52a8-af92-5ef3-9a7e-d83305a85264#/section/12/code/coding/0/code	copy
amb-map-1253	/cda:ClinicalDocument[1]/cda:component[1]/cda:structuredBody[1]/cda:component[13]/cda:section[1]/cda:code[1]/@codeSystem	1593	1.2.643.5.1.13.13.99.2.197	mapped	Composition/202d52a8-af92-5ef3-9a7e-d83305a85264#/section/12/code/coding/0/system	OID -> canonical RuCore URI or urn:oid
amb-map-1254	/cda:ClinicalDocument[1]/cda:component[1]/cda:structuredBody[1]/cda:component[13]/cda:section[1]/cda:code[1]/@codeSystemName	1593	Секции электронных медицинских документов	technical		CDA structural/type/dictionary-label metadata; exact value in trace/source
amb-map-1255	/cda:ClinicalDocument[1]/cda:component[1]/cda:structuredBody[1]/cda:component[13]/cda:section[1]/cda:code[1]/@displayName	1593	Режим и рекомендации	mapped	Composition/202d52a8-af92-5ef3-9a7e-d83305a85264#/section/12/code/coding/0/display	copy
amb-map-1256	/cda:ClinicalDocument[1]/cda:component[1]/cda:structuredBody[1]/cda:component[13]/cda:section[1]/cda:code[1]/@codeSystemVersion	1593	4.20	mapped	Composition/202d52a8-af92-5ef3-9a7e-d83305a85264#/section/12/code/coding/0/version	copy
amb-map-1257	/cda:ClinicalDocument[1]/cda:component[1]/cda:structuredBody[1]/cda:component[13]/cda:section[1]/cda:title[1]/text()	1595	Рекомендации по дальнейшему наблюдению, дообследованию и лечению	mapped	Composition/202d52a8-af92-5ef3-9a7e-d83305a85264#/section/12/title	copy
amb-map-1258	/cda:ClinicalDocument[1]/cda:component[1]/cda:structuredBody[1]/cda:component[13]/cda:section[1]/cda:entry[1]/cda:observation[1]/@classCode	1599	OBS	technical		CDA structural/type/dictionary-label metadata; exact value in trace/source
amb-map-1259	/cda:ClinicalDocument[1]/cda:component[1]/cda:structuredBody[1]/cda:component[13]/cda:section[1]/cda:entry[1]/cda:observation[1]/@moodCode	1599	EVN	technical		CDA structural/type/dictionary-label metadata; exact value in trace/source
amb-map-1260	/cda:ClinicalDocument[1]/cda:component[1]/cda:structuredBody[1]/cda:component[13]/cda:section[1]/cda:entry[1]/cda:observation[1]/cda:code[1]/@code	1601	7006	technical	CarePlan/671fb885-cb22-52c5-8fd1-d9fd611e0132#/description	CDA textual-description field discriminator
amb-map-1261	/cda:ClinicalDocument[1]/cda:component[1]/cda:structuredBody[1]/cda:component[13]/cda:section[1]/cda:entry[1]/cda:observation[1]/cda:code[1]/@codeSystem	1601	1.2.643.5.1.13.13.99.2.166	technical	CarePlan/671fb885-cb22-52c5-8fd1-d9fd611e0132#/description	CDA textual-description field discriminator
amb-map-1262	/cda:ClinicalDocument[1]/cda:component[1]/cda:structuredBody[1]/cda:component[13]/cda:section[1]/cda:entry[1]/cda:observation[1]/cda:code[1]/@codeSystemName	1601	Кодируемые поля CDA документов	technical	CarePlan/671fb885-cb22-52c5-8fd1-d9fd611e0132#/description	CDA textual-description field discriminator
amb-map-1263	/cda:ClinicalDocument[1]/cda:component[1]/cda:structuredBody[1]/cda:component[13]/cda:section[1]/cda:entry[1]/cda:observation[1]/cda:code[1]/@displayName	1601	Текстовое описание	technical	CarePlan/671fb885-cb22-52c5-8fd1-d9fd611e0132#/description	CDA textual-description field discriminator
amb-map-1264	/cda:ClinicalDocument[1]/cda:component[1]/cda:structuredBody[1]/cda:component[13]/cda:section[1]/cda:entry[1]/cda:observation[1]/cda:code[1]/@codeSystemVersion	1601	5.27	technical	CarePlan/671fb885-cb22-52c5-8fd1-d9fd611e0132#/description	CDA textual-description field discriminator
amb-map-1265	/cda:ClinicalDocument[1]/cda:component[1]/cda:structuredBody[1]/cda:component[13]/cda:section[1]/cda:entry[1]/cda:observation[1]/cda:value[1]/@xsi:type	1603	ST	technical		CDA structural/type/dictionary-label metadata; exact value in trace/source
amb-map-1266	/cda:ClinicalDocument[1]/cda:component[1]/cda:structuredBody[1]/cda:component[13]/cda:section[1]/cda:entry[1]/cda:observation[1]/cda:value[1]/text()	1603	Бисопролол (таблетки, 5 мг) 1 таблетка per os 1 раз в день в течение 1 недели, Стол №10	mapped	CarePlan/671fb885-cb22-52c5-8fd1-d9fd611e0132#/description	recommendation text retained; no drug/dose NLP
amb-map-1267	/cda:ClinicalDocument[1]/cda:component[1]/cda:structuredBody[1]/cda:component[14]/cda:section[1]/cda:code[1]/@code	1613	SERVICES	mapped	Composition/202d52a8-af92-5ef3-9a7e-d83305a85264#/section/13/code/coding/0/code	copy
amb-map-1268	/cda:ClinicalDocument[1]/cda:component[1]/cda:structuredBody[1]/cda:component[14]/cda:section[1]/cda:code[1]/@codeSystem	1613	1.2.643.5.1.13.13.99.2.197	mapped	Composition/202d52a8-af92-5ef3-9a7e-d83305a85264#/section/13/code/coding/0/system	OID -> canonical RuCore URI or urn:oid
amb-map-1269	/cda:ClinicalDocument[1]/cda:component[1]/cda:structuredBody[1]/cda:component[14]/cda:section[1]/cda:code[1]/@codeSystemName	1613	Секции электронных медицинских документов	technical		CDA structural/type/dictionary-label metadata; exact value in trace/source
amb-map-1270	/cda:ClinicalDocument[1]/cda:component[1]/cda:structuredBody[1]/cda:component[14]/cda:section[1]/cda:code[1]/@displayName	1613	Оказанные услуги	mapped	Composition/202d52a8-af92-5ef3-9a7e-d83305a85264#/section/13/code/coding/0/display	copy
amb-map-1271	/cda:ClinicalDocument[1]/cda:component[1]/cda:structuredBody[1]/cda:component[14]/cda:section[1]/cda:code[1]/@codeSystemVersion	1613	4.20	mapped	Composition/202d52a8-af92-5ef3-9a7e-d83305a85264#/section/13/code/coding/0/version	copy
amb-map-1272	/cda:ClinicalDocument[1]/cda:component[1]/cda:structuredBody[1]/cda:component[14]/cda:section[1]/cda:title[1]/text()	1615	Медицинские услуги	mapped	Composition/202d52a8-af92-5ef3-9a7e-d83305a85264#/section/13/title	copy
amb-map-1273	/cda:ClinicalDocument[1]/cda:component[1]/cda:structuredBody[1]/cda:component[14]/cda:section[1]/cda:entry[1]/cda:observation[1]/@classCode	1619	OBS	technical		CDA structural/type/dictionary-label metadata; exact value in trace/source
amb-map-1274	/cda:ClinicalDocument[1]/cda:component[1]/cda:structuredBody[1]/cda:component[14]/cda:section[1]/cda:entry[1]/cda:observation[1]/@moodCode	1619	EVN	technical		CDA structural/type/dictionary-label metadata; exact value in trace/source
amb-map-1275	/cda:ClinicalDocument[1]/cda:component[1]/cda:structuredBody[1]/cda:component[14]/cda:section[1]/cda:entry[1]/cda:observation[1]/cda:code[1]/@code	1621	831	transformed	Procedure/94e35c5f-4052-5c4a-9dea-f57c6051da38#/status	performed services section -> completed procedure
amb-map-1276	/cda:ClinicalDocument[1]/cda:component[1]/cda:structuredBody[1]/cda:component[14]/cda:section[1]/cda:entry[1]/cda:observation[1]/cda:code[1]/@codeSystem	1621	1.2.643.5.1.13.13.99.2.166	transformed	Procedure/94e35c5f-4052-5c4a-9dea-f57c6051da38#/status	performed services section -> completed procedure
amb-map-1277	/cda:ClinicalDocument[1]/cda:component[1]/cda:structuredBody[1]/cda:component[14]/cda:section[1]/cda:entry[1]/cda:observation[1]/cda:code[1]/@codeSystemName	1621	Кодируемые поля CDA документов	transformed	Procedure/94e35c5f-4052-5c4a-9dea-f57c6051da38#/status	performed services section -> completed procedure
amb-map-1278	/cda:ClinicalDocument[1]/cda:component[1]/cda:structuredBody[1]/cda:component[14]/cda:section[1]/cda:entry[1]/cda:observation[1]/cda:code[1]/@displayName	1621	Список выполненных медицинских услуг	transformed	Procedure/94e35c5f-4052-5c4a-9dea-f57c6051da38#/status	performed services section -> completed procedure
amb-map-1279	/cda:ClinicalDocument[1]/cda:component[1]/cda:structuredBody[1]/cda:component[14]/cda:section[1]/cda:entry[1]/cda:observation[1]/cda:code[1]/@codeSystemVersion	1621	5.27	transformed	Procedure/94e35c5f-4052-5c4a-9dea-f57c6051da38#/status	performed services section -> completed procedure
amb-map-1280	/cda:ClinicalDocument[1]/cda:component[1]/cda:structuredBody[1]/cda:component[14]/cda:section[1]/cda:entry[1]/cda:observation[1]/cda:effectiveTime[1]/cda:low[1]/@value	1626	202305021530+0300	mapped	Procedure/94e35c5f-4052-5c4a-9dea-f57c6051da38#/occurrencePeriod/start	CDA TS -> FHIR temporal value (minute precision padded with :00)
amb-map-1281	/cda:ClinicalDocument[1]/cda:component[1]/cda:structuredBody[1]/cda:component[14]/cda:section[1]/cda:entry[1]/cda:observation[1]/cda:effectiveTime[1]/cda:high[1]/@value	1628	202305021545+0300	mapped	Procedure/94e35c5f-4052-5c4a-9dea-f57c6051da38#/occurrencePeriod/end	CDA TS -> FHIR temporal value (minute precision padded with :00)
amb-map-1282	/cda:ClinicalDocument[1]/cda:component[1]/cda:structuredBody[1]/cda:component[14]/cda:section[1]/cda:entry[1]/cda:observation[1]/cda:performer[1]/cda:modeCode[1]/@codeSystem	1633	1.2.643.5.1.13.13.99.2.368	report-only		GAP: no structured rule; source retained
amb-map-1283	/cda:ClinicalDocument[1]/cda:component[1]/cda:structuredBody[1]/cda:component[14]/cda:section[1]/cda:entry[1]/cda:observation[1]/cda:performer[1]/cda:modeCode[1]/@codeSystemName	1633	Роли сотрудников при подписании медицинских документов, в том числе в электронном виде	technical		CDA structural/type/dictionary-label metadata; exact value in trace/source
amb-map-1284	/cda:ClinicalDocument[1]/cda:component[1]/cda:structuredBody[1]/cda:component[14]/cda:section[1]/cda:entry[1]/cda:observation[1]/cda:performer[1]/cda:modeCode[1]/@code	1633	AUTHOR	report-only		GAP: no structured rule; source retained
amb-map-1285	/cda:ClinicalDocument[1]/cda:component[1]/cda:structuredBody[1]/cda:component[14]/cda:section[1]/cda:entry[1]/cda:observation[1]/cda:performer[1]/cda:modeCode[1]/@codeSystemVersion	1633	2.7	report-only		GAP: no structured rule; source retained
amb-map-1286	/cda:ClinicalDocument[1]/cda:component[1]/cda:structuredBody[1]/cda:component[14]/cda:section[1]/cda:entry[1]/cda:observation[1]/cda:performer[1]/cda:modeCode[1]/@displayName	1633	Автор документа	report-only		GAP: no structured rule; source retained
amb-map-1287	/cda:ClinicalDocument[1]/cda:component[1]/cda:structuredBody[1]/cda:component[14]/cda:section[1]/cda:entry[1]/cda:observation[1]/cda:performer[1]/cda:assignedEntity[1]/cda:id[1]/@root	1637	1.2.643.5.1.13.13.12.2.77.7831.100.1.1.70	mapped	PractitionerRole/9a7e8992-5f3f-59b6-820d-7424f63687da#/identifier/0/system	OID namespace -> URI
amb-map-1288	/cda:ClinicalDocument[1]/cda:component[1]/cda:structuredBody[1]/cda:component[14]/cda:section[1]/cda:entry[1]/cda:observation[1]/cda:performer[1]/cda:assignedEntity[1]/cda:id[1]/@extension	1637	542174	mapped	PractitionerRole/9a7e8992-5f3f-59b6-820d-7424f63687da#/identifier/0/value	copy
amb-map-1289	/cda:ClinicalDocument[1]/cda:component[1]/cda:structuredBody[1]/cda:component[14]/cda:section[1]/cda:entry[1]/cda:observation[1]/cda:entryRelationship[1]/@typeCode	1641	COMP	technical		CDA structural/type/dictionary-label metadata; exact value in trace/source
amb-map-1290	/cda:ClinicalDocument[1]/cda:component[1]/cda:structuredBody[1]/cda:component[14]/cda:section[1]/cda:entry[1]/cda:observation[1]/cda:entryRelationship[1]/cda:observation[1]/@classCode	1643	OBS	technical		CDA structural/type/dictionary-label metadata; exact value in trace/source
amb-map-1291	/cda:ClinicalDocument[1]/cda:component[1]/cda:structuredBody[1]/cda:component[14]/cda:section[1]/cda:entry[1]/cda:observation[1]/cda:entryRelationship[1]/cda:observation[1]/@moodCode	1643	EVN	technical		CDA structural/type/dictionary-label metadata; exact value in trace/source
amb-map-1292	/cda:ClinicalDocument[1]/cda:component[1]/cda:structuredBody[1]/cda:component[14]/cda:section[1]/cda:entry[1]/cda:observation[1]/cda:entryRelationship[1]/cda:observation[1]/cda:code[1]/@code	1645	12168	report-only		GAP: no structured rule; source retained
amb-map-1293	/cda:ClinicalDocument[1]/cda:component[1]/cda:structuredBody[1]/cda:component[14]/cda:section[1]/cda:entry[1]/cda:observation[1]/cda:entryRelationship[1]/cda:observation[1]/cda:code[1]/@codeSystem	1645	1.2.643.5.1.13.13.99.2.166	report-only		GAP: no structured rule; source retained
amb-map-1294	/cda:ClinicalDocument[1]/cda:component[1]/cda:structuredBody[1]/cda:component[14]/cda:section[1]/cda:entry[1]/cda:observation[1]/cda:entryRelationship[1]/cda:observation[1]/cda:code[1]/@codeSystemName	1645	Кодируемые поля CDA документов	technical		CDA structural/type/dictionary-label metadata; exact value in trace/source
amb-map-1295	/cda:ClinicalDocument[1]/cda:component[1]/cda:structuredBody[1]/cda:component[14]/cda:section[1]/cda:entry[1]/cda:observation[1]/cda:entryRelationship[1]/cda:observation[1]/cda:code[1]/@displayName	1645	Код услуги	report-only		GAP: no structured rule; source retained
amb-map-1296	/cda:ClinicalDocument[1]/cda:component[1]/cda:structuredBody[1]/cda:component[14]/cda:section[1]/cda:entry[1]/cda:observation[1]/cda:entryRelationship[1]/cda:observation[1]/cda:code[1]/@codeSystemVersion	1645	5.27	report-only		GAP: no structured rule; source retained
amb-map-1297	/cda:ClinicalDocument[1]/cda:component[1]/cda:structuredBody[1]/cda:component[14]/cda:section[1]/cda:entry[1]/cda:observation[1]/cda:entryRelationship[1]/cda:observation[1]/cda:value[1]/@xsi:type	1647	CD	technical		CDA structural/type/dictionary-label metadata; exact value in trace/source
amb-map-1298	/cda:ClinicalDocument[1]/cda:component[1]/cda:structuredBody[1]/cda:component[14]/cda:section[1]/cda:entry[1]/cda:observation[1]/cda:entryRelationship[1]/cda:observation[1]/cda:value[1]/@code	1647	B01.015.002	mapped	Procedure/94e35c5f-4052-5c4a-9dea-f57c6051da38#/code/coding/0/code; Procedure/94e35c5f-4052-5c4a-9dea-f57c6051da38#/code/coding/1/code	retain original NSI coding alongside canonical RuCore coding
amb-map-1299	/cda:ClinicalDocument[1]/cda:component[1]/cda:structuredBody[1]/cda:component[14]/cda:section[1]/cda:entry[1]/cda:observation[1]/cda:entryRelationship[1]/cda:observation[1]/cda:value[1]/@codeSystem	1647	1.2.643.5.1.13.13.11.1070	mapped	Procedure/94e35c5f-4052-5c4a-9dea-f57c6051da38#/code/coding/0/system; Procedure/94e35c5f-4052-5c4a-9dea-f57c6051da38#/code/coding/1/system	retain original NSI coding alongside canonical RuCore coding
amb-map-1300	/cda:ClinicalDocument[1]/cda:component[1]/cda:structuredBody[1]/cda:component[14]/cda:section[1]/cda:entry[1]/cda:observation[1]/cda:entryRelationship[1]/cda:observation[1]/cda:value[1]/@codeSystemName	1647	Номенклатура медицинских услуг	technical		CDA structural/type/dictionary-label metadata; exact value in trace/source
amb-map-1301	/cda:ClinicalDocument[1]/cda:component[1]/cda:structuredBody[1]/cda:component[14]/cda:section[1]/cda:entry[1]/cda:observation[1]/cda:entryRelationship[1]/cda:observation[1]/cda:value[1]/@displayName	1647	Прием (осмотр, консультация) врача-кардиолога повторный	mapped	Procedure/94e35c5f-4052-5c4a-9dea-f57c6051da38#/code/coding/0/display; Procedure/94e35c5f-4052-5c4a-9dea-f57c6051da38#/code/coding/1/display	retain original NSI coding alongside canonical RuCore coding
amb-map-1302	/cda:ClinicalDocument[1]/cda:component[1]/cda:structuredBody[1]/cda:component[14]/cda:section[1]/cda:entry[1]/cda:observation[1]/cda:entryRelationship[1]/cda:observation[1]/cda:value[1]/@codeSystemVersion	1647	2.10	mapped	Procedure/94e35c5f-4052-5c4a-9dea-f57c6051da38#/code/coding/1/version	NSI edition belongs to source OID coding
amb-map-1303	/cda:ClinicalDocument[1]/cda:component[1]/cda:structuredBody[1]/cda:component[15]/cda:section[1]/cda:code[1]/@code	1659	LINKDOCS	mapped	Composition/202d52a8-af92-5ef3-9a7e-d83305a85264#/section/14/code/coding/0/code	copy
amb-map-1304	/cda:ClinicalDocument[1]/cda:component[1]/cda:structuredBody[1]/cda:component[15]/cda:section[1]/cda:code[1]/@codeSystem	1659	1.2.643.5.1.13.13.99.2.197	mapped	Composition/202d52a8-af92-5ef3-9a7e-d83305a85264#/section/14/code/coding/0/system	OID -> canonical RuCore URI or urn:oid
amb-map-1305	/cda:ClinicalDocument[1]/cda:component[1]/cda:structuredBody[1]/cda:component[15]/cda:section[1]/cda:code[1]/@codeSystemName	1659	Секции электронных медицинских документов	technical		CDA structural/type/dictionary-label metadata; exact value in trace/source
amb-map-1306	/cda:ClinicalDocument[1]/cda:component[1]/cda:structuredBody[1]/cda:component[15]/cda:section[1]/cda:code[1]/@displayName	1659	Связанные документы	mapped	Composition/202d52a8-af92-5ef3-9a7e-d83305a85264#/section/14/code/coding/0/display	copy
amb-map-1307	/cda:ClinicalDocument[1]/cda:component[1]/cda:structuredBody[1]/cda:component[15]/cda:section[1]/cda:code[1]/@codeSystemVersion	1659	4.20	mapped	Composition/202d52a8-af92-5ef3-9a7e-d83305a85264#/section/14/code/coding/0/version	copy
amb-map-1308	/cda:ClinicalDocument[1]/cda:component[1]/cda:structuredBody[1]/cda:component[15]/cda:section[1]/cda:title[1]/text()	1661	Связанные документы	mapped	Composition/202d52a8-af92-5ef3-9a7e-d83305a85264#/section/14/title	copy
amb-map-1309	/cda:ClinicalDocument[1]/cda:component[1]/cda:structuredBody[1]/cda:component[15]/cda:section[1]/cda:entry[1]/cda:act[1]/@classCode	1665	ACT	technical		CDA structural/type/dictionary-label metadata; exact value in trace/source
amb-map-1310	/cda:ClinicalDocument[1]/cda:component[1]/cda:structuredBody[1]/cda:component[15]/cda:section[1]/cda:entry[1]/cda:act[1]/@moodCode	1665	EVN	technical		CDA structural/type/dictionary-label metadata; exact value in trace/source
amb-map-1311	/cda:ClinicalDocument[1]/cda:component[1]/cda:structuredBody[1]/cda:component[15]/cda:section[1]/cda:entry[1]/cda:act[1]/cda:code[1]/@codeSystem	1667	1.2.643.5.1.13.13.11.1522	mapped	DocumentReference/f9ad04dc-a748-5ad4-a5dd-8bd96a9f6821#/type/coding/0/system	OID -> canonical RuCore URI or urn:oid
amb-map-1312	/cda:ClinicalDocument[1]/cda:component[1]/cda:structuredBody[1]/cda:component[15]/cda:section[1]/cda:entry[1]/cda:act[1]/cda:code[1]/@codeSystemName	1667	Виды медицинской документации	technical		CDA structural/type/dictionary-label metadata; exact value in trace/source
amb-map-1313	/cda:ClinicalDocument[1]/cda:component[1]/cda:structuredBody[1]/cda:component[15]/cda:section[1]/cda:entry[1]/cda:act[1]/cda:code[1]/@code	1667	213	mapped	DocumentReference/f9ad04dc-a748-5ad4-a5dd-8bd96a9f6821#/type/coding/0/code	copy
amb-map-1314	/cda:ClinicalDocument[1]/cda:component[1]/cda:structuredBody[1]/cda:component[15]/cda:section[1]/cda:entry[1]/cda:act[1]/cda:code[1]/@displayName	1667	Листок нетрудоспособности	mapped	DocumentReference/f9ad04dc-a748-5ad4-a5dd-8bd96a9f6821#/type/coding/0/display	copy
amb-map-1315	/cda:ClinicalDocument[1]/cda:component[1]/cda:structuredBody[1]/cda:component[15]/cda:section[1]/cda:entry[1]/cda:act[1]/cda:code[1]/@codeSystemVersion	1667	7.19	mapped	DocumentReference/f9ad04dc-a748-5ad4-a5dd-8bd96a9f6821#/type/coding/0/version	copy
amb-map-1316	/cda:ClinicalDocument[1]/cda:component[1]/cda:structuredBody[1]/cda:component[15]/cda:section[1]/cda:entry[1]/cda:act[1]/cda:text[1]/text()	1669	Период освобождения от работы: с 02.05.2023 по 10.02.2023	mapped	DocumentReference/f9ad04dc-a748-5ad4-a5dd-8bd96a9f6821#/description	copy
amb-map-1317	/cda:ClinicalDocument[1]/cda:component[1]/cda:structuredBody[1]/cda:component[15]/cda:section[1]/cda:entry[1]/cda:act[1]/cda:effectiveTime[1]/@value	1671	20230502	report-only		GAP: no structured rule; source retained
amb-map-1318	/cda:ClinicalDocument[1]/cda:component[1]/cda:structuredBody[1]/cda:component[15]/cda:section[1]/cda:entry[1]/cda:act[1]/cda:entryRelationship[1]/@typeCode	1674	COMP	technical		CDA structural/type/dictionary-label metadata; exact value in trace/source
amb-map-1319	/cda:ClinicalDocument[1]/cda:component[1]/cda:structuredBody[1]/cda:component[15]/cda:section[1]/cda:entry[1]/cda:act[1]/cda:entryRelationship[1]/cda:observation[1]/@classCode	1676	OBS	technical		CDA structural/type/dictionary-label metadata; exact value in trace/source
amb-map-1320	/cda:ClinicalDocument[1]/cda:component[1]/cda:structuredBody[1]/cda:component[15]/cda:section[1]/cda:entry[1]/cda:act[1]/cda:entryRelationship[1]/cda:observation[1]/@moodCode	1676	EVN	technical		CDA structural/type/dictionary-label metadata; exact value in trace/source
amb-map-1321	/cda:ClinicalDocument[1]/cda:component[1]/cda:structuredBody[1]/cda:component[15]/cda:section[1]/cda:entry[1]/cda:act[1]/cda:entryRelationship[1]/cda:observation[1]/cda:code[1]/@code	1678	11003	mapped	Observation/beec3913-ffe8-57ad-a45e-ca64e05eaccb#/code/coding/0/code	copy
amb-map-1322	/cda:ClinicalDocument[1]/cda:component[1]/cda:structuredBody[1]/cda:component[15]/cda:section[1]/cda:entry[1]/cda:act[1]/cda:entryRelationship[1]/cda:observation[1]/cda:code[1]/@codeSystem	1678	1.2.643.5.1.13.13.99.2.166	mapped	Observation/beec3913-ffe8-57ad-a45e-ca64e05eaccb#/code/coding/0/system	OID -> canonical RuCore URI or urn:oid
amb-map-1323	/cda:ClinicalDocument[1]/cda:component[1]/cda:structuredBody[1]/cda:component[15]/cda:section[1]/cda:entry[1]/cda:act[1]/cda:entryRelationship[1]/cda:observation[1]/cda:code[1]/@codeSystemName	1678	Кодируемые поля CDA документов	technical		CDA structural/type/dictionary-label metadata; exact value in trace/source
amb-map-1324	/cda:ClinicalDocument[1]/cda:component[1]/cda:structuredBody[1]/cda:component[15]/cda:section[1]/cda:entry[1]/cda:act[1]/cda:entryRelationship[1]/cda:observation[1]/cda:code[1]/@displayName	1678	Номер документа	mapped	Observation/beec3913-ffe8-57ad-a45e-ca64e05eaccb#/code/coding/0/display	copy
amb-map-1325	/cda:ClinicalDocument[1]/cda:component[1]/cda:structuredBody[1]/cda:component[15]/cda:section[1]/cda:entry[1]/cda:act[1]/cda:entryRelationship[1]/cda:observation[1]/cda:code[1]/@codeSystemVersion	1678	5.27	mapped	Observation/beec3913-ffe8-57ad-a45e-ca64e05eaccb#/code/coding/0/version	copy
amb-map-1326	/cda:ClinicalDocument[1]/cda:component[1]/cda:structuredBody[1]/cda:component[15]/cda:section[1]/cda:entry[1]/cda:act[1]/cda:entryRelationship[1]/cda:observation[1]/cda:value[1]/@xsi:type	1680	ST	technical		CDA structural/type/dictionary-label metadata; exact value in trace/source
amb-map-1327	/cda:ClinicalDocument[1]/cda:component[1]/cda:structuredBody[1]/cda:component[15]/cda:section[1]/cda:entry[1]/cda:act[1]/cda:entryRelationship[1]/cda:observation[1]/cda:value[1]/text()	1680	134789650000	mapped	Observation/beec3913-ffe8-57ad-a45e-ca64e05eaccb#/valueString	copy
amb-map-1328	/cda:ClinicalDocument[1]/cda:component[1]/cda:structuredBody[1]/cda:component[15]/cda:section[1]/cda:entry[1]/cda:act[1]/cda:entryRelationship[2]/@typeCode	1684	COMP	technical		CDA structural/type/dictionary-label metadata; exact value in trace/source
amb-map-1329	/cda:ClinicalDocument[1]/cda:component[1]/cda:structuredBody[1]/cda:component[15]/cda:section[1]/cda:entry[1]/cda:act[1]/cda:entryRelationship[2]/cda:observation[1]/@classCode	1686	OBS	technical		CDA structural/type/dictionary-label metadata; exact value in trace/source
amb-map-1330	/cda:ClinicalDocument[1]/cda:component[1]/cda:structuredBody[1]/cda:component[15]/cda:section[1]/cda:entry[1]/cda:act[1]/cda:entryRelationship[2]/cda:observation[1]/@moodCode	1686	EVN	technical		CDA structural/type/dictionary-label metadata; exact value in trace/source
amb-map-1331	/cda:ClinicalDocument[1]/cda:component[1]/cda:structuredBody[1]/cda:component[15]/cda:section[1]/cda:entry[1]/cda:act[1]/cda:entryRelationship[2]/cda:observation[1]/cda:code[1]/@code	1688	6058	mapped	Observation/106fb573-c75a-50a5-a2d6-fc6acbb2b762#/code/coding/0/code	copy
amb-map-1332	/cda:ClinicalDocument[1]/cda:component[1]/cda:structuredBody[1]/cda:component[15]/cda:section[1]/cda:entry[1]/cda:act[1]/cda:entryRelationship[2]/cda:observation[1]/cda:code[1]/@codeSystem	1688	1.2.643.5.1.13.13.99.2.166	mapped	Observation/106fb573-c75a-50a5-a2d6-fc6acbb2b762#/code/coding/0/system	OID -> canonical RuCore URI or urn:oid
amb-map-1333	/cda:ClinicalDocument[1]/cda:component[1]/cda:structuredBody[1]/cda:component[15]/cda:section[1]/cda:entry[1]/cda:act[1]/cda:entryRelationship[2]/cda:observation[1]/cda:code[1]/@codeSystemName	1688	Кодируемые поля CDA документов	technical		CDA structural/type/dictionary-label metadata; exact value in trace/source
amb-map-1334	/cda:ClinicalDocument[1]/cda:component[1]/cda:structuredBody[1]/cda:component[15]/cda:section[1]/cda:entry[1]/cda:act[1]/cda:entryRelationship[2]/cda:observation[1]/cda:code[1]/@displayName	1688	Форма документа	mapped	Observation/106fb573-c75a-50a5-a2d6-fc6acbb2b762#/code/coding/0/display	copy
amb-map-1335	/cda:ClinicalDocument[1]/cda:component[1]/cda:structuredBody[1]/cda:component[15]/cda:section[1]/cda:entry[1]/cda:act[1]/cda:entryRelationship[2]/cda:observation[1]/cda:code[1]/@codeSystemVersion	1688	5.27	mapped	Observation/106fb573-c75a-50a5-a2d6-fc6acbb2b762#/code/coding/0/version	copy
amb-map-1336	/cda:ClinicalDocument[1]/cda:component[1]/cda:structuredBody[1]/cda:component[15]/cda:section[1]/cda:entry[1]/cda:act[1]/cda:entryRelationship[2]/cda:observation[1]/cda:value[1]/@xsi:type	1690	CD	technical		CDA structural/type/dictionary-label metadata; exact value in trace/source
amb-map-1337	/cda:ClinicalDocument[1]/cda:component[1]/cda:structuredBody[1]/cda:component[15]/cda:section[1]/cda:entry[1]/cda:act[1]/cda:entryRelationship[2]/cda:observation[1]/cda:value[1]/@code	1690	2	mapped	Observation/106fb573-c75a-50a5-a2d6-fc6acbb2b762#/valueCodeableConcept/coding/0/code	copy
amb-map-1338	/cda:ClinicalDocument[1]/cda:component[1]/cda:structuredBody[1]/cda:component[15]/cda:section[1]/cda:entry[1]/cda:act[1]/cda:entryRelationship[2]/cda:observation[1]/cda:value[1]/@codeSystem	1690	1.2.643.5.1.13.13.99.2.1008	mapped	Observation/106fb573-c75a-50a5-a2d6-fc6acbb2b762#/valueCodeableConcept/coding/0/system	OID -> canonical RuCore URI or urn:oid
amb-map-1339	/cda:ClinicalDocument[1]/cda:component[1]/cda:structuredBody[1]/cda:component[15]/cda:section[1]/cda:entry[1]/cda:act[1]/cda:entryRelationship[2]/cda:observation[1]/cda:value[1]/@codeSystemName	1690	Формы документов	technical		CDA structural/type/dictionary-label metadata; exact value in trace/source
amb-map-1340	/cda:ClinicalDocument[1]/cda:component[1]/cda:structuredBody[1]/cda:component[15]/cda:section[1]/cda:entry[1]/cda:act[1]/cda:entryRelationship[2]/cda:observation[1]/cda:value[1]/@displayName	1690	Бумажная	mapped	Observation/106fb573-c75a-50a5-a2d6-fc6acbb2b762#/valueCodeableConcept/coding/0/display	copy
amb-map-1341	/cda:ClinicalDocument[1]/cda:component[1]/cda:structuredBody[1]/cda:component[15]/cda:section[1]/cda:entry[1]/cda:act[1]/cda:entryRelationship[2]/cda:observation[1]/cda:value[1]/@codeSystemVersion	1690	1.1	mapped	Observation/106fb573-c75a-50a5-a2d6-fc6acbb2b762#/valueCodeableConcept/coding/0/version	copy
amb-map-1342	/cda:ClinicalDocument[1]/cda:component[1]/cda:structuredBody[1]/cda:component[15]/cda:section[1]/cda:entry[1]/cda:act[1]/cda:reference[1]/@typeCode	1694	REFR	technical		CDA structural/type/dictionary-label metadata; exact value in trace/source
amb-map-1343	/cda:ClinicalDocument[1]/cda:component[1]/cda:structuredBody[1]/cda:component[15]/cda:section[1]/cda:entry[1]/cda:act[1]/cda:reference[1]/cda:externalDocument[1]/@classCode	1696	DOCCLIN	technical		CDA structural/type/dictionary-label metadata; exact value in trace/source
amb-map-1344	/cda:ClinicalDocument[1]/cda:component[1]/cda:structuredBody[1]/cda:component[15]/cda:section[1]/cda:entry[1]/cda:act[1]/cda:reference[1]/cda:externalDocument[1]/@moodCode	1696	EVN	technical		CDA structural/type/dictionary-label metadata; exact value in trace/source
amb-map-1345	/cda:ClinicalDocument[1]/cda:component[1]/cda:structuredBody[1]/cda:component[15]/cda:section[1]/cda:entry[1]/cda:act[1]/cda:reference[1]/cda:externalDocument[1]/cda:id[1]/@root	1698	1.2.643.5.1.13.13.12.2.77.7831.100.1.1.51	mapped	DocumentReference/f9ad04dc-a748-5ad4-a5dd-8bd96a9f6821#/identifier/0/system	OID namespace -> URI
amb-map-1346	/cda:ClinicalDocument[1]/cda:component[1]/cda:structuredBody[1]/cda:component[15]/cda:section[1]/cda:entry[1]/cda:act[1]/cda:reference[1]/cda:externalDocument[1]/cda:id[1]/@extension	1698	134789650000	mapped	DocumentReference/f9ad04dc-a748-5ad4-a5dd-8bd96a9f6821#/identifier/0/value	copy
amb-map-1347	/cda:ClinicalDocument[1]/cda:component[1]/cda:structuredBody[1]/cda:component[15]/cda:section[1]/cda:entry[1]/cda:act[1]/cda:reference[1]/cda:externalDocument[1]/cda:id[2]/@nullFlavor	1700	NI	mapped	DocumentReference/f9ad04dc-a748-5ad4-a5dd-8bd96a9f6821#/identifier/1/_value/extension	absent source identifier value
